# https://github.com/mikedh/trimesh
mtllib material.mtl
usemtl material_0
v -0.19570313 0.28564453 0.00003594
v -0.30000000 0.14443359 0.00003223
v -0.18808594 0.05185547 0.00004642
v -0.20273437 -0.30966797 0.00003431
v -0.17050781 -0.33544922 0.00003298
v -0.13300781 -0.32255859 0.00003432
v -0.07851562 -0.33486328 0.00003338
v -0.04042969 -0.31552734 0.00003572
v 0.04628906 -0.33603516 0.00003332
v 0.09257812 -0.31728516 0.00003520
v 0.21972656 -0.34541016 0.00003223
v 0.23085937 -0.33076172 0.00003284
v 0.21972656 0.03837891 0.00004276
v 0.29941406 0.09873047 0.00003223
v 0.29941406 0.16728516 0.00003223
v 0.21210937 0.27802734 0.00003577
v 0.07382812 0.34599609 0.00003223
v 0.00527344 0.33017578 0.00003412
v -0.07207031 0.34599609 0.00003223
v 0.07382812 0.34599609 0.00003223
v -0.09375000 0.33310547 0.00003359
v -0.08085937 0.33310547 0.00003363
v -0.06796875 0.33310547 0.00003367
v -0.05507812 0.33310547 0.00003371
v -0.04218750 0.33310547 0.00003373
v -0.02929688 0.33310547 0.00003375
v -0.01640625 0.33310547 0.00003376
v 0.02226563 0.33310547 0.00003376
v 0.03515625 0.33310547 0.00003374
v 0.04804687 0.33310547 0.00003372
v 0.06093750 0.33310547 0.00003369
v 0.07382812 0.33310547 0.00003366
v 0.08671875 0.33310547 0.00003361
v 0.09960938 0.33310547 0.00003356
v -0.11953125 0.32021484 0.00003473
v -0.10664063 0.32021484 0.00003484
v -0.09375000 0.32021484 0.00003495
v -0.08085937 0.32021484 0.00003504
v -0.06796875 0.32021484 0.00003512
v -0.05507812 0.32021484 0.00003518
v -0.04218750 0.32021484 0.00003523
v -0.02929688 0.32021484 0.00003527
v -0.01640625 0.32021484 0.00003530
v -0.00351562 0.32021484 0.00003531
v 0.00937500 0.32021484 0.00003530
v 0.02226563 0.32021484 0.00003529
v 0.03515625 0.32021484 0.00003526
v 0.04804687 0.32021484 0.00003521
v 0.06093750 0.32021484 0.00003515
v 0.07382812 0.32021484 0.00003508
v 0.08671875 0.32021484 0.00003499
v 0.09960938 0.32021484 0.00003490
v 0.11250000 0.32021484 0.00003479
v 0.12539063 0.32021484 0.00003466
v -0.14531250 0.30732422 0.00003557
v -0.13242187 0.30732422 0.00003577
v -0.11953125 0.30732422 0.00003596
v -0.10664063 0.30732422 0.00003614
v -0.09375000 0.30732422 0.00003629
v -0.08085937 0.30732422 0.00003643
v -0.06796875 0.30732422 0.00003655
v -0.05507812 0.30732422 0.00003665
v -0.04218750 0.30732422 0.00003673
v -0.02929688 0.30732422 0.00003678
v -0.01640625 0.30732422 0.00003682
v -0.00351562 0.30732422 0.00003684
v 0.00937500 0.30732422 0.00003683
v 0.02226563 0.30732422 0.00003680
v 0.03515625 0.30732422 0.00003676
v 0.04804687 0.30732422 0.00003669
v 0.06093750 0.30732422 0.00003660
v 0.07382812 0.30732422 0.00003649
v 0.08671875 0.30732422 0.00003636
v 0.09960938 0.30732422 0.00003622
v 0.11250000 0.30732422 0.00003605
v 0.12539063 0.30732422 0.00003587
v 0.13828125 0.30732422 0.00003567
v 0.15117187 0.30732422 0.00003546
v -0.17109375 0.29443359 0.00003605
v -0.15820312 0.29443359 0.00003637
v -0.14531250 0.29443359 0.00003666
v -0.13242187 0.29443359 0.00003694
v -0.11953125 0.29443359 0.00003719
v -0.10664063 0.29443359 0.00003742
v -0.09375000 0.29443359 0.00003763
v -0.08085937 0.29443359 0.00003781
v -0.06796875 0.29443359 0.00003797
v -0.05507812 0.29443359 0.00003810
v -0.04218750 0.29443359 0.00003820
v -0.02929688 0.29443359 0.00003828
v -0.01640625 0.29443359 0.00003833
v -0.00351562 0.29443359 0.00003835
v 0.00937500 0.29443359 0.00003834
v 0.02226563 0.29443359 0.00003830
v 0.03515625 0.29443359 0.00003824
v 0.04804687 0.29443359 0.00003815
v 0.06093750 0.29443359 0.00003804
v 0.07382812 0.29443359 0.00003789
v 0.08671875 0.29443359 0.00003772
v 0.09960938 0.29443359 0.00003753
v 0.11250000 0.29443359 0.00003731
v 0.12539063 0.29443359 0.00003707
v 0.13828125 0.29443359 0.00003680
v 0.15117187 0.29443359 0.00003652
v 0.16406250 0.29443359 0.00003621
v 0.17695312 0.29443359 0.00003589
v -0.19687500 0.28154297 0.00003614
v -0.18398438 0.28154297 0.00003658
v -0.17109375 0.28154297 0.00003699
v -0.15820312 0.28154297 0.00003738
v -0.14531250 0.28154297 0.00003774
v -0.13242187 0.28154297 0.00003809
v -0.11953125 0.28154297 0.00003840
v -0.10664063 0.28154297 0.00003869
v -0.09375000 0.28154297 0.00003894
v -0.08085937 0.28154297 0.00003917
v -0.06796875 0.28154297 0.00003936
v -0.05507812 0.28154297 0.00003953
v -0.04218750 0.28154297 0.00003966
v -0.02929688 0.28154297 0.00003975
v -0.01640625 0.28154297 0.00003981
v -0.00351562 0.28154297 0.00003984
v 0.00937500 0.28154297 0.00003983
v 0.02226563 0.28154297 0.00003979
v 0.03515625 0.28154297 0.00003971
v 0.04804687 0.28154297 0.00003960
v 0.06093750 0.28154297 0.00003945
v 0.07382812 0.28154297 0.00003927
v 0.08671875 0.28154297 0.00003906
v 0.09960938 0.28154297 0.00003882
v 0.11250000 0.28154297 0.00003855
v 0.12539063 0.28154297 0.00003825
v 0.13828125 0.28154297 0.00003792
v 0.15117187 0.28154297 0.00003756
v 0.16406250 0.28154297 0.00003718
v 0.17695312 0.28154297 0.00003678
v 0.18984375 0.28154297 0.00003636
v 0.20273437 0.28154297 0.00003592
v -0.19687500 0.26865234 0.00003690
v -0.18398438 0.26865234 0.00003741
v -0.17109375 0.26865234 0.00003790
v -0.15820312 0.26865234 0.00003837
v -0.14531250 0.26865234 0.00003881
v -0.13242187 0.26865234 0.00003921
v -0.11953125 0.26865234 0.00003959
v -0.10664063 0.26865234 0.00003993
v -0.09375000 0.26865234 0.00004024
v -0.08085937 0.26865234 0.00004051
v -0.06796875 0.26865234 0.00004074
v -0.05507812 0.26865234 0.00004093
v -0.04218750 0.26865234 0.00004109
v -0.02929688 0.26865234 0.00004120
v -0.01640625 0.26865234 0.00004127
v -0.00351562 0.26865234 0.00004130
v 0.00937500 0.26865234 0.00004129
v 0.02226563 0.26865234 0.00004124
v 0.03515625 0.26865234 0.00004115
v 0.04804687 0.26865234 0.00004101
v 0.06093750 0.26865234 0.00004084
v 0.07382812 0.26865234 0.00004063
v 0.08671875 0.26865234 0.00004038
v 0.09960938 0.26865234 0.00004009
v 0.11250000 0.26865234 0.00003976
v 0.12539063 0.26865234 0.00003940
v 0.13828125 0.26865234 0.00003901
v 0.15117187 0.26865234 0.00003859
v 0.16406250 0.26865234 0.00003814
v 0.17695312 0.26865234 0.00003766
v 0.18984375 0.26865234 0.00003716
v 0.20273437 0.26865234 0.00003663
v 0.21562500 0.26865234 0.00003609
v -0.20976562 0.25576172 0.00003701
v -0.19687500 0.25576172 0.00003763
v -0.18398438 0.25576172 0.00003823
v -0.17109375 0.25576172 0.00003880
v -0.15820312 0.25576172 0.00003934
v -0.14531250 0.25576172 0.00003984
v -0.13242187 0.25576172 0.00004032
v -0.11953125 0.25576172 0.00004075
v -0.10664063 0.25576172 0.00004115
v -0.09375000 0.25576172 0.00004150
v -0.08085937 0.25576172 0.00004181
v -0.06796875 0.25576172 0.00004208
v -0.05507812 0.25576172 0.00004231
v -0.04218750 0.25576172 0.00004248
v -0.02929688 0.25576172 0.00004262
v -0.01640625 0.25576172 0.00004270
v -0.00351562 0.25576172 0.00004274
v 0.00937500 0.25576172 0.00004272
v 0.02226563 0.25576172 0.00004266
v 0.03515625 0.25576172 0.00004256
v 0.04804687 0.25576172 0.00004240
v 0.06093750 0.25576172 0.00004220
v 0.07382812 0.25576172 0.00004195
v 0.08671875 0.25576172 0.00004166
v 0.09960938 0.25576172 0.00004133
v 0.11250000 0.25576172 0.00004095
v 0.12539063 0.25576172 0.00004054
v 0.13828125 0.25576172 0.00004008
v 0.15117187 0.25576172 0.00003960
v 0.16406250 0.25576172 0.00003907
v 0.17695312 0.25576172 0.00003852
v 0.18984375 0.25576172 0.00003794
v 0.20273437 0.25576172 0.00003733
v 0.21562500 0.25576172 0.00003670
v 0.22851562 0.25576172 0.00003604
v -0.22265625 0.24287109 0.00003692
v -0.20976562 0.24287109 0.00003765
v -0.19687500 0.24287109 0.00003835
v -0.18398438 0.24287109 0.00003903
v -0.17109375 0.24287109 0.00003967
v -0.15820312 0.24287109 0.00004028
v -0.14531250 0.24287109 0.00004086
v -0.13242187 0.24287109 0.00004139
v -0.11953125 0.24287109 0.00004188
v -0.10664063 0.24287109 0.00004233
v -0.09375000 0.24287109 0.00004273
v -0.08085937 0.24287109 0.00004309
v -0.06796875 0.24287109 0.00004339
v -0.05507812 0.24287109 0.00004365
v -0.04218750 0.24287109 0.00004385
v -0.02929688 0.24287109 0.00004400
v -0.01640625 0.24287109 0.00004409
v -0.00351562 0.24287109 0.00004413
v 0.00937500 0.24287109 0.00004412
v 0.02226563 0.24287109 0.00004405
v 0.03515625 0.24287109 0.00004393
v 0.04804687 0.24287109 0.00004375
v 0.06093750 0.24287109 0.00004353
v 0.07382812 0.24287109 0.00004325
v 0.08671875 0.24287109 0.00004292
v 0.09960938 0.24287109 0.00004254
v 0.11250000 0.24287109 0.00004211
v 0.12539063 0.24287109 0.00004164
v 0.13828125 0.24287109 0.00004113
v 0.15117187 0.24287109 0.00004058
v 0.16406250 0.24287109 0.00003998
v 0.17695312 0.24287109 0.00003936
v 0.18984375 0.24287109 0.00003870
v 0.20273437 0.24287109 0.00003801
v 0.21562500 0.24287109 0.00003729
v 0.22851562 0.24287109 0.00003655
v -0.23554687 0.22998047 0.00003662
v -0.22265625 0.22998047 0.00003746
v -0.20976562 0.22998047 0.00003827
v -0.19687500 0.22998047 0.00003905
v -0.18398438 0.22998047 0.00003980
v -0.17109375 0.22998047 0.00004052
v -0.15820312 0.22998047 0.00004120
v -0.14531250 0.22998047 0.00004184
v -0.13242187 0.22998047 0.00004244
v -0.11953125 0.22998047 0.00004298
v -0.10664063 0.22998047 0.00004348
v -0.09375000 0.22998047 0.00004393
v -0.08085937 0.22998047 0.00004433
v -0.06796875 0.22998047 0.00004467
v -0.05507812 0.22998047 0.00004495
v -0.04218750 0.22998047 0.00004517
v -0.02929688 0.22998047 0.00004534
v -0.01640625 0.22998047 0.00004544
v -0.00351562 0.22998047 0.00004549
v 0.00937500 0.22998047 0.00004547
v 0.02226563 0.22998047 0.00004540
v 0.03515625 0.22998047 0.00004526
v 0.04804687 0.22998047 0.00004507
v 0.06093750 0.22998047 0.00004481
v 0.07382812 0.22998047 0.00004450
v 0.08671875 0.22998047 0.00004414
v 0.09960938 0.22998047 0.00004371
v 0.11250000 0.22998047 0.00004324
v 0.12539063 0.22998047 0.00004272
v 0.13828125 0.22998047 0.00004214
v 0.15117187 0.22998047 0.00004153
v 0.16406250 0.22998047 0.00004087
v 0.17695312 0.22998047 0.00004017
v 0.18984375 0.22998047 0.00003943
v 0.20273437 0.22998047 0.00003866
v 0.21562500 0.22998047 0.00003787
v 0.22851562 0.22998047 0.00003704
v 0.24140625 0.22998047 0.00003620
v -0.23554687 0.21708984 0.00003706
v -0.22265625 0.21708984 0.00003797
v -0.20976562 0.21708984 0.00003887
v -0.19687500 0.21708984 0.00003973
v -0.18398438 0.21708984 0.00004055
v -0.17109375 0.21708984 0.00004134
v -0.15820312 0.21708984 0.00004209
v -0.14531250 0.21708984 0.00004279
v -0.13242187 0.21708984 0.00004344
v -0.11953125 0.21708984 0.00004405
v -0.10664063 0.21708984 0.00004460
v -0.09375000 0.21708984 0.00004509
v -0.08085937 0.21708984 0.00004552
v -0.06796875 0.21708984 0.00004590
v -0.05507812 0.21708984 0.00004621
v -0.04218750 0.21708984 0.00004645
v -0.02929688 0.21708984 0.00004663
v -0.01640625 0.21708984 0.00004675
v -0.00351562 0.21708984 0.00004680
v 0.00937500 0.21708984 0.00004678
v 0.02226563 0.21708984 0.00004670
v 0.03515625 0.21708984 0.00004655
v 0.04804687 0.21708984 0.00004634
v 0.06093750 0.21708984 0.00004606
v 0.07382812 0.21708984 0.00004572
v 0.08671875 0.21708984 0.00004531
v 0.09960938 0.21708984 0.00004485
v 0.11250000 0.21708984 0.00004433
v 0.12539063 0.21708984 0.00004375
v 0.13828125 0.21708984 0.00004312
v 0.15117187 0.21708984 0.00004245
v 0.16406250 0.21708984 0.00004172
v 0.17695312 0.21708984 0.00004095
v 0.18984375 0.21708984 0.00004014
v 0.20273437 0.21708984 0.00003930
v 0.21562500 0.21708984 0.00003842
v 0.22851562 0.21708984 0.00003752
v 0.24140625 0.21708984 0.00003659
v 0.25429687 0.21708984 0.00003564
v -0.24843750 0.20419922 0.00003645
v -0.23554687 0.20419922 0.00003748
v -0.22265625 0.20419922 0.00003847
v -0.20976562 0.20419922 0.00003944
v -0.19687500 0.20419922 0.00004038
v -0.18398438 0.20419922 0.00004127
v -0.17109375 0.20419922 0.00004213
v -0.15820312 0.20419922 0.00004294
v -0.14531250 0.20419922 0.00004371
v -0.13242187 0.20419922 0.00004442
v -0.11953125 0.20419922 0.00004507
v -0.10664063 0.20419922 0.00004567
v -0.09375000 0.20419922 0.00004620
v -0.08085937 0.20419922 0.00004667
v -0.06796875 0.20419922 0.00004708
v -0.05507812 0.20419922 0.00004742
v -0.04218750 0.20419922 0.00004768
v -0.02929688 0.20419922 0.00004788
v -0.01640625 0.20419922 0.00004801
v -0.00351562 0.20419922 0.00004806
v 0.00937500 0.20419922 0.00004804
v 0.02226563 0.20419922 0.00004795
v 0.03515625 0.20419922 0.00004779
v 0.04804687 0.20419922 0.00004756
v 0.06093750 0.20419922 0.00004726
v 0.07382812 0.20419922 0.00004688
v 0.08671875 0.20419922 0.00004645
v 0.09960938 0.20419922 0.00004594
v 0.11250000 0.20419922 0.00004538
v 0.12539063 0.20419922 0.00004475
v 0.13828125 0.20419922 0.00004407
v 0.15117187 0.20419922 0.00004333
v 0.16406250 0.20419922 0.00004254
v 0.17695312 0.20419922 0.00004171
v 0.18984375 0.20419922 0.00004083
v 0.20273437 0.20419922 0.00003991
v 0.21562500 0.20419922 0.00003896
v 0.22851562 0.20419922 0.00003798
v 0.24140625 0.20419922 0.00003697
v 0.25429687 0.20419922 0.00003594
v 0.26718750 0.20419922 0.00003489
v -0.26132812 0.19130859 0.00003566
v -0.24843750 0.19130859 0.00003678
v -0.23554687 0.19130859 0.00003788
v -0.22265625 0.19130859 0.00003895
v -0.20976562 0.19130859 0.00003999
v -0.19687500 0.19130859 0.00004100
v -0.18398438 0.19130859 0.00004196
v -0.17109375 0.19130859 0.00004289
v -0.15820312 0.19130859 0.00004376
v -0.14531250 0.19130859 0.00004458
v -0.13242187 0.19130859 0.00004534
v -0.11953125 0.19130859 0.00004605
v -0.10664063 0.19130859 0.00004669
v -0.09375000 0.19130859 0.00004727
v -0.08085937 0.19130859 0.00004777
v -0.06796875 0.19130859 0.00004821
v -0.05507812 0.19130859 0.00004857
v -0.04218750 0.19130859 0.00004886
v -0.02929688 0.19130859 0.00004907
v -0.01640625 0.19130859 0.00004921
v -0.00351562 0.19130859 0.00004927
v 0.00937500 0.19130859 0.00004925
v 0.02226563 0.19130859 0.00004915
v 0.03515625 0.19130859 0.00004898
v 0.04804687 0.19130859 0.00004873
v 0.06093750 0.19130859 0.00004840
v 0.07382812 0.19130859 0.00004800
v 0.08671875 0.19130859 0.00004753
v 0.09960938 0.19130859 0.00004699
v 0.11250000 0.19130859 0.00004638
v 0.12539063 0.19130859 0.00004570
v 0.13828125 0.19130859 0.00004497
v 0.15117187 0.19130859 0.00004418
v 0.16406250 0.19130859 0.00004333
v 0.17695312 0.19130859 0.00004243
v 0.18984375 0.19130859 0.00004149
v 0.20273437 0.19130859 0.00004050
v 0.21562500 0.19130859 0.00003947
v 0.22851562 0.19130859 0.00003842
v 0.24140625 0.19130859 0.00003733
v 0.25429687 0.19130859 0.00003622
v 0.26718750 0.19130859 0.00003509
v 0.28007813 0.19130859 0.00003395
v -0.27421875 0.17841797 0.00003468
v -0.26132812 0.17841797 0.00003589
v -0.24843750 0.17841797 0.00003708
v -0.23554687 0.17841797 0.00003826
v -0.22265625 0.17841797 0.00003940
v -0.20976562 0.17841797 0.00004051
v -0.19687500 0.17841797 0.00004159
v -0.18398438 0.17841797 0.00004262
v -0.17109375 0.17841797 0.00004360
v -0.15820312 0.17841797 0.00004454
v -0.14531250 0.17841797 0.00004541
v -0.13242187 0.17841797 0.00004623
v -0.11953125 0.17841797 0.00004698
v -0.10664063 0.17841797 0.00004767
v -0.09375000 0.17841797 0.00004828
v -0.08085937 0.17841797 0.00004882
v -0.06796875 0.17841797 0.00004929
v -0.05507812 0.17841797 0.00004967
v -0.04218750 0.17841797 0.00004998
v -0.02929688 0.17841797 0.00005021
v -0.01640625 0.17841797 0.00005035
v -0.00351562 0.17841797 0.00005042
v 0.00937500 0.17841797 0.00005040
v 0.02226563 0.17841797 0.00005029
v 0.03515625 0.17841797 0.00005011
v 0.04804687 0.17841797 0.00004984
v 0.06093750 0.17841797 0.00004949
v 0.07382812 0.17841797 0.00004906
v 0.08671875 0.17841797 0.00004856
v 0.09960938 0.17841797 0.00004798
v 0.11250000 0.17841797 0.00004733
v 0.12539063 0.17841797 0.00004661
v 0.13828125 0.17841797 0.00004583
v 0.15117187 0.17841797 0.00004498
v 0.16406250 0.17841797 0.00004408
v 0.17695312 0.17841797 0.00004312
v 0.18984375 0.17841797 0.00004211
v 0.20273437 0.17841797 0.00004106
v 0.21562500 0.17841797 0.00003996
v 0.22851562 0.17841797 0.00003883
v 0.24140625 0.17841797 0.00003767
v 0.25429687 0.17841797 0.00003649
v 0.26718750 0.17841797 0.00003528
v 0.28007813 0.17841797 0.00003407
v -0.27421875 0.16552734 0.00003482
v -0.26132812 0.16552734 0.00003611
v -0.24843750 0.16552734 0.00003737
v -0.23554687 0.16552734 0.00003862
v -0.22265625 0.16552734 0.00003983
v -0.20976562 0.16552734 0.00004101
v -0.19687500 0.16552734 0.00004215
v -0.18398438 0.16552734 0.00004324
v -0.17109375 0.16552734 0.00004428
v -0.15820312 0.16552734 0.00004527
v -0.14531250 0.16552734 0.00004620
v -0.13242187 0.16552734 0.00004706
v -0.11953125 0.16552734 0.00004786
v -0.10664063 0.16552734 0.00004859
v -0.09375000 0.16552734 0.00004924
v -0.08085937 0.16552734 0.00004981
v -0.06796875 0.16552734 0.00005030
v -0.05507812 0.16552734 0.00005072
v -0.04218750 0.16552734 0.00005104
v -0.02929688 0.16552734 0.00005128
v -0.01640625 0.16552734 0.00005144
v -0.00351562 0.16552734 0.00005150
v 0.00937500 0.16552734 0.00005148
v 0.02226563 0.16552734 0.00005137
v 0.03515625 0.16552734 0.00005117
v 0.04804687 0.16552734 0.00005089
v 0.06093750 0.16552734 0.00005052
v 0.07382812 0.16552734 0.00005007
v 0.08671875 0.16552734 0.00004953
v 0.09960938 0.16552734 0.00004892
v 0.11250000 0.16552734 0.00004823
v 0.12539063 0.16552734 0.00004747
v 0.13828125 0.16552734 0.00004664
v 0.15117187 0.16552734 0.00004574
v 0.16406250 0.16552734 0.00004478
v 0.17695312 0.16552734 0.00004377
v 0.18984375 0.16552734 0.00004270
v 0.20273437 0.16552734 0.00004158
v 0.21562500 0.16552734 0.00004042
v 0.22851562 0.16552734 0.00003923
v 0.24140625 0.16552734 0.00003800
v 0.25429687 0.16552734 0.00003674
v 0.26718750 0.16552734 0.00003547
v 0.28007813 0.16552734 0.00003418
v 0.29296875 0.16552734 0.00003288
v -0.28710938 0.15263672 0.00003360
v -0.27421875 0.15263672 0.00003496
v -0.26132812 0.15263672 0.00003631
v -0.24843750 0.15263672 0.00003765
v -0.23554687 0.15263672 0.00003895
v -0.22265625 0.15263672 0.00004023
v -0.20976562 0.15263672 0.00004147
v -0.19687500 0.15263672 0.00004267
v -0.18398438 0.15263672 0.00004382
v -0.17109375 0.15263672 0.00004492
v -0.15820312 0.15263672 0.00004596
v -0.14531250 0.15263672 0.00004694
v -0.13242187 0.15263672 0.00004785
v -0.11953125 0.15263672 0.00004869
v -0.10664063 0.15263672 0.00004945
v -0.09375000 0.15263672 0.00005014
v -0.08085937 0.15263672 0.00005074
v -0.06796875 0.15263672 0.00005126
v -0.05507812 0.15263672 0.00005169
v -0.04218750 0.15263672 0.00005204
v -0.02929688 0.15263672 0.00005229
v -0.01640625 0.15263672 0.00005245
v -0.00351562 0.15263672 0.00005252
v 0.00937500 0.15263672 0.00005250
v 0.02226563 0.15263672 0.00005238
v 0.03515625 0.15263672 0.00005218
v 0.04804687 0.15263672 0.00005188
v 0.06093750 0.15263672 0.00005149
v 0.07382812 0.15263672 0.00005101
v 0.08671875 0.15263672 0.00005045
v 0.09960938 0.15263672 0.00004981
v 0.11250000 0.15263672 0.00004908
v 0.12539063 0.15263672 0.00004828
v 0.13828125 0.15263672 0.00004740
v 0.15117187 0.15263672 0.00004646
v 0.16406250 0.15263672 0.00004545
v 0.17695312 0.15263672 0.00004438
v 0.18984375 0.15263672 0.00004325
v 0.20273437 0.15263672 0.00004208
v 0.21562500 0.15263672 0.00004086
v 0.22851562 0.15263672 0.00003960
v 0.24140625 0.15263672 0.00003830
v 0.25429687 0.15263672 0.00003698
v 0.26718750 0.15263672 0.00003564
v 0.28007813 0.15263672 0.00003428
v 0.29296875 0.15263672 0.00003291
v -0.28710938 0.13974609 0.00003366
v -0.27421875 0.13974609 0.00003509
v -0.26132812 0.13974609 0.00003650
v -0.24843750 0.13974609 0.00003790
v -0.23554687 0.13974609 0.00003927
v -0.22265625 0.13974609 0.00004061
v -0.20976562 0.13974609 0.00004191
v -0.19687500 0.13974609 0.00004316
v -0.18398438 0.13974609 0.00004437
v -0.17109375 0.13974609 0.00004551
v -0.15820312 0.13974609 0.00004660
v -0.14531250 0.13974609 0.00004763
v -0.13242187 0.13974609 0.00004858
v -0.11953125 0.13974609 0.00004946
v -0.10664063 0.13974609 0.00005026
v -0.09375000 0.13974609 0.00005098
v -0.08085937 0.13974609 0.00005161
v -0.06796875 0.13974609 0.00005215
v -0.05507812 0.13974609 0.00005261
v -0.04218750 0.13974609 0.00005297
v -0.02929688 0.13974609 0.00005323
v -0.01640625 0.13974609 0.00005340
v -0.00351562 0.13974609 0.00005347
v 0.00937500 0.13974609 0.00005345
v 0.02226563 0.13974609 0.00005333
v 0.03515625 0.13974609 0.00005311
v 0.04804687 0.13974609 0.00005280
v 0.06093750 0.13974609 0.00005239
v 0.07382812 0.13974609 0.00005189
v 0.08671875 0.13974609 0.00005130
v 0.09960938 0.13974609 0.00005063
v 0.11250000 0.13974609 0.00004987
v 0.12539063 0.13974609 0.00004903
v 0.13828125 0.13974609 0.00004811
v 0.15117187 0.13974609 0.00004712
v 0.16406250 0.13974609 0.00004607
v 0.17695312 0.13974609 0.00004495
v 0.18984375 0.13974609 0.00004377
v 0.20273437 0.13974609 0.00004254
v 0.21562500 0.13974609 0.00004126
v 0.22851562 0.13974609 0.00003994
v 0.24140625 0.13974609 0.00003859
v 0.25429687 0.13974609 0.00003720
v 0.26718750 0.13974609 0.00003580
v 0.28007813 0.13974609 0.00003438
v 0.29296875 0.13974609 0.00003294
v -0.27421875 0.12685547 0.00003521
v -0.26132812 0.12685547 0.00003668
v -0.24843750 0.12685547 0.00003813
v -0.23554687 0.12685547 0.00003956
v -0.22265625 0.12685547 0.00004095
v -0.20976562 0.12685547 0.00004230
v -0.19687500 0.12685547 0.00004361
v -0.18398438 0.12685547 0.00004487
v -0.17109375 0.12685547 0.00004606
v -0.15820312 0.12685547 0.00004720
v -0.14531250 0.12685547 0.00004826
v -0.13242187 0.12685547 0.00004926
v -0.11953125 0.12685547 0.00005017
v -0.10664063 0.12685547 0.00005100
v -0.09375000 0.12685547 0.00005175
v -0.08085937 0.12685547 0.00005241
v -0.06796875 0.12685547 0.00005298
v -0.05507812 0.12685547 0.00005345
v -0.04218750 0.12685547 0.00005382
v -0.02929688 0.12685547 0.00005410
v -0.01640625 0.12685547 0.00005427
v -0.00351562 0.12685547 0.00005435
v 0.00937500 0.12685547 0.00005432
v 0.02226563 0.12685547 0.00005420
v 0.03515625 0.12685547 0.00005397
v 0.04804687 0.12685547 0.00005365
v 0.06093750 0.12685547 0.00005322
v 0.07382812 0.12685547 0.00005270
v 0.08671875 0.12685547 0.00005209
v 0.09960938 0.12685547 0.00005139
v 0.11250000 0.12685547 0.00005060
v 0.12539063 0.12685547 0.00004972
v 0.13828125 0.12685547 0.00004877
v 0.15117187 0.12685547 0.00004774
v 0.16406250 0.12685547 0.00004664
v 0.17695312 0.12685547 0.00004547
v 0.18984375 0.12685547 0.00004425
v 0.20273437 0.12685547 0.00004296
v 0.21562500 0.12685547 0.00004163
v 0.22851562 0.12685547 0.00004026
v 0.24140625 0.12685547 0.00003885
v 0.25429687 0.12685547 0.00003741
v 0.26718750 0.12685547 0.00003595
v 0.28007813 0.12685547 0.00003447
v 0.29296875 0.12685547 0.00003297
v -0.26132812 0.11396484 0.00003684
v -0.24843750 0.11396484 0.00003835
v -0.23554687 0.11396484 0.00003983
v -0.22265625 0.11396484 0.00004127
v -0.20976562 0.11396484 0.00004267
v -0.19687500 0.11396484 0.00004402
v -0.18398438 0.11396484 0.00004532
v -0.17109375 0.11396484 0.00004656
v -0.15820312 0.11396484 0.00004774
v -0.14531250 0.11396484 0.00004884
v -0.13242187 0.11396484 0.00004987
v -0.11953125 0.11396484 0.00005082
v -0.10664063 0.11396484 0.00005168
v -0.09375000 0.11396484 0.00005246
v -0.08085937 0.11396484 0.00005314
v -0.06796875 0.11396484 0.00005373
v -0.05507812 0.11396484 0.00005422
v -0.04218750 0.11396484 0.00005460
v -0.02929688 0.11396484 0.00005489
v -0.01640625 0.11396484 0.00005507
v -0.00351562 0.11396484 0.00005515
v 0.00937500 0.11396484 0.00005512
v 0.02226563 0.11396484 0.00005499
v 0.03515625 0.11396484 0.00005476
v 0.04804687 0.11396484 0.00005442
v 0.06093750 0.11396484 0.00005398
v 0.07382812 0.11396484 0.00005345
v 0.08671875 0.11396484 0.00005281
v 0.09960938 0.11396484 0.00005208
v 0.11250000 0.11396484 0.00005126
v 0.12539063 0.11396484 0.00005036
v 0.13828125 0.11396484 0.00004937
v 0.15117187 0.11396484 0.00004830
v 0.16406250 0.11396484 0.00004716
v 0.17695312 0.11396484 0.00004595
v 0.18984375 0.11396484 0.00004468
v 0.20273437 0.11396484 0.00004335
v 0.21562500 0.11396484 0.00004197
v 0.22851562 0.11396484 0.00004055
v 0.24140625 0.11396484 0.00003909
v 0.25429687 0.11396484 0.00003760
v 0.26718750 0.11396484 0.00003608
v 0.28007813 0.11396484 0.00003455
v 0.29296875 0.11396484 0.00003300
v -0.23554687 0.10107422 0.00004006
v -0.22265625 0.10107422 0.00004155
v -0.20976562 0.10107422 0.00004300
v -0.19687500 0.10107422 0.00004440
v -0.18398438 0.10107422 0.00004574
v -0.17109375 0.10107422 0.00004702
v -0.15820312 0.10107422 0.00004823
v -0.14531250 0.10107422 0.00004937
v -0.13242187 0.10107422 0.00005043
v -0.11953125 0.10107422 0.00005141
v -0.10664063 0.10107422 0.00005230
v -0.09375000 0.10107422 0.00005310
v -0.08085937 0.10107422 0.00005380
v -0.06796875 0.10107422 0.00005440
v -0.05507812 0.10107422 0.00005491
v -0.04218750 0.10107422 0.00005531
v -0.02929688 0.10107422 0.00005560
v -0.01640625 0.10107422 0.00005579
v -0.00351562 0.10107422 0.00005587
v 0.00937500 0.10107422 0.00005585
v 0.02226563 0.10107422 0.00005571
v 0.03515625 0.10107422 0.00005547
v 0.04804687 0.10107422 0.00005512
v 0.06093750 0.10107422 0.00005467
v 0.07382812 0.10107422 0.00005411
v 0.08671875 0.10107422 0.00005346
v 0.09960938 0.10107422 0.00005271
v 0.11250000 0.10107422 0.00005186
v 0.12539063 0.10107422 0.00005093
v 0.13828125 0.10107422 0.00004991
v 0.15117187 0.10107422 0.00004881
v 0.16406250 0.10107422 0.00004763
v 0.17695312 0.10107422 0.00004639
v 0.18984375 0.10107422 0.00004507
v 0.20273437 0.10107422 0.00004370
v 0.21562500 0.10107422 0.00004228
v 0.22851562 0.10107422 0.00004081
v 0.24140625 0.10107422 0.00003931
v 0.25429687 0.10107422 0.00003777
v 0.26718750 0.10107422 0.00003620
v 0.28007813 0.10107422 0.00003462
v 0.29296875 0.10107422 0.00003303
v -0.22265625 0.08818359 0.00004181
v -0.20976562 0.08818359 0.00004329
v -0.19687500 0.08818359 0.00004473
v -0.18398438 0.08818359 0.00004610
v -0.17109375 0.08818359 0.00004742
v -0.15820312 0.08818359 0.00004866
v -0.14531250 0.08818359 0.00004983
v -0.13242187 0.08818359 0.00005092
v -0.11953125 0.08818359 0.00005193
v -0.10664063 0.08818359 0.00005284
v -0.09375000 0.08818359 0.00005366
v -0.08085937 0.08818359 0.00005439
v -0.06796875 0.08818359 0.00005501
v -0.05507812 0.08818359 0.00005552
v -0.04218750 0.08818359 0.00005594
v -0.02929688 0.08818359 0.00005624
v -0.01640625 0.08818359 0.00005643
v -0.00351562 0.08818359 0.00005652
v 0.00937500 0.08818359 0.00005649
v 0.02226563 0.08818359 0.00005635
v 0.03515625 0.08818359 0.00005610
v 0.04804687 0.08818359 0.00005574
v 0.06093750 0.08818359 0.00005528
v 0.07382812 0.08818359 0.00005471
v 0.08671875 0.08818359 0.00005404
v 0.09960938 0.08818359 0.00005326
v 0.11250000 0.08818359 0.00005240
v 0.12539063 0.08818359 0.00005144
v 0.13828125 0.08818359 0.00005039
v 0.15117187 0.08818359 0.00004926
v 0.16406250 0.08818359 0.00004805
v 0.17695312 0.08818359 0.00004677
v 0.18984375 0.08818359 0.00004542
v 0.20273437 0.08818359 0.00004402
v 0.21562500 0.08818359 0.00004255
v 0.22851562 0.08818359 0.00004105
v 0.24140625 0.08818359 0.00003950
v 0.25429687 0.08818359 0.00003792
v 0.26718750 0.08818359 0.00003631
v 0.28007813 0.08818359 0.00003468
v -0.20976562 0.07529297 0.00004355
v -0.19687500 0.07529297 0.00004501
v -0.18398438 0.07529297 0.00004642
v -0.17109375 0.07529297 0.00004777
v -0.15820312 0.07529297 0.00004904
v -0.14531250 0.07529297 0.00005024
v -0.13242187 0.07529297 0.00005135
v -0.11953125 0.07529297 0.00005238
v -0.10664063 0.07529297 0.00005332
v -0.09375000 0.07529297 0.00005416
v -0.08085937 0.07529297 0.00005489
v -0.06796875 0.07529297 0.00005553
v -0.05507812 0.07529297 0.00005606
v -0.04218750 0.07529297 0.00005648
v -0.02929688 0.07529297 0.00005679
v -0.01640625 0.07529297 0.00005699
v -0.00351562 0.07529297 0.00005707
v 0.00937500 0.07529297 0.00005705
v 0.02226563 0.07529297 0.00005690
v 0.03515625 0.07529297 0.00005665
v 0.04804687 0.07529297 0.00005628
v 0.06093750 0.07529297 0.00005581
v 0.07382812 0.07529297 0.00005523
v 0.08671875 0.07529297 0.00005454
v 0.09960938 0.07529297 0.00005375
v 0.11250000 0.07529297 0.00005286
v 0.12539063 0.07529297 0.00005188
v 0.13828125 0.07529297 0.00005081
v 0.15117187 0.07529297 0.00004965
v 0.16406250 0.07529297 0.00004841
v 0.17695312 0.07529297 0.00004710
v 0.18984375 0.07529297 0.00004573
v 0.20273437 0.07529297 0.00004429
v 0.21562500 0.07529297 0.00004279
v 0.22851562 0.07529297 0.00004125
v 0.24140625 0.07529297 0.00003967
v 0.25429687 0.07529297 0.00003805
v 0.26718750 0.07529297 0.00003640
v -0.19687500 0.06240234 0.00004526
v -0.18398438 0.06240234 0.00004669
v -0.17109375 0.06240234 0.00004806
v -0.15820312 0.06240234 0.00004936
v -0.14531250 0.06240234 0.00005058
v -0.13242187 0.06240234 0.00005172
v -0.11953125 0.06240234 0.00005276
v -0.10664063 0.06240234 0.00005372
v -0.09375000 0.06240234 0.00005457
v -0.08085937 0.06240234 0.00005533
v -0.06796875 0.06240234 0.00005597
v -0.05507812 0.06240234 0.00005651
v -0.04218750 0.06240234 0.00005694
v -0.02929688 0.06240234 0.00005726
v -0.01640625 0.06240234 0.00005746
v -0.00351562 0.06240234 0.00005755
v 0.00937500 0.06240234 0.00005752
v 0.02226563 0.06240234 0.00005737
v 0.03515625 0.06240234 0.00005711
v 0.04804687 0.06240234 0.00005674
v 0.06093750 0.06240234 0.00005626
v 0.07382812 0.06240234 0.00005566
v 0.08671875 0.06240234 0.00005496
v 0.09960938 0.06240234 0.00005416
v 0.11250000 0.06240234 0.00005325
v 0.12539063 0.06240234 0.00005225
v 0.13828125 0.06240234 0.00005116
v 0.15117187 0.06240234 0.00004998
v 0.16406250 0.06240234 0.00004872
v 0.17695312 0.06240234 0.00004739
v 0.18984375 0.06240234 0.00004598
v 0.20273437 0.06240234 0.00004452
v 0.21562500 0.06240234 0.00004299
v 0.22851562 0.06240234 0.00004142
v 0.24140625 0.06240234 0.00003981
v -0.18398438 0.04951172 0.00004691
v -0.17109375 0.04951172 0.00004831
v -0.15820312 0.04951172 0.00004962
v -0.14531250 0.04951172 0.00005086
v -0.13242187 0.04951172 0.00005201
v -0.11953125 0.04951172 0.00005308
v -0.10664063 0.04951172 0.00005405
v -0.09375000 0.04951172 0.00005491
v -0.08085937 0.04951172 0.00005568
v -0.06796875 0.04951172 0.00005634
v -0.05507812 0.04951172 0.00005688
v -0.04218750 0.04951172 0.00005732
v -0.02929688 0.04951172 0.00005764
v -0.01640625 0.04951172 0.00005785
v -0.00351562 0.04951172 0.00005793
v 0.00937500 0.04951172 0.00005790
v 0.02226563 0.04951172 0.00005776
v 0.03515625 0.04951172 0.00005749
v 0.04804687 0.04951172 0.00005712
v 0.06093750 0.04951172 0.00005662
v 0.07382812 0.04951172 0.00005602
v 0.08671875 0.04951172 0.00005531
v 0.09960938 0.04951172 0.00005449
v 0.11250000 0.04951172 0.00005357
v 0.12539063 0.04951172 0.00005256
v 0.13828125 0.04951172 0.00005145
v 0.15117187 0.04951172 0.00005025
v 0.16406250 0.04951172 0.00004897
v 0.17695312 0.04951172 0.00004762
v 0.18984375 0.04951172 0.00004619
v 0.20273437 0.04951172 0.00004470
v 0.21562500 0.04951172 0.00004316
v 0.22851562 0.04951172 0.00004156
v -0.18398438 0.03662109 0.00004708
v -0.17109375 0.03662109 0.00004849
v -0.15820312 0.03662109 0.00004982
v -0.14531250 0.03662109 0.00005108
v -0.13242187 0.03662109 0.00005224
v -0.11953125 0.03662109 0.00005332
v -0.10664063 0.03662109 0.00005430
v -0.09375000 0.03662109 0.00005518
v -0.08085937 0.03662109 0.00005595
v -0.06796875 0.03662109 0.00005662
v -0.05507812 0.03662109 0.00005717
v -0.04218750 0.03662109 0.00005761
v -0.02929688 0.03662109 0.00005794
v -0.01640625 0.03662109 0.00005814
v -0.00351562 0.03662109 0.00005823
v 0.00937500 0.03662109 0.00005820
v 0.02226563 0.03662109 0.00005805
v 0.03515625 0.03662109 0.00005779
v 0.04804687 0.03662109 0.00005741
v 0.06093750 0.03662109 0.00005691
v 0.07382812 0.03662109 0.00005630
v 0.08671875 0.03662109 0.00005558
v 0.09960938 0.03662109 0.00005475
v 0.11250000 0.03662109 0.00005382
v 0.12539063 0.03662109 0.00005279
v 0.13828125 0.03662109 0.00005167
v 0.15117187 0.03662109 0.00005046
v 0.16406250 0.03662109 0.00004917
v 0.17695312 0.03662109 0.00004780
v 0.18984375 0.03662109 0.00004636
v 0.20273437 0.03662109 0.00004485
v 0.21562500 0.03662109 0.00004328
v -0.18398438 0.02373047 0.00004720
v -0.17109375 0.02373047 0.00004862
v -0.15820312 0.02373047 0.00004997
v -0.14531250 0.02373047 0.00005123
v -0.13242187 0.02373047 0.00005241
v -0.11953125 0.02373047 0.00005349
v -0.10664063 0.02373047 0.00005448
v -0.09375000 0.02373047 0.00005536
v -0.08085937 0.02373047 0.00005614
v -0.06796875 0.02373047 0.00005681
v -0.05507812 0.02373047 0.00005737
v -0.04218750 0.02373047 0.00005781
v -0.02929688 0.02373047 0.00005814
v -0.01640625 0.02373047 0.00005835
v -0.00351562 0.02373047 0.00005844
v 0.00937500 0.02373047 0.00005841
v 0.02226563 0.02373047 0.00005826
v 0.03515625 0.02373047 0.00005799
v 0.04804687 0.02373047 0.00005761
v 0.06093750 0.02373047 0.00005711
v 0.07382812 0.02373047 0.00005649
v 0.08671875 0.02373047 0.00005577
v 0.09960938 0.02373047 0.00005493
v 0.11250000 0.02373047 0.00005400
v 0.12539063 0.02373047 0.00005296
v 0.13828125 0.02373047 0.00005183
v 0.15117187 0.02373047 0.00005061
v 0.16406250 0.02373047 0.00004930
v 0.17695312 0.02373047 0.00004792
v 0.18984375 0.02373047 0.00004647
v 0.20273437 0.02373047 0.00004495
v 0.21562500 0.02373047 0.00004337
v -0.18398438 0.01083984 0.00004727
v -0.17109375 0.01083984 0.00004870
v -0.15820312 0.01083984 0.00005005
v -0.14531250 0.01083984 0.00005132
v -0.13242187 0.01083984 0.00005250
v -0.11953125 0.01083984 0.00005359
v -0.10664063 0.01083984 0.00005458
v -0.09375000 0.01083984 0.00005547
v -0.08085937 0.01083984 0.00005625
v -0.06796875 0.01083984 0.00005692
v -0.05507812 0.01083984 0.00005749
v -0.04218750 0.01083984 0.00005793
v -0.02929688 0.01083984 0.00005826
v -0.01640625 0.01083984 0.00005847
v -0.00351562 0.01083984 0.00005856
v 0.00937500 0.01083984 0.00005853
v 0.02226563 0.01083984 0.00005838
v 0.03515625 0.01083984 0.00005811
v 0.04804687 0.01083984 0.00005772
v 0.06093750 0.01083984 0.00005722
v 0.07382812 0.01083984 0.00005660
v 0.08671875 0.01083984 0.00005587
v 0.09960938 0.01083984 0.00005504
v 0.11250000 0.01083984 0.00005409
v 0.12539063 0.01083984 0.00005305
v 0.13828125 0.01083984 0.00005192
v 0.15117187 0.01083984 0.00005069
v 0.16406250 0.01083984 0.00004938
v 0.17695312 0.01083984 0.00004799
v 0.18984375 0.01083984 0.00004653
v 0.20273437 0.01083984 0.00004501
v 0.21562500 0.01083984 0.00004342
v -0.18398438 -0.00205078 0.00004729
v -0.17109375 -0.00205078 0.00004871
v -0.15820312 -0.00205078 0.00005007
v -0.14531250 -0.00205078 0.00005134
v -0.13242187 -0.00205078 0.00005252
v -0.11953125 -0.00205078 0.00005361
v -0.10664063 -0.00205078 0.00005460
v -0.09375000 -0.00205078 0.00005549
v -0.08085937 -0.00205078 0.00005628
v -0.06796875 -0.00205078 0.00005695
v -0.05507812 -0.00205078 0.00005751
v -0.04218750 -0.00205078 0.00005796
v -0.02929688 -0.00205078 0.00005829
v -0.01640625 -0.00205078 0.00005850
v -0.00351562 -0.00205078 0.00005859
v 0.00937500 -0.00205078 0.00005856
v 0.02226563 -0.00205078 0.00005841
v 0.03515625 -0.00205078 0.00005814
v 0.04804687 -0.00205078 0.00005775
v 0.06093750 -0.00205078 0.00005725
v 0.07382812 -0.00205078 0.00005663
v 0.08671875 -0.00205078 0.00005590
v 0.09960938 -0.00205078 0.00005506
v 0.11250000 -0.00205078 0.00005412
v 0.12539063 -0.00205078 0.00005308
v 0.13828125 -0.00205078 0.00005194
v 0.15117187 -0.00205078 0.00005071
v 0.16406250 -0.00205078 0.00004940
v 0.17695312 -0.00205078 0.00004801
v 0.18984375 -0.00205078 0.00004655
v 0.20273437 -0.00205078 0.00004502
v 0.21562500 -0.00205078 0.00004344
v -0.18398438 -0.01494141 0.00004725
v -0.17109375 -0.01494141 0.00004868
v -0.15820312 -0.01494141 0.00005002
v -0.14531250 -0.01494141 0.00005129
v -0.13242187 -0.01494141 0.00005247
v -0.11953125 -0.01494141 0.00005356
v -0.10664063 -0.01494141 0.00005455
v -0.09375000 -0.01494141 0.00005544
v -0.08085937 -0.01494141 0.00005622
v -0.06796875 -0.01494141 0.00005689
v -0.05507812 -0.01494141 0.00005745
v -0.04218750 -0.01494141 0.00005790
v -0.02929688 -0.01494141 0.00005823
v -0.01640625 -0.01494141 0.00005844
v -0.00351562 -0.01494141 0.00005853
v 0.00937500 -0.01494141 0.00005850
v 0.02226563 -0.01494141 0.00005835
v 0.03515625 -0.01494141 0.00005808
v 0.04804687 -0.01494141 0.00005769
v 0.06093750 -0.01494141 0.00005719
v 0.07382812 -0.01494141 0.00005657
v 0.08671875 -0.01494141 0.00005584
v 0.09960938 -0.01494141 0.00005501
v 0.11250000 -0.01494141 0.00005407
v 0.12539063 -0.01494141 0.00005303
v 0.13828125 -0.01494141 0.00005189
v 0.15117187 -0.01494141 0.00005067
v 0.16406250 -0.01494141 0.00004936
v 0.17695312 -0.01494141 0.00004797
v 0.18984375 -0.01494141 0.00004652
v 0.20273437 -0.01494141 0.00004499
v 0.21562500 -0.01494141 0.00004341
v -0.18398438 -0.02783203 0.00004717
v -0.17109375 -0.02783203 0.00004858
v -0.15820312 -0.02783203 0.00004992
v -0.14531250 -0.02783203 0.00005118
v -0.13242187 -0.02783203 0.00005235
v -0.11953125 -0.02783203 0.00005344
v -0.10664063 -0.02783203 0.00005442
v -0.09375000 -0.02783203 0.00005530
v -0.08085937 -0.02783203 0.00005608
v -0.06796875 -0.02783203 0.00005675
v -0.05507812 -0.02783203 0.00005731
v -0.04218750 -0.02783203 0.00005775
v -0.02929688 -0.02783203 0.00005808
v -0.01640625 -0.02783203 0.00005829
v -0.00351562 -0.02783203 0.00005838
v 0.00937500 -0.02783203 0.00005835
v 0.02226563 -0.02783203 0.00005820
v 0.03515625 -0.02783203 0.00005793
v 0.04804687 -0.02783203 0.00005754
v 0.06093750 -0.02783203 0.00005704
v 0.07382812 -0.02783203 0.00005643
v 0.08671875 -0.02783203 0.00005571
v 0.09960938 -0.02783203 0.00005488
v 0.11250000 -0.02783203 0.00005394
v 0.12539063 -0.02783203 0.00005291
v 0.13828125 -0.02783203 0.00005178
v 0.15117187 -0.02783203 0.00005056
v 0.16406250 -0.02783203 0.00004926
v 0.17695312 -0.02783203 0.00004788
v 0.18984375 -0.02783203 0.00004643
v 0.20273437 -0.02783203 0.00004492
v 0.21562500 -0.02783203 0.00004335
v -0.18398438 -0.04072266 0.00004703
v -0.17109375 -0.04072266 0.00004843
v -0.15820312 -0.04072266 0.00004976
v -0.14531250 -0.04072266 0.00005101
v -0.13242187 -0.04072266 0.00005217
v -0.11953125 -0.04072266 0.00005324
v -0.10664063 -0.04072266 0.00005422
v -0.09375000 -0.04072266 0.00005509
v -0.08085937 -0.04072266 0.00005586
v -0.06796875 -0.04072266 0.00005652
v -0.05507812 -0.04072266 0.00005708
v -0.04218750 -0.04072266 0.00005752
v -0.02929688 -0.04072266 0.00005784
v -0.01640625 -0.04072266 0.00005804
v -0.00351562 -0.04072266 0.00005813
v 0.00937500 -0.04072266 0.00005810
v 0.02226563 -0.04072266 0.00005796
v 0.03515625 -0.04072266 0.00005769
v 0.04804687 -0.04072266 0.00005731
v 0.06093750 -0.04072266 0.00005681
v 0.07382812 -0.04072266 0.00005621
v 0.08671875 -0.04072266 0.00005549
v 0.09960938 -0.04072266 0.00005467
v 0.11250000 -0.04072266 0.00005374
v 0.12539063 -0.04072266 0.00005272
v 0.13828125 -0.04072266 0.00005160
v 0.15117187 -0.04072266 0.00005039
v 0.16406250 -0.04072266 0.00004910
v 0.17695312 -0.04072266 0.00004774
v 0.18984375 -0.04072266 0.00004630
v 0.20273437 -0.04072266 0.00004480
v 0.21562500 -0.04072266 0.00004324
v -0.18398438 -0.05361328 0.00004684
v -0.17109375 -0.05361328 0.00004822
v -0.15820312 -0.05361328 0.00004953
v -0.14531250 -0.05361328 0.00005077
v -0.13242187 -0.05361328 0.00005191
v -0.11953125 -0.05361328 0.00005297
v -0.10664063 -0.05361328 0.00005394
v -0.09375000 -0.05361328 0.00005480
v -0.08085937 -0.05361328 0.00005556
v -0.06796875 -0.05361328 0.00005621
v -0.05507812 -0.05361328 0.00005676
v -0.04218750 -0.05361328 0.00005719
v -0.02929688 -0.05361328 0.00005751
v -0.01640625 -0.05361328 0.00005772
v -0.00351562 -0.05361328 0.00005780
v 0.00937500 -0.05361328 0.00005777
v 0.02226563 -0.05361328 0.00005763
v 0.03515625 -0.05361328 0.00005737
v 0.04804687 -0.05361328 0.00005699
v 0.06093750 -0.05361328 0.00005650
v 0.07382812 -0.05361328 0.00005590
v 0.08671875 -0.05361328 0.00005519
v 0.09960938 -0.05361328 0.00005438
v 0.11250000 -0.05361328 0.00005347
v 0.12539063 -0.05361328 0.00005245
v 0.13828125 -0.05361328 0.00005135
v 0.15117187 -0.05361328 0.00005016
v 0.16406250 -0.05361328 0.00004889
v 0.17695312 -0.05361328 0.00004754
v 0.18984375 -0.05361328 0.00004612
v 0.20273437 -0.05361328 0.00004464
v 0.21562500 -0.05361328 0.00004310
v -0.18398438 -0.06650391 0.00004660
v -0.17109375 -0.06650391 0.00004796
v -0.15820312 -0.06650391 0.00004925
v -0.14531250 -0.06650391 0.00005046
v -0.13242187 -0.06650391 0.00005159
v -0.11953125 -0.06650391 0.00005263
v -0.10664063 -0.06650391 0.00005358
v -0.09375000 -0.06650391 0.00005443
v -0.08085937 -0.06650391 0.00005518
v -0.06796875 -0.06650391 0.00005582
v -0.05507812 -0.06650391 0.00005636
v -0.04218750 -0.06650391 0.00005678
v -0.02929688 -0.06650391 0.00005710
v -0.01640625 -0.06650391 0.00005730
v -0.00351562 -0.06650391 0.00005739
v 0.00937500 -0.06650391 0.00005736
v 0.02226563 -0.06650391 0.00005721
v 0.03515625 -0.06650391 0.00005696
v 0.04804687 -0.06650391 0.00005659
v 0.06093750 -0.06650391 0.00005610
v 0.07382812 -0.06650391 0.00005551
v 0.08671875 -0.06650391 0.00005482
v 0.09960938 -0.06650391 0.00005402
v 0.11250000 -0.06650391 0.00005312
v 0.12539063 -0.06650391 0.00005212
v 0.13828125 -0.06650391 0.00005104
v 0.15117187 -0.06650391 0.00004987
v 0.16406250 -0.06650391 0.00004862
v 0.17695312 -0.06650391 0.00004729
v 0.18984375 -0.06650391 0.00004590
v 0.20273437 -0.06650391 0.00004444
v 0.21562500 -0.06650391 0.00004292
v -0.18398438 -0.07939453 0.00004631
v -0.17109375 -0.07939453 0.00004765
v -0.15820312 -0.07939453 0.00004891
v -0.14531250 -0.07939453 0.00005010
v -0.13242187 -0.07939453 0.00005120
v -0.11953125 -0.07939453 0.00005222
v -0.10664063 -0.07939453 0.00005315
v -0.09375000 -0.07939453 0.00005398
v -0.08085937 -0.07939453 0.00005472
v -0.06796875 -0.07939453 0.00005535
v -0.05507812 -0.07939453 0.00005587
v -0.04218750 -0.07939453 0.00005629
v -0.02929688 -0.07939453 0.00005660
v -0.01640625 -0.07939453 0.00005680
v -0.00351562 -0.07939453 0.00005688
v 0.00937500 -0.07939453 0.00005685
v 0.02226563 -0.07939453 0.00005671
v 0.03515625 -0.07939453 0.00005646
v 0.04804687 -0.07939453 0.00005610
v 0.06093750 -0.07939453 0.00005563
v 0.07382812 -0.07939453 0.00005505
v 0.08671875 -0.07939453 0.00005436
v 0.09960938 -0.07939453 0.00005358
v 0.11250000 -0.07939453 0.00005270
v 0.12539063 -0.07939453 0.00005173
v 0.13828125 -0.07939453 0.00005066
v 0.15117187 -0.07939453 0.00004951
v 0.16406250 -0.07939453 0.00004829
v 0.17695312 -0.07939453 0.00004699
v 0.18984375 -0.07939453 0.00004562
v 0.20273437 -0.07939453 0.00004419
v 0.21562500 -0.07939453 0.00004271
v -0.18398438 -0.09228516 0.00004598
v -0.17109375 -0.09228516 0.00004728
v -0.15820312 -0.09228516 0.00004851
v -0.14531250 -0.09228516 0.00004967
v -0.13242187 -0.09228516 0.00005075
v -0.11953125 -0.09228516 0.00005175
v -0.10664063 -0.09228516 0.00005265
v -0.09375000 -0.09228516 0.00005347
v -0.08085937 -0.09228516 0.00005418
v -0.06796875 -0.09228516 0.00005480
v -0.05507812 -0.09228516 0.00005531
v -0.04218750 -0.09228516 0.00005572
v -0.02929688 -0.09228516 0.00005602
v -0.01640625 -0.09228516 0.00005621
v -0.00351562 -0.09228516 0.00005629
v 0.00937500 -0.09228516 0.00005626
v 0.02226563 -0.09228516 0.00005613
v 0.03515625 -0.09228516 0.00005588
v 0.04804687 -0.09228516 0.00005553
v 0.06093750 -0.09228516 0.00005507
v 0.07382812 -0.09228516 0.00005450
v 0.08671875 -0.09228516 0.00005384
v 0.09960938 -0.09228516 0.00005307
v 0.11250000 -0.09228516 0.00005221
v 0.12539063 -0.09228516 0.00005126
v 0.13828125 -0.09228516 0.00005022
v 0.15117187 -0.09228516 0.00004910
v 0.16406250 -0.09228516 0.00004790
v 0.17695312 -0.09228516 0.00004664
v 0.18984375 -0.09228516 0.00004530
v 0.20273437 -0.09228516 0.00004391
v 0.21562500 -0.09228516 0.00004246
v -0.18398438 -0.10517578 0.00004559
v -0.17109375 -0.10517578 0.00004686
v -0.15820312 -0.10517578 0.00004806
v -0.14531250 -0.10517578 0.00004918
v -0.13242187 -0.10517578 0.00005023
v -0.11953125 -0.10517578 0.00005120
v -0.10664063 -0.10517578 0.00005208
v -0.09375000 -0.10517578 0.00005287
v -0.08085937 -0.10517578 0.00005357
v -0.06796875 -0.10517578 0.00005417
v -0.05507812 -0.10517578 0.00005467
v -0.04218750 -0.10517578 0.00005506
v -0.02929688 -0.10517578 0.00005535
v -0.01640625 -0.10517578 0.00005554
v -0.00351562 -0.10517578 0.00005562
v 0.00937500 -0.10517578 0.00005559
v 0.02226563 -0.10517578 0.00005546
v 0.03515625 -0.10517578 0.00005522
v 0.04804687 -0.10517578 0.00005488
v 0.06093750 -0.10517578 0.00005443
v 0.07382812 -0.10517578 0.00005388
v 0.08671875 -0.10517578 0.00005323
v 0.09960938 -0.10517578 0.00005249
v 0.11250000 -0.10517578 0.00005165
v 0.12539063 -0.10517578 0.00005073
v 0.13828125 -0.10517578 0.00004972
v 0.15117187 -0.10517578 0.00004863
v 0.16406250 -0.10517578 0.00004747
v 0.17695312 -0.10517578 0.00004623
v 0.18984375 -0.10517578 0.00004494
v 0.20273437 -0.10517578 0.00004358
v 0.21562500 -0.10517578 0.00004217
v -0.18398438 -0.11806641 0.00004516
v -0.17109375 -0.11806641 0.00004639
v -0.15820312 -0.11806641 0.00004755
v -0.14531250 -0.11806641 0.00004864
v -0.13242187 -0.11806641 0.00004966
v -0.11953125 -0.11806641 0.00005059
v -0.10664063 -0.11806641 0.00005144
v -0.09375000 -0.11806641 0.00005221
v -0.08085937 -0.11806641 0.00005288
v -0.06796875 -0.11806641 0.00005346
v -0.05507812 -0.11806641 0.00005394
v -0.04218750 -0.11806641 0.00005433
v -0.02929688 -0.11806641 0.00005461
v -0.01640625 -0.11806641 0.00005479
v -0.00351562 -0.11806641 0.00005487
v 0.00937500 -0.11806641 0.00005484
v 0.02226563 -0.11806641 0.00005471
v 0.03515625 -0.11806641 0.00005448
v 0.04804687 -0.11806641 0.00005415
v 0.06093750 -0.11806641 0.00005372
v 0.07382812 -0.11806641 0.00005318
v 0.08671875 -0.11806641 0.00005256
v 0.09960938 -0.11806641 0.00005184
v 0.11250000 -0.11806641 0.00005103
v 0.12539063 -0.11806641 0.00005013
v 0.13828125 -0.11806641 0.00004916
v 0.15117187 -0.11806641 0.00004810
v 0.16406250 -0.11806641 0.00004698
v 0.17695312 -0.11806641 0.00004578
v 0.18984375 -0.11806641 0.00004453
v 0.20273437 -0.11806641 0.00004322
v 0.21562500 -0.11806641 0.00004185
v -0.18398438 -0.13095703 0.00004469
v -0.17109375 -0.13095703 0.00004587
v -0.15820312 -0.13095703 0.00004699
v -0.14531250 -0.13095703 0.00004804
v -0.13242187 -0.13095703 0.00004902
v -0.11953125 -0.13095703 0.00004992
v -0.10664063 -0.13095703 0.00005074
v -0.09375000 -0.13095703 0.00005148
v -0.08085937 -0.13095703 0.00005213
v -0.06796875 -0.13095703 0.00005268
v -0.05507812 -0.13095703 0.00005315
v -0.04218750 -0.13095703 0.00005352
v -0.02929688 -0.13095703 0.00005379
v -0.01640625 -0.13095703 0.00005396
v -0.00351562 -0.13095703 0.00005404
v 0.00937500 -0.13095703 0.00005401
v 0.02226563 -0.13095703 0.00005389
v 0.03515625 -0.13095703 0.00005367
v 0.04804687 -0.13095703 0.00005335
v 0.06093750 -0.13095703 0.00005293
v 0.07382812 -0.13095703 0.00005242
v 0.08671875 -0.13095703 0.00005181
v 0.09960938 -0.13095703 0.00005112
v 0.11250000 -0.13095703 0.00005034
v 0.12539063 -0.13095703 0.00004948
v 0.13828125 -0.13095703 0.00004854
v 0.15117187 -0.13095703 0.00004752
v 0.16406250 -0.13095703 0.00004644
v 0.17695312 -0.13095703 0.00004529
v 0.18984375 -0.13095703 0.00004408
v 0.20273437 -0.13095703 0.00004281
v 0.21562500 -0.13095703 0.00004150
v -0.18398438 -0.14384766 0.00004417
v -0.17109375 -0.14384766 0.00004530
v -0.15820312 -0.14384766 0.00004638
v -0.14531250 -0.14384766 0.00004738
v -0.13242187 -0.14384766 0.00004832
v -0.11953125 -0.14384766 0.00004919
v -0.10664063 -0.14384766 0.00004997
v -0.09375000 -0.14384766 0.00005068
v -0.08085937 -0.14384766 0.00005130
v -0.06796875 -0.14384766 0.00005184
v -0.05507812 -0.14384766 0.00005228
v -0.04218750 -0.14384766 0.00005264
v -0.02929688 -0.14384766 0.00005290
v -0.01640625 -0.14384766 0.00005306
v -0.00351562 -0.14384766 0.00005313
v 0.00937500 -0.14384766 0.00005311
v 0.02226563 -0.14384766 0.00005299
v 0.03515625 -0.14384766 0.00005278
v 0.04804687 -0.14384766 0.00005247
v 0.06093750 -0.14384766 0.00005207
v 0.07382812 -0.14384766 0.00005158
v 0.08671875 -0.14384766 0.00005100
v 0.09960938 -0.14384766 0.00005034
v 0.11250000 -0.14384766 0.00004959
v 0.12539063 -0.14384766 0.00004876
v 0.13828125 -0.14384766 0.00004786
v 0.15117187 -0.14384766 0.00004689
v 0.16406250 -0.14384766 0.00004585
v 0.17695312 -0.14384766 0.00004475
v 0.18984375 -0.14384766 0.00004359
v 0.20273437 -0.14384766 0.00004237
v 0.21562500 -0.14384766 0.00004112
v -0.18398438 -0.15673828 0.00004361
v -0.17109375 -0.15673828 0.00004469
v -0.15820312 -0.15673828 0.00004572
v -0.14531250 -0.15673828 0.00004668
v -0.13242187 -0.15673828 0.00004757
v -0.11953125 -0.15673828 0.00004839
v -0.10664063 -0.15673828 0.00004914
v -0.09375000 -0.15673828 0.00004982
v -0.08085937 -0.15673828 0.00005041
v -0.06796875 -0.15673828 0.00005092
v -0.05507812 -0.15673828 0.00005135
v -0.04218750 -0.15673828 0.00005168
v -0.02929688 -0.15673828 0.00005193
v -0.01640625 -0.15673828 0.00005209
v -0.00351562 -0.15673828 0.00005216
v 0.00937500 -0.15673828 0.00005214
v 0.02226563 -0.15673828 0.00005202
v 0.03515625 -0.15673828 0.00005182
v 0.04804687 -0.15673828 0.00005153
v 0.06093750 -0.15673828 0.00005114
v 0.07382812 -0.15673828 0.00005068
v 0.08671875 -0.15673828 0.00005012
v 0.09960938 -0.15673828 0.00004949
v 0.11250000 -0.15673828 0.00004878
v 0.12539063 -0.15673828 0.00004799
v 0.13828125 -0.15673828 0.00004713
v 0.15117187 -0.15673828 0.00004620
v 0.16406250 -0.15673828 0.00004521
v 0.17695312 -0.15673828 0.00004416
v 0.18984375 -0.15673828 0.00004306
v 0.20273437 -0.15673828 0.00004190
v 0.21562500 -0.15673828 0.00004070
v -0.19687500 -0.16962891 0.00004195
v -0.18398438 -0.16962891 0.00004302
v -0.17109375 -0.16962891 0.00004404
v -0.15820312 -0.16962891 0.00004501
v -0.14531250 -0.16962891 0.00004592
v -0.13242187 -0.16962891 0.00004677
v -0.11953125 -0.16962891 0.00004755
v -0.10664063 -0.16962891 0.00004826
v -0.09375000 -0.16962891 0.00004890
v -0.08085937 -0.16962891 0.00004946
v -0.06796875 -0.16962891 0.00004994
v -0.05507812 -0.16962891 0.00005034
v -0.04218750 -0.16962891 0.00005066
v -0.02929688 -0.16962891 0.00005090
v -0.01640625 -0.16962891 0.00005105
v -0.00351562 -0.16962891 0.00005111
v 0.00937500 -0.16962891 0.00005109
v 0.02226563 -0.16962891 0.00005099
v 0.03515625 -0.16962891 0.00005079
v 0.04804687 -0.16962891 0.00005051
v 0.06093750 -0.16962891 0.00005015
v 0.07382812 -0.16962891 0.00004971
v 0.08671875 -0.16962891 0.00004919
v 0.09960938 -0.16962891 0.00004859
v 0.11250000 -0.16962891 0.00004791
v 0.12539063 -0.16962891 0.00004717
v 0.13828125 -0.16962891 0.00004635
v 0.15117187 -0.16962891 0.00004547
v 0.16406250 -0.16962891 0.00004453
v 0.17695312 -0.16962891 0.00004354
v 0.18984375 -0.16962891 0.00004249
v 0.20273437 -0.16962891 0.00004139
v 0.21562500 -0.16962891 0.00004026
v -0.19687500 -0.18251953 0.00004138
v -0.18398438 -0.18251953 0.00004238
v -0.17109375 -0.18251953 0.00004335
v -0.15820312 -0.18251953 0.00004426
v -0.14531250 -0.18251953 0.00004511
v -0.13242187 -0.18251953 0.00004591
v -0.11953125 -0.18251953 0.00004665
v -0.10664063 -0.18251953 0.00004732
v -0.09375000 -0.18251953 0.00004792
v -0.08085937 -0.18251953 0.00004845
v -0.06796875 -0.18251953 0.00004890
v -0.05507812 -0.18251953 0.00004928
v -0.04218750 -0.18251953 0.00004958
v -0.02929688 -0.18251953 0.00004980
v -0.01640625 -0.18251953 0.00004994
v -0.00351562 -0.18251953 0.00005001
v 0.00937500 -0.18251953 0.00004999
v 0.02226563 -0.18251953 0.00004988
v 0.03515625 -0.18251953 0.00004970
v 0.04804687 -0.18251953 0.00004944
v 0.06093750 -0.18251953 0.00004910
v 0.07382812 -0.18251953 0.00004868
v 0.08671875 -0.18251953 0.00004819
v 0.09960938 -0.18251953 0.00004763
v 0.11250000 -0.18251953 0.00004699
v 0.12539063 -0.18251953 0.00004629
v 0.13828125 -0.18251953 0.00004552
v 0.15117187 -0.18251953 0.00004469
v 0.16406250 -0.18251953 0.00004381
v 0.17695312 -0.18251953 0.00004287
v 0.18984375 -0.18251953 0.00004189
v 0.20273437 -0.18251953 0.00004086
v 0.21562500 -0.18251953 0.00003979
v -0.19687500 -0.19541016 0.00004077
v -0.18398438 -0.19541016 0.00004172
v -0.17109375 -0.19541016 0.00004262
v -0.15820312 -0.19541016 0.00004347
v -0.14531250 -0.19541016 0.00004427
v -0.13242187 -0.19541016 0.00004501
v -0.11953125 -0.19541016 0.00004570
v -0.10664063 -0.19541016 0.00004632
v -0.09375000 -0.19541016 0.00004688
v -0.08085937 -0.19541016 0.00004738
v -0.06796875 -0.19541016 0.00004780
v -0.05507812 -0.19541016 0.00004816
v -0.04218750 -0.19541016 0.00004844
v -0.02929688 -0.19541016 0.00004865
v -0.01640625 -0.19541016 0.00004878
v -0.00351562 -0.19541016 0.00004884
v 0.00937500 -0.19541016 0.00004882
v 0.02226563 -0.19541016 0.00004872
v 0.03515625 -0.19541016 0.00004855
v 0.04804687 -0.19541016 0.00004831
v 0.06093750 -0.19541016 0.00004799
v 0.07382812 -0.19541016 0.00004760
v 0.08671875 -0.19541016 0.00004714
v 0.09960938 -0.19541016 0.00004661
v 0.11250000 -0.19541016 0.00004602
v 0.12539063 -0.19541016 0.00004536
v 0.13828125 -0.19541016 0.00004465
v 0.15117187 -0.19541016 0.00004387
v 0.16406250 -0.19541016 0.00004305
v 0.17695312 -0.19541016 0.00004217
v 0.18984375 -0.19541016 0.00004125
v 0.20273437 -0.19541016 0.00004029
v 0.21562500 -0.19541016 0.00003929
v -0.19687500 -0.20830078 0.00004014
v -0.18398438 -0.20830078 0.00004102
v -0.17109375 -0.20830078 0.00004185
v -0.15820312 -0.20830078 0.00004264
v -0.14531250 -0.20830078 0.00004338
v -0.13242187 -0.20830078 0.00004407
v -0.11953125 -0.20830078 0.00004470
v -0.10664063 -0.20830078 0.00004528
v -0.09375000 -0.20830078 0.00004580
v -0.08085937 -0.20830078 0.00004626
v -0.06796875 -0.20830078 0.00004665
v -0.05507812 -0.20830078 0.00004698
v -0.04218750 -0.20830078 0.00004724
v -0.02929688 -0.20830078 0.00004743
v -0.01640625 -0.20830078 0.00004756
v -0.00351562 -0.20830078 0.00004761
v 0.00937500 -0.20830078 0.00004759
v 0.02226563 -0.20830078 0.00004750
v 0.03515625 -0.20830078 0.00004735
v 0.04804687 -0.20830078 0.00004712
v 0.06093750 -0.20830078 0.00004683
v 0.07382812 -0.20830078 0.00004646
v 0.08671875 -0.20830078 0.00004604
v 0.09960938 -0.20830078 0.00004555
v 0.11250000 -0.20830078 0.00004500
v 0.12539063 -0.20830078 0.00004439
v 0.13828125 -0.20830078 0.00004373
v 0.15117187 -0.20830078 0.00004301
v 0.16406250 -0.20830078 0.00004225
v 0.17695312 -0.20830078 0.00004144
v 0.18984375 -0.20830078 0.00004058
v 0.20273437 -0.20830078 0.00003969
v 0.21562500 -0.20830078 0.00003877
v -0.19687500 -0.22119141 0.00003948
v -0.18398438 -0.22119141 0.00004028
v -0.17109375 -0.22119141 0.00004105
v -0.15820312 -0.22119141 0.00004177
v -0.14531250 -0.22119141 0.00004245
v -0.13242187 -0.22119141 0.00004308
v -0.11953125 -0.22119141 0.00004367
v -0.10664063 -0.22119141 0.00004420
v -0.09375000 -0.22119141 0.00004467
v -0.08085937 -0.22119141 0.00004509
v -0.06796875 -0.22119141 0.00004545
v -0.05507812 -0.22119141 0.00004575
v -0.04218750 -0.22119141 0.00004599
v -0.02929688 -0.22119141 0.00004617
v -0.01640625 -0.22119141 0.00004628
v -0.00351562 -0.22119141 0.00004633
v 0.00937500 -0.22119141 0.00004631
v 0.02226563 -0.22119141 0.00004623
v 0.03515625 -0.22119141 0.00004609
v 0.04804687 -0.22119141 0.00004588
v 0.06093750 -0.22119141 0.00004561
v 0.07382812 -0.22119141 0.00004528
v 0.08671875 -0.22119141 0.00004489
v 0.09960938 -0.22119141 0.00004444
v 0.11250000 -0.22119141 0.00004394
v 0.12539063 -0.22119141 0.00004338
v 0.13828125 -0.22119141 0.00004277
v 0.15117187 -0.22119141 0.00004212
v 0.16406250 -0.22119141 0.00004141
v 0.17695312 -0.22119141 0.00004067
v 0.18984375 -0.22119141 0.00003989
v 0.20273437 -0.22119141 0.00003907
v 0.21562500 -0.22119141 0.00003822
v -0.19687500 -0.23408203 0.00003880
v -0.18398438 -0.23408203 0.00003953
v -0.17109375 -0.23408203 0.00004022
v -0.15820312 -0.23408203 0.00004087
v -0.14531250 -0.23408203 0.00004149
v -0.13242187 -0.23408203 0.00004206
v -0.11953125 -0.23408203 0.00004259
v -0.10664063 -0.23408203 0.00004307
v -0.09375000 -0.23408203 0.00004350
v -0.08085937 -0.23408203 0.00004388
v -0.06796875 -0.23408203 0.00004421
v -0.05507812 -0.23408203 0.00004448
v -0.04218750 -0.23408203 0.00004470
v -0.02929688 -0.23408203 0.00004486
v -0.01640625 -0.23408203 0.00004496
v -0.00351562 -0.23408203 0.00004500
v 0.00937500 -0.23408203 0.00004499
v 0.02226563 -0.23408203 0.00004491
v 0.03515625 -0.23408203 0.00004478
v 0.04804687 -0.23408203 0.00004459
v 0.06093750 -0.23408203 0.00004435
v 0.07382812 -0.23408203 0.00004405
v 0.08671875 -0.23408203 0.00004370
v 0.09960938 -0.23408203 0.00004329
v 0.11250000 -0.23408203 0.00004283
v 0.12539063 -0.23408203 0.00004233
v 0.13828125 -0.23408203 0.00004178
v 0.15117187 -0.23408203 0.00004118
v 0.16406250 -0.23408203 0.00004055
v 0.17695312 -0.23408203 0.00003988
v 0.18984375 -0.23408203 0.00003917
v 0.20273437 -0.23408203 0.00003843
v 0.21562500 -0.23408203 0.00003766
v -0.19687500 -0.24697266 0.00003809
v -0.18398438 -0.24697266 0.00003874
v -0.17109375 -0.24697266 0.00003936
v -0.15820312 -0.24697266 0.00003994
v -0.14531250 -0.24697266 0.00004049
v -0.13242187 -0.24697266 0.00004100
v -0.11953125 -0.24697266 0.00004148
v -0.10664063 -0.24697266 0.00004190
v -0.09375000 -0.24697266 0.00004229
v -0.08085937 -0.24697266 0.00004263
v -0.06796875 -0.24697266 0.00004292
v -0.05507812 -0.24697266 0.00004316
v -0.04218750 -0.24697266 0.00004336
v -0.02929688 -0.24697266 0.00004350
v -0.01640625 -0.24697266 0.00004359
v -0.00351562 -0.24697266 0.00004363
v 0.00937500 -0.24697266 0.00004362
v 0.02226563 -0.24697266 0.00004355
v 0.03515625 -0.24697266 0.00004343
v 0.04804687 -0.24697266 0.00004327
v 0.06093750 -0.24697266 0.00004305
v 0.07382812 -0.24697266 0.00004278
v 0.08671875 -0.24697266 0.00004247
v 0.09960938 -0.24697266 0.00004210
v 0.11250000 -0.24697266 0.00004170
v 0.12539063 -0.24697266 0.00004124
v 0.13828125 -0.24697266 0.00004075
v 0.15117187 -0.24697266 0.00004022
v 0.16406250 -0.24697266 0.00003965
v 0.17695312 -0.24697266 0.00003905
v 0.18984375 -0.24697266 0.00003842
v 0.20273437 -0.24697266 0.00003776
v 0.21562500 -0.24697266 0.00003708
v -0.19687500 -0.25986328 0.00003737
v -0.18398438 -0.25986328 0.00003794
v -0.17109375 -0.25986328 0.00003848
v -0.15820312 -0.25986328 0.00003899
v -0.14531250 -0.25986328 0.00003947
v -0.13242187 -0.25986328 0.00003992
v -0.11953125 -0.25986328 0.00004033
v -0.10664063 -0.25986328 0.00004071
v -0.09375000 -0.25986328 0.00004104
v -0.08085937 -0.25986328 0.00004134
v -0.06796875 -0.25986328 0.00004160
v -0.05507812 -0.25986328 0.00004181
v -0.04218750 -0.25986328 0.00004198
v -0.02929688 -0.25986328 0.00004210
v -0.01640625 -0.25986328 0.00004218
v -0.00351562 -0.25986328 0.00004222
v 0.00937500 -0.25986328 0.00004221
v 0.02226563 -0.25986328 0.00004215
v 0.03515625 -0.25986328 0.00004205
v 0.04804687 -0.25986328 0.00004190
v 0.06093750 -0.25986328 0.00004171
v 0.07382812 -0.25986328 0.00004147
v 0.08671875 -0.25986328 0.00004120
v 0.09960938 -0.25986328 0.00004088
v 0.11250000 -0.25986328 0.00004052
v 0.12539063 -0.25986328 0.00004013
v 0.13828125 -0.25986328 0.00003970
v 0.15117187 -0.25986328 0.00003923
v 0.16406250 -0.25986328 0.00003874
v 0.17695312 -0.25986328 0.00003821
v 0.18984375 -0.25986328 0.00003765
v 0.20273437 -0.25986328 0.00003708
v 0.21562500 -0.25986328 0.00003648
v 0.22851562 -0.25986328 0.00003585
v -0.19687500 -0.27275391 0.00003662
v -0.18398438 -0.27275391 0.00003711
v -0.17109375 -0.27275391 0.00003757
v -0.15820312 -0.27275391 0.00003801
v -0.14531250 -0.27275391 0.00003842
v -0.13242187 -0.27275391 0.00003881
v -0.11953125 -0.27275391 0.00003916
v -0.10664063 -0.27275391 0.00003948
v -0.09375000 -0.27275391 0.00003977
v -0.08085937 -0.27275391 0.00004002
v -0.06796875 -0.27275391 0.00004024
v -0.05507812 -0.27275391 0.00004042
v -0.04218750 -0.27275391 0.00004057
v -0.02929688 -0.27275391 0.00004068
v -0.01640625 -0.27275391 0.00004074
v -0.00351562 -0.27275391 0.00004077
v 0.00937500 -0.27275391 0.00004076
v 0.02226563 -0.27275391 0.00004071
v 0.03515625 -0.27275391 0.00004063
v 0.04804687 -0.27275391 0.00004050
v 0.06093750 -0.27275391 0.00004034
v 0.07382812 -0.27275391 0.00004014
v 0.08671875 -0.27275391 0.00003990
v 0.09960938 -0.27275391 0.00003963
v 0.11250000 -0.27275391 0.00003932
v 0.12539063 -0.27275391 0.00003899
v 0.13828125 -0.27275391 0.00003862
v 0.15117187 -0.27275391 0.00003822
v 0.16406250 -0.27275391 0.00003779
v 0.17695312 -0.27275391 0.00003734
v 0.18984375 -0.27275391 0.00003687
v 0.20273437 -0.27275391 0.00003637
v 0.21562500 -0.27275391 0.00003586
v 0.22851562 -0.27275391 0.00003533
v -0.19687500 -0.28564453 0.00003587
v -0.18398438 -0.28564453 0.00003627
v -0.17109375 -0.28564453 0.00003665
v -0.15820312 -0.28564453 0.00003701
v -0.14531250 -0.28564453 0.00003735
v -0.13242187 -0.28564453 0.00003767
v -0.11953125 -0.28564453 0.00003796
v -0.10664063 -0.28564453 0.00003823
v -0.09375000 -0.28564453 0.00003847
v -0.08085937 -0.28564453 0.00003868
v -0.06796875 -0.28564453 0.00003886
v -0.05507812 -0.28564453 0.00003901
v -0.04218750 -0.28564453 0.00003913
v -0.02929688 -0.28564453 0.00003922
v -0.01640625 -0.28564453 0.00003927
v -0.00351562 -0.28564453 0.00003930
v 0.00937500 -0.28564453 0.00003929
v 0.02226563 -0.28564453 0.00003925
v 0.03515625 -0.28564453 0.00003918
v 0.04804687 -0.28564453 0.00003907
v 0.06093750 -0.28564453 0.00003894
v 0.07382812 -0.28564453 0.00003877
v 0.08671875 -0.28564453 0.00003858
v 0.09960938 -0.28564453 0.00003835
v 0.11250000 -0.28564453 0.00003810
v 0.12539063 -0.28564453 0.00003782
v 0.13828125 -0.28564453 0.00003751
v 0.15117187 -0.28564453 0.00003719
v 0.16406250 -0.28564453 0.00003683
v 0.17695312 -0.28564453 0.00003646
v 0.18984375 -0.28564453 0.00003607
v 0.20273437 -0.28564453 0.00003566
v 0.21562500 -0.28564453 0.00003523
v 0.22851562 -0.28564453 0.00003479
v -0.19687500 -0.29853516 0.00003509
v -0.18398438 -0.29853516 0.00003541
v -0.17109375 -0.29853516 0.00003571
v -0.15820312 -0.29853516 0.00003600
v -0.14531250 -0.29853516 0.00003627
v -0.13242187 -0.29853516 0.00003652
v -0.11953125 -0.29853516 0.00003675
v -0.10664063 -0.29853516 0.00003696
v -0.09375000 -0.29853516 0.00003714
v -0.08085937 -0.29853516 0.00003731
v -0.06796875 -0.29853516 0.00003745
v -0.05507812 -0.29853516 0.00003757
v -0.04218750 -0.29853516 0.00003767
v -0.02929688 -0.29853516 0.00003774
v -0.01640625 -0.29853516 0.00003778
v -0.00351562 -0.29853516 0.00003780
v 0.00937500 -0.29853516 0.00003779
v 0.02226563 -0.29853516 0.00003776
v 0.03515625 -0.29853516 0.00003770
v 0.04804687 -0.29853516 0.00003762
v 0.06093750 -0.29853516 0.00003752
v 0.07382812 -0.29853516 0.00003738
v 0.08671875 -0.29853516 0.00003723
v 0.09960938 -0.29853516 0.00003705
v 0.11250000 -0.29853516 0.00003685
v 0.12539063 -0.29853516 0.00003663
v 0.13828125 -0.29853516 0.00003639
v 0.15117187 -0.29853516 0.00003613
v 0.16406250 -0.29853516 0.00003586
v 0.17695312 -0.29853516 0.00003556
v 0.18984375 -0.29853516 0.00003525
v 0.20273437 -0.29853516 0.00003493
v 0.21562500 -0.29853516 0.00003460
v 0.22851562 -0.29853516 0.00003425
v -0.19687500 -0.31142578 0.00003431
v -0.18398438 -0.31142578 0.00003454
v -0.17109375 -0.31142578 0.00003476
v -0.15820312 -0.31142578 0.00003497
v -0.14531250 -0.31142578 0.00003517
v -0.13242187 -0.31142578 0.00003535
v -0.11953125 -0.31142578 0.00003552
v -0.10664063 -0.31142578 0.00003567
v -0.09375000 -0.31142578 0.00003581
v -0.08085937 -0.31142578 0.00003593
v -0.06796875 -0.31142578 0.00003603
v -0.05507812 -0.31142578 0.00003612
v -0.04218750 -0.31142578 0.00003618
v -0.02929688 -0.31142578 0.00003624
v -0.01640625 -0.31142578 0.00003627
v -0.00351562 -0.31142578 0.00003628
v 0.00937500 -0.31142578 0.00003628
v 0.02226563 -0.31142578 0.00003625
v 0.03515625 -0.31142578 0.00003621
v 0.04804687 -0.31142578 0.00003615
v 0.06093750 -0.31142578 0.00003607
v 0.07382812 -0.31142578 0.00003598
v 0.08671875 -0.31142578 0.00003587
v 0.09960938 -0.31142578 0.00003574
v 0.11250000 -0.31142578 0.00003559
v 0.12539063 -0.31142578 0.00003543
v 0.13828125 -0.31142578 0.00003526
v 0.15117187 -0.31142578 0.00003507
v 0.16406250 -0.31142578 0.00003487
v 0.17695312 -0.31142578 0.00003465
v 0.18984375 -0.31142578 0.00003443
v 0.20273437 -0.31142578 0.00003419
v 0.21562500 -0.31142578 0.00003395
v 0.22851562 -0.31142578 0.00003370
v -0.18398438 -0.32431641 0.00003367
v -0.17109375 -0.32431641 0.00003380
v -0.15820312 -0.32431641 0.00003393
v -0.14531250 -0.32431641 0.00003406
v -0.11953125 -0.32431641 0.00003427
v -0.10664063 -0.32431641 0.00003437
v -0.09375000 -0.32431641 0.00003445
v -0.08085937 -0.32431641 0.00003453
v -0.06796875 -0.32431641 0.00003459
v 0.00937500 -0.32431641 0.00003475
v 0.02226563 -0.32431641 0.00003473
v 0.03515625 -0.32431641 0.00003471
v 0.04804687 -0.32431641 0.00003467
v 0.06093750 -0.32431641 0.00003462
v 0.07382812 -0.32431641 0.00003456
v 0.12539063 -0.32431641 0.00003422
v 0.13828125 -0.32431641 0.00003411
v 0.15117187 -0.32431641 0.00003400
v 0.16406250 -0.32431641 0.00003387
v 0.17695312 -0.32431641 0.00003374
v 0.18984375 -0.32431641 0.00003360
v 0.20273437 -0.32431641 0.00003345
v 0.21562500 -0.32431641 0.00003330
v 0.22851562 -0.32431641 0.00003314
v 0.18984375 -0.33720703 0.00003276
v 0.20273437 -0.33720703 0.00003270
v 0.21562500 -0.33720703 0.00003264
v -0.19570313 0.28564453 -0.00002051
v -0.30000000 0.14443359 -0.00002051
v -0.18808594 0.05185547 -0.00002051
v -0.20273437 -0.30966797 -0.00002051
v -0.17050781 -0.33544922 -0.00002051
v -0.13300781 -0.32255859 -0.00002051
v -0.07851562 -0.33486328 -0.00002051
v -0.04042969 -0.31552734 -0.00002051
v 0.04628906 -0.33603516 -0.00002051
v 0.09257812 -0.31728516 -0.00002051
v 0.21972656 -0.34541016 -0.00002051
v 0.23085937 -0.33076172 -0.00002051
v 0.21972656 0.03837891 -0.00002051
v 0.29941406 0.09873047 -0.00002051
v 0.29941406 0.16728516 -0.00002051
v 0.21210937 0.27802734 -0.00002051
v 0.07382812 0.34599609 -0.00002051
v 0.00527344 0.33017578 -0.00002051
v -0.07207031 0.34599609 -0.00002051
v 0.07382812 0.34599609 -0.00002051
v -0.09375000 0.33310547 -0.00002051
v -0.08085937 0.33310547 -0.00002051
v -0.06796875 0.33310547 -0.00002051
v -0.05507812 0.33310547 -0.00002051
v -0.04218750 0.33310547 -0.00002051
v -0.02929688 0.33310547 -0.00002051
v -0.01640625 0.33310547 -0.00002051
v 0.02226563 0.33310547 -0.00002051
v 0.03515625 0.33310547 -0.00002051
v 0.04804687 0.33310547 -0.00002051
v 0.06093750 0.33310547 -0.00002051
v 0.07382812 0.33310547 -0.00002051
v 0.08671875 0.33310547 -0.00002051
v 0.09960938 0.33310547 -0.00002051
v -0.11953125 0.32021484 -0.00002051
v -0.10664063 0.32021484 -0.00002051
v -0.09375000 0.32021484 -0.00002051
v -0.08085937 0.32021484 -0.00002051
v -0.06796875 0.32021484 -0.00002051
v -0.05507812 0.32021484 -0.00002051
v -0.04218750 0.32021484 -0.00002051
v -0.02929688 0.32021484 -0.00002051
v -0.01640625 0.32021484 -0.00002051
v -0.00351562 0.32021484 -0.00002051
v 0.00937500 0.32021484 -0.00002051
v 0.02226563 0.32021484 -0.00002051
v 0.03515625 0.32021484 -0.00002051
v 0.04804687 0.32021484 -0.00002051
v 0.06093750 0.32021484 -0.00002051
v 0.07382812 0.32021484 -0.00002051
v 0.08671875 0.32021484 -0.00002051
v 0.09960938 0.32021484 -0.00002051
v 0.11250000 0.32021484 -0.00002051
v 0.12539063 0.32021484 -0.00002051
v -0.14531250 0.30732422 -0.00002051
v -0.13242187 0.30732422 -0.00002051
v -0.11953125 0.30732422 -0.00002051
v -0.10664063 0.30732422 -0.00002051
v -0.09375000 0.30732422 -0.00002051
v -0.08085937 0.30732422 -0.00002051
v -0.06796875 0.30732422 -0.00002051
v -0.05507812 0.30732422 -0.00002051
v -0.04218750 0.30732422 -0.00002051
v -0.02929688 0.30732422 -0.00002051
v -0.01640625 0.30732422 -0.00002051
v -0.00351562 0.30732422 -0.00002051
v 0.00937500 0.30732422 -0.00002051
v 0.02226563 0.30732422 -0.00002051
v 0.03515625 0.30732422 -0.00002051
v 0.04804687 0.30732422 -0.00002051
v 0.06093750 0.30732422 -0.00002051
v 0.07382812 0.30732422 -0.00002051
v 0.08671875 0.30732422 -0.00002051
v 0.09960938 0.30732422 -0.00002051
v 0.11250000 0.30732422 -0.00002051
v 0.12539063 0.30732422 -0.00002051
v 0.13828125 0.30732422 -0.00002051
v 0.15117187 0.30732422 -0.00002051
v -0.17109375 0.29443359 -0.00002051
v -0.15820312 0.29443359 -0.00002051
v -0.14531250 0.29443359 -0.00002051
v -0.13242187 0.29443359 -0.00002051
v -0.11953125 0.29443359 -0.00002051
v -0.10664063 0.29443359 -0.00002051
v -0.09375000 0.29443359 -0.00002051
v -0.08085937 0.29443359 -0.00002051
v -0.06796875 0.29443359 -0.00002051
v -0.05507812 0.29443359 -0.00002051
v -0.04218750 0.29443359 -0.00002051
v -0.02929688 0.29443359 -0.00002051
v -0.01640625 0.29443359 -0.00002051
v -0.00351562 0.29443359 -0.00002051
v 0.00937500 0.29443359 -0.00002051
v 0.02226563 0.29443359 -0.00002051
v 0.03515625 0.29443359 -0.00002051
v 0.04804687 0.29443359 -0.00002051
v 0.06093750 0.29443359 -0.00002051
v 0.07382812 0.29443359 -0.00002051
v 0.08671875 0.29443359 -0.00002051
v 0.09960938 0.29443359 -0.00002051
v 0.11250000 0.29443359 -0.00002051
v 0.12539063 0.29443359 -0.00002051
v 0.13828125 0.29443359 -0.00002051
v 0.15117187 0.29443359 -0.00002051
v 0.16406250 0.29443359 -0.00002051
v 0.17695312 0.29443359 -0.00002051
v -0.19687500 0.28154297 -0.00002051
v -0.18398438 0.28154297 -0.00002051
v -0.17109375 0.28154297 -0.00002051
v -0.15820312 0.28154297 -0.00002051
v -0.14531250 0.28154297 -0.00002051
v -0.13242187 0.28154297 -0.00002051
v -0.11953125 0.28154297 -0.00002051
v -0.10664063 0.28154297 -0.00002051
v -0.09375000 0.28154297 -0.00002051
v -0.08085937 0.28154297 -0.00002051
v -0.06796875 0.28154297 -0.00002051
v -0.05507812 0.28154297 -0.00002051
v -0.04218750 0.28154297 -0.00002051
v -0.02929688 0.28154297 -0.00002051
v -0.01640625 0.28154297 -0.00002051
v -0.00351562 0.28154297 -0.00002051
v 0.00937500 0.28154297 -0.00002051
v 0.02226563 0.28154297 -0.00002051
v 0.03515625 0.28154297 -0.00002051
v 0.04804687 0.28154297 -0.00002051
v 0.06093750 0.28154297 -0.00002051
v 0.07382812 0.28154297 -0.00002051
v 0.08671875 0.28154297 -0.00002051
v 0.09960938 0.28154297 -0.00002051
v 0.11250000 0.28154297 -0.00002051
v 0.12539063 0.28154297 -0.00002051
v 0.13828125 0.28154297 -0.00002051
v 0.15117187 0.28154297 -0.00002051
v 0.16406250 0.28154297 -0.00002051
v 0.17695312 0.28154297 -0.00002051
v 0.18984375 0.28154297 -0.00002051
v 0.20273437 0.28154297 -0.00002051
v -0.19687500 0.26865234 -0.00002051
v -0.18398438 0.26865234 -0.00002051
v -0.17109375 0.26865234 -0.00002051
v -0.15820312 0.26865234 -0.00002051
v -0.14531250 0.26865234 -0.00002051
v -0.13242187 0.26865234 -0.00002051
v -0.11953125 0.26865234 -0.00002051
v -0.10664063 0.26865234 -0.00002051
v -0.09375000 0.26865234 -0.00002051
v -0.08085937 0.26865234 -0.00002051
v -0.06796875 0.26865234 -0.00002051
v -0.05507812 0.26865234 -0.00002051
v -0.04218750 0.26865234 -0.00002051
v -0.02929688 0.26865234 -0.00002051
v -0.01640625 0.26865234 -0.00002051
v -0.00351562 0.26865234 -0.00002051
v 0.00937500 0.26865234 -0.00002051
v 0.02226563 0.26865234 -0.00002051
v 0.03515625 0.26865234 -0.00002051
v 0.04804687 0.26865234 -0.00002051
v 0.06093750 0.26865234 -0.00002051
v 0.07382812 0.26865234 -0.00002051
v 0.08671875 0.26865234 -0.00002051
v 0.09960938 0.26865234 -0.00002051
v 0.11250000 0.26865234 -0.00002051
v 0.12539063 0.26865234 -0.00002051
v 0.13828125 0.26865234 -0.00002051
v 0.15117187 0.26865234 -0.00002051
v 0.16406250 0.26865234 -0.00002051
v 0.17695312 0.26865234 -0.00002051
v 0.18984375 0.26865234 -0.00002051
v 0.20273437 0.26865234 -0.00002051
v 0.21562500 0.26865234 -0.00002051
v -0.20976562 0.25576172 -0.00002051
v -0.19687500 0.25576172 -0.00002051
v -0.18398438 0.25576172 -0.00002051
v -0.17109375 0.25576172 -0.00002051
v -0.15820312 0.25576172 -0.00002051
v -0.14531250 0.25576172 -0.00002051
v -0.13242187 0.25576172 -0.00002051
v -0.11953125 0.25576172 -0.00002051
v -0.10664063 0.25576172 -0.00002051
v -0.09375000 0.25576172 -0.00002051
v -0.08085937 0.25576172 -0.00002051
v -0.06796875 0.25576172 -0.00002051
v -0.05507812 0.25576172 -0.00002051
v -0.04218750 0.25576172 -0.00002051
v -0.02929688 0.25576172 -0.00002051
v -0.01640625 0.25576172 -0.00002051
v -0.00351562 0.25576172 -0.00002051
v 0.00937500 0.25576172 -0.00002051
v 0.02226563 0.25576172 -0.00002051
v 0.03515625 0.25576172 -0.00002051
v 0.04804687 0.25576172 -0.00002051
v 0.06093750 0.25576172 -0.00002051
v 0.07382812 0.25576172 -0.00002051
v 0.08671875 0.25576172 -0.00002051
v 0.09960938 0.25576172 -0.00002051
v 0.11250000 0.25576172 -0.00002051
v 0.12539063 0.25576172 -0.00002051
v 0.13828125 0.25576172 -0.00002051
v 0.15117187 0.25576172 -0.00002051
v 0.16406250 0.25576172 -0.00002051
v 0.17695312 0.25576172 -0.00002051
v 0.18984375 0.25576172 -0.00002051
v 0.20273437 0.25576172 -0.00002051
v 0.21562500 0.25576172 -0.00002051
v 0.22851562 0.25576172 -0.00002051
v -0.22265625 0.24287109 -0.00002051
v -0.20976562 0.24287109 -0.00002051
v -0.19687500 0.24287109 -0.00002051
v -0.18398438 0.24287109 -0.00002051
v -0.17109375 0.24287109 -0.00002051
v -0.15820312 0.24287109 -0.00002051
v -0.14531250 0.24287109 -0.00002051
v -0.13242187 0.24287109 -0.00002051
v -0.11953125 0.24287109 -0.00002051
v -0.10664063 0.24287109 -0.00002051
v -0.09375000 0.24287109 -0.00002051
v -0.08085937 0.24287109 -0.00002051
v -0.06796875 0.24287109 -0.00002051
v -0.05507812 0.24287109 -0.00002051
v -0.04218750 0.24287109 -0.00002051
v -0.02929688 0.24287109 -0.00002051
v -0.01640625 0.24287109 -0.00002051
v -0.00351562 0.24287109 -0.00002051
v 0.00937500 0.24287109 -0.00002051
v 0.02226563 0.24287109 -0.00002051
v 0.03515625 0.24287109 -0.00002051
v 0.04804687 0.24287109 -0.00002051
v 0.06093750 0.24287109 -0.00002051
v 0.07382812 0.24287109 -0.00002051
v 0.08671875 0.24287109 -0.00002051
v 0.09960938 0.24287109 -0.00002051
v 0.11250000 0.24287109 -0.00002051
v 0.12539063 0.24287109 -0.00002051
v 0.13828125 0.24287109 -0.00002051
v 0.15117187 0.24287109 -0.00002051
v 0.16406250 0.24287109 -0.00002051
v 0.17695312 0.24287109 -0.00002051
v 0.18984375 0.24287109 -0.00002051
v 0.20273437 0.24287109 -0.00002051
v 0.21562500 0.24287109 -0.00002051
v 0.22851562 0.24287109 -0.00002051
v -0.23554687 0.22998047 -0.00002051
v -0.22265625 0.22998047 -0.00002051
v -0.20976562 0.22998047 -0.00002051
v -0.19687500 0.22998047 -0.00002051
v -0.18398438 0.22998047 -0.00002051
v -0.17109375 0.22998047 -0.00002051
v -0.15820312 0.22998047 -0.00002051
v -0.14531250 0.22998047 -0.00002051
v -0.13242187 0.22998047 -0.00002051
v -0.11953125 0.22998047 -0.00002051
v -0.10664063 0.22998047 -0.00002051
v -0.09375000 0.22998047 -0.00002051
v -0.08085937 0.22998047 -0.00002051
v -0.06796875 0.22998047 -0.00002051
v -0.05507812 0.22998047 -0.00002051
v -0.04218750 0.22998047 -0.00002051
v -0.02929688 0.22998047 -0.00002051
v -0.01640625 0.22998047 -0.00002051
v -0.00351562 0.22998047 -0.00002051
v 0.00937500 0.22998047 -0.00002051
v 0.02226563 0.22998047 -0.00002051
v 0.03515625 0.22998047 -0.00002051
v 0.04804687 0.22998047 -0.00002051
v 0.06093750 0.22998047 -0.00002051
v 0.07382812 0.22998047 -0.00002051
v 0.08671875 0.22998047 -0.00002051
v 0.09960938 0.22998047 -0.00002051
v 0.11250000 0.22998047 -0.00002051
v 0.12539063 0.22998047 -0.00002051
v 0.13828125 0.22998047 -0.00002051
v 0.15117187 0.22998047 -0.00002051
v 0.16406250 0.22998047 -0.00002051
v 0.17695312 0.22998047 -0.00002051
v 0.18984375 0.22998047 -0.00002051
v 0.20273437 0.22998047 -0.00002051
v 0.21562500 0.22998047 -0.00002051
v 0.22851562 0.22998047 -0.00002051
v 0.24140625 0.22998047 -0.00002051
v -0.23554687 0.21708984 -0.00002051
v -0.22265625 0.21708984 -0.00002051
v -0.20976562 0.21708984 -0.00002051
v -0.19687500 0.21708984 -0.00002051
v -0.18398438 0.21708984 -0.00002051
v -0.17109375 0.21708984 -0.00002051
v -0.15820312 0.21708984 -0.00002051
v -0.14531250 0.21708984 -0.00002051
v -0.13242187 0.21708984 -0.00002051
v -0.11953125 0.21708984 -0.00002051
v -0.10664063 0.21708984 -0.00002051
v -0.09375000 0.21708984 -0.00002051
v -0.08085937 0.21708984 -0.00002051
v -0.06796875 0.21708984 -0.00002051
v -0.05507812 0.21708984 -0.00002051
v -0.04218750 0.21708984 -0.00002051
v -0.02929688 0.21708984 -0.00002051
v -0.01640625 0.21708984 -0.00002051
v -0.00351562 0.21708984 -0.00002051
v 0.00937500 0.21708984 -0.00002051
v 0.02226563 0.21708984 -0.00002051
v 0.03515625 0.21708984 -0.00002051
v 0.04804687 0.21708984 -0.00002051
v 0.06093750 0.21708984 -0.00002051
v 0.07382812 0.21708984 -0.00002051
v 0.08671875 0.21708984 -0.00002051
v 0.09960938 0.21708984 -0.00002051
v 0.11250000 0.21708984 -0.00002051
v 0.12539063 0.21708984 -0.00002051
v 0.13828125 0.21708984 -0.00002051
v 0.15117187 0.21708984 -0.00002051
v 0.16406250 0.21708984 -0.00002051
v 0.17695312 0.21708984 -0.00002051
v 0.18984375 0.21708984 -0.00002051
v 0.20273437 0.21708984 -0.00002051
v 0.21562500 0.21708984 -0.00002051
v 0.22851562 0.21708984 -0.00002051
v 0.24140625 0.21708984 -0.00002051
v 0.25429687 0.21708984 -0.00002051
v -0.24843750 0.20419922 -0.00002051
v -0.23554687 0.20419922 -0.00002051
v -0.22265625 0.20419922 -0.00002051
v -0.20976562 0.20419922 -0.00002051
v -0.19687500 0.20419922 -0.00002051
v -0.18398438 0.20419922 -0.00002051
v -0.17109375 0.20419922 -0.00002051
v -0.15820312 0.20419922 -0.00002051
v -0.14531250 0.20419922 -0.00002051
v -0.13242187 0.20419922 -0.00002051
v -0.11953125 0.20419922 -0.00002051
v -0.10664063 0.20419922 -0.00002051
v -0.09375000 0.20419922 -0.00002051
v -0.08085937 0.20419922 -0.00002051
v -0.06796875 0.20419922 -0.00002051
v -0.05507812 0.20419922 -0.00002051
v -0.04218750 0.20419922 -0.00002051
v -0.02929688 0.20419922 -0.00002051
v -0.01640625 0.20419922 -0.00002051
v -0.00351562 0.20419922 -0.00002051
v 0.00937500 0.20419922 -0.00002051
v 0.02226563 0.20419922 -0.00002051
v 0.03515625 0.20419922 -0.00002051
v 0.04804687 0.20419922 -0.00002051
v 0.06093750 0.20419922 -0.00002051
v 0.07382812 0.20419922 -0.00002051
v 0.08671875 0.20419922 -0.00002051
v 0.09960938 0.20419922 -0.00002051
v 0.11250000 0.20419922 -0.00002051
v 0.12539063 0.20419922 -0.00002051
v 0.13828125 0.20419922 -0.00002051
v 0.15117187 0.20419922 -0.00002051
v 0.16406250 0.20419922 -0.00002051
v 0.17695312 0.20419922 -0.00002051
v 0.18984375 0.20419922 -0.00002051
v 0.20273437 0.20419922 -0.00002051
v 0.21562500 0.20419922 -0.00002051
v 0.22851562 0.20419922 -0.00002051
v 0.24140625 0.20419922 -0.00002051
v 0.25429687 0.20419922 -0.00002051
v 0.26718750 0.20419922 -0.00002051
v -0.26132812 0.19130859 -0.00002051
v -0.24843750 0.19130859 -0.00002051
v -0.23554687 0.19130859 -0.00002051
v -0.22265625 0.19130859 -0.00002051
v -0.20976562 0.19130859 -0.00002051
v -0.19687500 0.19130859 -0.00002051
v -0.18398438 0.19130859 -0.00002051
v -0.17109375 0.19130859 -0.00002051
v -0.15820312 0.19130859 -0.00002051
v -0.14531250 0.19130859 -0.00002051
v -0.13242187 0.19130859 -0.00002051
v -0.11953125 0.19130859 -0.00002051
v -0.10664063 0.19130859 -0.00002051
v -0.09375000 0.19130859 -0.00002051
v -0.08085937 0.19130859 -0.00002051
v -0.06796875 0.19130859 -0.00002051
v -0.05507812 0.19130859 -0.00002051
v -0.04218750 0.19130859 -0.00002051
v -0.02929688 0.19130859 -0.00002051
v -0.01640625 0.19130859 -0.00002051
v -0.00351562 0.19130859 -0.00002051
v 0.00937500 0.19130859 -0.00002051
v 0.02226563 0.19130859 -0.00002051
v 0.03515625 0.19130859 -0.00002051
v 0.04804687 0.19130859 -0.00002051
v 0.06093750 0.19130859 -0.00002051
v 0.07382812 0.19130859 -0.00002051
v 0.08671875 0.19130859 -0.00002051
v 0.09960938 0.19130859 -0.00002051
v 0.11250000 0.19130859 -0.00002051
v 0.12539063 0.19130859 -0.00002051
v 0.13828125 0.19130859 -0.00002051
v 0.15117187 0.19130859 -0.00002051
v 0.16406250 0.19130859 -0.00002051
v 0.17695312 0.19130859 -0.00002051
v 0.18984375 0.19130859 -0.00002051
v 0.20273437 0.19130859 -0.00002051
v 0.21562500 0.19130859 -0.00002051
v 0.22851562 0.19130859 -0.00002051
v 0.24140625 0.19130859 -0.00002051
v 0.25429687 0.19130859 -0.00002051
v 0.26718750 0.19130859 -0.00002051
v 0.28007813 0.19130859 -0.00002051
v -0.27421875 0.17841797 -0.00002051
v -0.26132812 0.17841797 -0.00002051
v -0.24843750 0.17841797 -0.00002051
v -0.23554687 0.17841797 -0.00002051
v -0.22265625 0.17841797 -0.00002051
v -0.20976562 0.17841797 -0.00002051
v -0.19687500 0.17841797 -0.00002051
v -0.18398438 0.17841797 -0.00002051
v -0.17109375 0.17841797 -0.00002051
v -0.15820312 0.17841797 -0.00002051
v -0.14531250 0.17841797 -0.00002051
v -0.13242187 0.17841797 -0.00002051
v -0.11953125 0.17841797 -0.00002051
v -0.10664063 0.17841797 -0.00002051
v -0.09375000 0.17841797 -0.00002051
v -0.08085937 0.17841797 -0.00002051
v -0.06796875 0.17841797 -0.00002051
v -0.05507812 0.17841797 -0.00002051
v -0.04218750 0.17841797 -0.00002051
v -0.02929688 0.17841797 -0.00002051
v -0.01640625 0.17841797 -0.00002051
v -0.00351562 0.17841797 -0.00002051
v 0.00937500 0.17841797 -0.00002051
v 0.02226563 0.17841797 -0.00002051
v 0.03515625 0.17841797 -0.00002051
v 0.04804687 0.17841797 -0.00002051
v 0.06093750 0.17841797 -0.00002051
v 0.07382812 0.17841797 -0.00002051
v 0.08671875 0.17841797 -0.00002051
v 0.09960938 0.17841797 -0.00002051
v 0.11250000 0.17841797 -0.00002051
v 0.12539063 0.17841797 -0.00002051
v 0.13828125 0.17841797 -0.00002051
v 0.15117187 0.17841797 -0.00002051
v 0.16406250 0.17841797 -0.00002051
v 0.17695312 0.17841797 -0.00002051
v 0.18984375 0.17841797 -0.00002051
v 0.20273437 0.17841797 -0.00002051
v 0.21562500 0.17841797 -0.00002051
v 0.22851562 0.17841797 -0.00002051
v 0.24140625 0.17841797 -0.00002051
v 0.25429687 0.17841797 -0.00002051
v 0.26718750 0.17841797 -0.00002051
v 0.28007813 0.17841797 -0.00002051
v -0.27421875 0.16552734 -0.00002051
v -0.26132812 0.16552734 -0.00002051
v -0.24843750 0.16552734 -0.00002051
v -0.23554687 0.16552734 -0.00002051
v -0.22265625 0.16552734 -0.00002051
v -0.20976562 0.16552734 -0.00002051
v -0.19687500 0.16552734 -0.00002051
v -0.18398438 0.16552734 -0.00002051
v -0.17109375 0.16552734 -0.00002051
v -0.15820312 0.16552734 -0.00002051
v -0.14531250 0.16552734 -0.00002051
v -0.13242187 0.16552734 -0.00002051
v -0.11953125 0.16552734 -0.00002051
v -0.10664063 0.16552734 -0.00002051
v -0.09375000 0.16552734 -0.00002051
v -0.08085937 0.16552734 -0.00002051
v -0.06796875 0.16552734 -0.00002051
v -0.05507812 0.16552734 -0.00002051
v -0.04218750 0.16552734 -0.00002051
v -0.02929688 0.16552734 -0.00002051
v -0.01640625 0.16552734 -0.00002051
v -0.00351562 0.16552734 -0.00002051
v 0.00937500 0.16552734 -0.00002051
v 0.02226563 0.16552734 -0.00002051
v 0.03515625 0.16552734 -0.00002051
v 0.04804687 0.16552734 -0.00002051
v 0.06093750 0.16552734 -0.00002051
v 0.07382812 0.16552734 -0.00002051
v 0.08671875 0.16552734 -0.00002051
v 0.09960938 0.16552734 -0.00002051
v 0.11250000 0.16552734 -0.00002051
v 0.12539063 0.16552734 -0.00002051
v 0.13828125 0.16552734 -0.00002051
v 0.15117187 0.16552734 -0.00002051
v 0.16406250 0.16552734 -0.00002051
v 0.17695312 0.16552734 -0.00002051
v 0.18984375 0.16552734 -0.00002051
v 0.20273437 0.16552734 -0.00002051
v 0.21562500 0.16552734 -0.00002051
v 0.22851562 0.16552734 -0.00002051
v 0.24140625 0.16552734 -0.00002051
v 0.25429687 0.16552734 -0.00002051
v 0.26718750 0.16552734 -0.00002051
v 0.28007813 0.16552734 -0.00002051
v 0.29296875 0.16552734 -0.00002051
v -0.28710938 0.15263672 -0.00002051
v -0.27421875 0.15263672 -0.00002051
v -0.26132812 0.15263672 -0.00002051
v -0.24843750 0.15263672 -0.00002051
v -0.23554687 0.15263672 -0.00002051
v -0.22265625 0.15263672 -0.00002051
v -0.20976562 0.15263672 -0.00002051
v -0.19687500 0.15263672 -0.00002051
v -0.18398438 0.15263672 -0.00002051
v -0.17109375 0.15263672 -0.00002051
v -0.15820312 0.15263672 -0.00002051
v -0.14531250 0.15263672 -0.00002051
v -0.13242187 0.15263672 -0.00002051
v -0.11953125 0.15263672 -0.00002051
v -0.10664063 0.15263672 -0.00002051
v -0.09375000 0.15263672 -0.00002051
v -0.08085937 0.15263672 -0.00002051
v -0.06796875 0.15263672 -0.00002051
v -0.05507812 0.15263672 -0.00002051
v -0.04218750 0.15263672 -0.00002051
v -0.02929688 0.15263672 -0.00002051
v -0.01640625 0.15263672 -0.00002051
v -0.00351562 0.15263672 -0.00002051
v 0.00937500 0.15263672 -0.00002051
v 0.02226563 0.15263672 -0.00002051
v 0.03515625 0.15263672 -0.00002051
v 0.04804687 0.15263672 -0.00002051
v 0.06093750 0.15263672 -0.00002051
v 0.07382812 0.15263672 -0.00002051
v 0.08671875 0.15263672 -0.00002051
v 0.09960938 0.15263672 -0.00002051
v 0.11250000 0.15263672 -0.00002051
v 0.12539063 0.15263672 -0.00002051
v 0.13828125 0.15263672 -0.00002051
v 0.15117187 0.15263672 -0.00002051
v 0.16406250 0.15263672 -0.00002051
v 0.17695312 0.15263672 -0.00002051
v 0.18984375 0.15263672 -0.00002051
v 0.20273437 0.15263672 -0.00002051
v 0.21562500 0.15263672 -0.00002051
v 0.22851562 0.15263672 -0.00002051
v 0.24140625 0.15263672 -0.00002051
v 0.25429687 0.15263672 -0.00002051
v 0.26718750 0.15263672 -0.00002051
v 0.28007813 0.15263672 -0.00002051
v 0.29296875 0.15263672 -0.00002051
v -0.28710938 0.13974609 -0.00002051
v -0.27421875 0.13974609 -0.00002051
v -0.26132812 0.13974609 -0.00002051
v -0.24843750 0.13974609 -0.00002051
v -0.23554687 0.13974609 -0.00002051
v -0.22265625 0.13974609 -0.00002051
v -0.20976562 0.13974609 -0.00002051
v -0.19687500 0.13974609 -0.00002051
v -0.18398438 0.13974609 -0.00002051
v -0.17109375 0.13974609 -0.00002051
v -0.15820312 0.13974609 -0.00002051
v -0.14531250 0.13974609 -0.00002051
v -0.13242187 0.13974609 -0.00002051
v -0.11953125 0.13974609 -0.00002051
v -0.10664063 0.13974609 -0.00002051
v -0.09375000 0.13974609 -0.00002051
v -0.08085937 0.13974609 -0.00002051
v -0.06796875 0.13974609 -0.00002051
v -0.05507812 0.13974609 -0.00002051
v -0.04218750 0.13974609 -0.00002051
v -0.02929688 0.13974609 -0.00002051
v -0.01640625 0.13974609 -0.00002051
v -0.00351562 0.13974609 -0.00002051
v 0.00937500 0.13974609 -0.00002051
v 0.02226563 0.13974609 -0.00002051
v 0.03515625 0.13974609 -0.00002051
v 0.04804687 0.13974609 -0.00002051
v 0.06093750 0.13974609 -0.00002051
v 0.07382812 0.13974609 -0.00002051
v 0.08671875 0.13974609 -0.00002051
v 0.09960938 0.13974609 -0.00002051
v 0.11250000 0.13974609 -0.00002051
v 0.12539063 0.13974609 -0.00002051
v 0.13828125 0.13974609 -0.00002051
v 0.15117187 0.13974609 -0.00002051
v 0.16406250 0.13974609 -0.00002051
v 0.17695312 0.13974609 -0.00002051
v 0.18984375 0.13974609 -0.00002051
v 0.20273437 0.13974609 -0.00002051
v 0.21562500 0.13974609 -0.00002051
v 0.22851562 0.13974609 -0.00002051
v 0.24140625 0.13974609 -0.00002051
v 0.25429687 0.13974609 -0.00002051
v 0.26718750 0.13974609 -0.00002051
v 0.28007813 0.13974609 -0.00002051
v 0.29296875 0.13974609 -0.00002051
v -0.27421875 0.12685547 -0.00002051
v -0.26132812 0.12685547 -0.00002051
v -0.24843750 0.12685547 -0.00002051
v -0.23554687 0.12685547 -0.00002051
v -0.22265625 0.12685547 -0.00002051
v -0.20976562 0.12685547 -0.00002051
v -0.19687500 0.12685547 -0.00002051
v -0.18398438 0.12685547 -0.00002051
v -0.17109375 0.12685547 -0.00002051
v -0.15820312 0.12685547 -0.00002051
v -0.14531250 0.12685547 -0.00002051
v -0.13242187 0.12685547 -0.00002051
v -0.11953125 0.12685547 -0.00002051
v -0.10664063 0.12685547 -0.00002051
v -0.09375000 0.12685547 -0.00002051
v -0.08085937 0.12685547 -0.00002051
v -0.06796875 0.12685547 -0.00002051
v -0.05507812 0.12685547 -0.00002051
v -0.04218750 0.12685547 -0.00002051
v -0.02929688 0.12685547 -0.00002051
v -0.01640625 0.12685547 -0.00002051
v -0.00351562 0.12685547 -0.00002051
v 0.00937500 0.12685547 -0.00002051
v 0.02226563 0.12685547 -0.00002051
v 0.03515625 0.12685547 -0.00002051
v 0.04804687 0.12685547 -0.00002051
v 0.06093750 0.12685547 -0.00002051
v 0.07382812 0.12685547 -0.00002051
v 0.08671875 0.12685547 -0.00002051
v 0.09960938 0.12685547 -0.00002051
v 0.11250000 0.12685547 -0.00002051
v 0.12539063 0.12685547 -0.00002051
v 0.13828125 0.12685547 -0.00002051
v 0.15117187 0.12685547 -0.00002051
v 0.16406250 0.12685547 -0.00002051
v 0.17695312 0.12685547 -0.00002051
v 0.18984375 0.12685547 -0.00002051
v 0.20273437 0.12685547 -0.00002051
v 0.21562500 0.12685547 -0.00002051
v 0.22851562 0.12685547 -0.00002051
v 0.24140625 0.12685547 -0.00002051
v 0.25429687 0.12685547 -0.00002051
v 0.26718750 0.12685547 -0.00002051
v 0.28007813 0.12685547 -0.00002051
v 0.29296875 0.12685547 -0.00002051
v -0.26132812 0.11396484 -0.00002051
v -0.24843750 0.11396484 -0.00002051
v -0.23554687 0.11396484 -0.00002051
v -0.22265625 0.11396484 -0.00002051
v -0.20976562 0.11396484 -0.00002051
v -0.19687500 0.11396484 -0.00002051
v -0.18398438 0.11396484 -0.00002051
v -0.17109375 0.11396484 -0.00002051
v -0.15820312 0.11396484 -0.00002051
v -0.14531250 0.11396484 -0.00002051
v -0.13242187 0.11396484 -0.00002051
v -0.11953125 0.11396484 -0.00002051
v -0.10664063 0.11396484 -0.00002051
v -0.09375000 0.11396484 -0.00002051
v -0.08085937 0.11396484 -0.00002051
v -0.06796875 0.11396484 -0.00002051
v -0.05507812 0.11396484 -0.00002051
v -0.04218750 0.11396484 -0.00002051
v -0.02929688 0.11396484 -0.00002051
v -0.01640625 0.11396484 -0.00002051
v -0.00351562 0.11396484 -0.00002051
v 0.00937500 0.11396484 -0.00002051
v 0.02226563 0.11396484 -0.00002051
v 0.03515625 0.11396484 -0.00002051
v 0.04804687 0.11396484 -0.00002051
v 0.06093750 0.11396484 -0.00002051
v 0.07382812 0.11396484 -0.00002051
v 0.08671875 0.11396484 -0.00002051
v 0.09960938 0.11396484 -0.00002051
v 0.11250000 0.11396484 -0.00002051
v 0.12539063 0.11396484 -0.00002051
v 0.13828125 0.11396484 -0.00002051
v 0.15117187 0.11396484 -0.00002051
v 0.16406250 0.11396484 -0.00002051
v 0.17695312 0.11396484 -0.00002051
v 0.18984375 0.11396484 -0.00002051
v 0.20273437 0.11396484 -0.00002051
v 0.21562500 0.11396484 -0.00002051
v 0.22851562 0.11396484 -0.00002051
v 0.24140625 0.11396484 -0.00002051
v 0.25429687 0.11396484 -0.00002051
v 0.26718750 0.11396484 -0.00002051
v 0.28007813 0.11396484 -0.00002051
v 0.29296875 0.11396484 -0.00002051
v -0.23554687 0.10107422 -0.00002051
v -0.22265625 0.10107422 -0.00002051
v -0.20976562 0.10107422 -0.00002051
v -0.19687500 0.10107422 -0.00002051
v -0.18398438 0.10107422 -0.00002051
v -0.17109375 0.10107422 -0.00002051
v -0.15820312 0.10107422 -0.00002051
v -0.14531250 0.10107422 -0.00002051
v -0.13242187 0.10107422 -0.00002051
v -0.11953125 0.10107422 -0.00002051
v -0.10664063 0.10107422 -0.00002051
v -0.09375000 0.10107422 -0.00002051
v -0.08085937 0.10107422 -0.00002051
v -0.06796875 0.10107422 -0.00002051
v -0.05507812 0.10107422 -0.00002051
v -0.04218750 0.10107422 -0.00002051
v -0.02929688 0.10107422 -0.00002051
v -0.01640625 0.10107422 -0.00002051
v -0.00351562 0.10107422 -0.00002051
v 0.00937500 0.10107422 -0.00002051
v 0.02226563 0.10107422 -0.00002051
v 0.03515625 0.10107422 -0.00002051
v 0.04804687 0.10107422 -0.00002051
v 0.06093750 0.10107422 -0.00002051
v 0.07382812 0.10107422 -0.00002051
v 0.08671875 0.10107422 -0.00002051
v 0.09960938 0.10107422 -0.00002051
v 0.11250000 0.10107422 -0.00002051
v 0.12539063 0.10107422 -0.00002051
v 0.13828125 0.10107422 -0.00002051
v 0.15117187 0.10107422 -0.00002051
v 0.16406250 0.10107422 -0.00002051
v 0.17695312 0.10107422 -0.00002051
v 0.18984375 0.10107422 -0.00002051
v 0.20273437 0.10107422 -0.00002051
v 0.21562500 0.10107422 -0.00002051
v 0.22851562 0.10107422 -0.00002051
v 0.24140625 0.10107422 -0.00002051
v 0.25429687 0.10107422 -0.00002051
v 0.26718750 0.10107422 -0.00002051
v 0.28007813 0.10107422 -0.00002051
v 0.29296875 0.10107422 -0.00002051
v -0.22265625 0.08818359 -0.00002051
v -0.20976562 0.08818359 -0.00002051
v -0.19687500 0.08818359 -0.00002051
v -0.18398438 0.08818359 -0.00002051
v -0.17109375 0.08818359 -0.00002051
v -0.15820312 0.08818359 -0.00002051
v -0.14531250 0.08818359 -0.00002051
v -0.13242187 0.08818359 -0.00002051
v -0.11953125 0.08818359 -0.00002051
v -0.10664063 0.08818359 -0.00002051
v -0.09375000 0.08818359 -0.00002051
v -0.08085937 0.08818359 -0.00002051
v -0.06796875 0.08818359 -0.00002051
v -0.05507812 0.08818359 -0.00002051
v -0.04218750 0.08818359 -0.00002051
v -0.02929688 0.08818359 -0.00002051
v -0.01640625 0.08818359 -0.00002051
v -0.00351562 0.08818359 -0.00002051
v 0.00937500 0.08818359 -0.00002051
v 0.02226563 0.08818359 -0.00002051
v 0.03515625 0.08818359 -0.00002051
v 0.04804687 0.08818359 -0.00002051
v 0.06093750 0.08818359 -0.00002051
v 0.07382812 0.08818359 -0.00002051
v 0.08671875 0.08818359 -0.00002051
v 0.09960938 0.08818359 -0.00002051
v 0.11250000 0.08818359 -0.00002051
v 0.12539063 0.08818359 -0.00002051
v 0.13828125 0.08818359 -0.00002051
v 0.15117187 0.08818359 -0.00002051
v 0.16406250 0.08818359 -0.00002051
v 0.17695312 0.08818359 -0.00002051
v 0.18984375 0.08818359 -0.00002051
v 0.20273437 0.08818359 -0.00002051
v 0.21562500 0.08818359 -0.00002051
v 0.22851562 0.08818359 -0.00002051
v 0.24140625 0.08818359 -0.00002051
v 0.25429687 0.08818359 -0.00002051
v 0.26718750 0.08818359 -0.00002051
v 0.28007813 0.08818359 -0.00002051
v -0.20976562 0.07529297 -0.00002051
v -0.19687500 0.07529297 -0.00002051
v -0.18398438 0.07529297 -0.00002051
v -0.17109375 0.07529297 -0.00002051
v -0.15820312 0.07529297 -0.00002051
v -0.14531250 0.07529297 -0.00002051
v -0.13242187 0.07529297 -0.00002051
v -0.11953125 0.07529297 -0.00002051
v -0.10664063 0.07529297 -0.00002051
v -0.09375000 0.07529297 -0.00002051
v -0.08085937 0.07529297 -0.00002051
v -0.06796875 0.07529297 -0.00002051
v -0.05507812 0.07529297 -0.00002051
v -0.04218750 0.07529297 -0.00002051
v -0.02929688 0.07529297 -0.00002051
v -0.01640625 0.07529297 -0.00002051
v -0.00351562 0.07529297 -0.00002051
v 0.00937500 0.07529297 -0.00002051
v 0.02226563 0.07529297 -0.00002051
v 0.03515625 0.07529297 -0.00002051
v 0.04804687 0.07529297 -0.00002051
v 0.06093750 0.07529297 -0.00002051
v 0.07382812 0.07529297 -0.00002051
v 0.08671875 0.07529297 -0.00002051
v 0.09960938 0.07529297 -0.00002051
v 0.11250000 0.07529297 -0.00002051
v 0.12539063 0.07529297 -0.00002051
v 0.13828125 0.07529297 -0.00002051
v 0.15117187 0.07529297 -0.00002051
v 0.16406250 0.07529297 -0.00002051
v 0.17695312 0.07529297 -0.00002051
v 0.18984375 0.07529297 -0.00002051
v 0.20273437 0.07529297 -0.00002051
v 0.21562500 0.07529297 -0.00002051
v 0.22851562 0.07529297 -0.00002051
v 0.24140625 0.07529297 -0.00002051
v 0.25429687 0.07529297 -0.00002051
v 0.26718750 0.07529297 -0.00002051
v -0.19687500 0.06240234 -0.00002051
v -0.18398438 0.06240234 -0.00002051
v -0.17109375 0.06240234 -0.00002051
v -0.15820312 0.06240234 -0.00002051
v -0.14531250 0.06240234 -0.00002051
v -0.13242187 0.06240234 -0.00002051
v -0.11953125 0.06240234 -0.00002051
v -0.10664063 0.06240234 -0.00002051
v -0.09375000 0.06240234 -0.00002051
v -0.08085937 0.06240234 -0.00002051
v -0.06796875 0.06240234 -0.00002051
v -0.05507812 0.06240234 -0.00002051
v -0.04218750 0.06240234 -0.00002051
v -0.02929688 0.06240234 -0.00002051
v -0.01640625 0.06240234 -0.00002051
v -0.00351562 0.06240234 -0.00002051
v 0.00937500 0.06240234 -0.00002051
v 0.02226563 0.06240234 -0.00002051
v 0.03515625 0.06240234 -0.00002051
v 0.04804687 0.06240234 -0.00002051
v 0.06093750 0.06240234 -0.00002051
v 0.07382812 0.06240234 -0.00002051
v 0.08671875 0.06240234 -0.00002051
v 0.09960938 0.06240234 -0.00002051
v 0.11250000 0.06240234 -0.00002051
v 0.12539063 0.06240234 -0.00002051
v 0.13828125 0.06240234 -0.00002051
v 0.15117187 0.06240234 -0.00002051
v 0.16406250 0.06240234 -0.00002051
v 0.17695312 0.06240234 -0.00002051
v 0.18984375 0.06240234 -0.00002051
v 0.20273437 0.06240234 -0.00002051
v 0.21562500 0.06240234 -0.00002051
v 0.22851562 0.06240234 -0.00002051
v 0.24140625 0.06240234 -0.00002051
v -0.18398438 0.04951172 -0.00002051
v -0.17109375 0.04951172 -0.00002051
v -0.15820312 0.04951172 -0.00002051
v -0.14531250 0.04951172 -0.00002051
v -0.13242187 0.04951172 -0.00002051
v -0.11953125 0.04951172 -0.00002051
v -0.10664063 0.04951172 -0.00002051
v -0.09375000 0.04951172 -0.00002051
v -0.08085937 0.04951172 -0.00002051
v -0.06796875 0.04951172 -0.00002051
v -0.05507812 0.04951172 -0.00002051
v -0.04218750 0.04951172 -0.00002051
v -0.02929688 0.04951172 -0.00002051
v -0.01640625 0.04951172 -0.00002051
v -0.00351562 0.04951172 -0.00002051
v 0.00937500 0.04951172 -0.00002051
v 0.02226563 0.04951172 -0.00002051
v 0.03515625 0.04951172 -0.00002051
v 0.04804687 0.04951172 -0.00002051
v 0.06093750 0.04951172 -0.00002051
v 0.07382812 0.04951172 -0.00002051
v 0.08671875 0.04951172 -0.00002051
v 0.09960938 0.04951172 -0.00002051
v 0.11250000 0.04951172 -0.00002051
v 0.12539063 0.04951172 -0.00002051
v 0.13828125 0.04951172 -0.00002051
v 0.15117187 0.04951172 -0.00002051
v 0.16406250 0.04951172 -0.00002051
v 0.17695312 0.04951172 -0.00002051
v 0.18984375 0.04951172 -0.00002051
v 0.20273437 0.04951172 -0.00002051
v 0.21562500 0.04951172 -0.00002051
v 0.22851562 0.04951172 -0.00002051
v -0.18398438 0.03662109 -0.00002051
v -0.17109375 0.03662109 -0.00002051
v -0.15820312 0.03662109 -0.00002051
v -0.14531250 0.03662109 -0.00002051
v -0.13242187 0.03662109 -0.00002051
v -0.11953125 0.03662109 -0.00002051
v -0.10664063 0.03662109 -0.00002051
v -0.09375000 0.03662109 -0.00002051
v -0.08085937 0.03662109 -0.00002051
v -0.06796875 0.03662109 -0.00002051
v -0.05507812 0.03662109 -0.00002051
v -0.04218750 0.03662109 -0.00002051
v -0.02929688 0.03662109 -0.00002051
v -0.01640625 0.03662109 -0.00002051
v -0.00351562 0.03662109 -0.00002051
v 0.00937500 0.03662109 -0.00002051
v 0.02226563 0.03662109 -0.00002051
v 0.03515625 0.03662109 -0.00002051
v 0.04804687 0.03662109 -0.00002051
v 0.06093750 0.03662109 -0.00002051
v 0.07382812 0.03662109 -0.00002051
v 0.08671875 0.03662109 -0.00002051
v 0.09960938 0.03662109 -0.00002051
v 0.11250000 0.03662109 -0.00002051
v 0.12539063 0.03662109 -0.00002051
v 0.13828125 0.03662109 -0.00002051
v 0.15117187 0.03662109 -0.00002051
v 0.16406250 0.03662109 -0.00002051
v 0.17695312 0.03662109 -0.00002051
v 0.18984375 0.03662109 -0.00002051
v 0.20273437 0.03662109 -0.00002051
v 0.21562500 0.03662109 -0.00002051
v -0.18398438 0.02373047 -0.00002051
v -0.17109375 0.02373047 -0.00002051
v -0.15820312 0.02373047 -0.00002051
v -0.14531250 0.02373047 -0.00002051
v -0.13242187 0.02373047 -0.00002051
v -0.11953125 0.02373047 -0.00002051
v -0.10664063 0.02373047 -0.00002051
v -0.09375000 0.02373047 -0.00002051
v -0.08085937 0.02373047 -0.00002051
v -0.06796875 0.02373047 -0.00002051
v -0.05507812 0.02373047 -0.00002051
v -0.04218750 0.02373047 -0.00002051
v -0.02929688 0.02373047 -0.00002051
v -0.01640625 0.02373047 -0.00002051
v -0.00351562 0.02373047 -0.00002051
v 0.00937500 0.02373047 -0.00002051
v 0.02226563 0.02373047 -0.00002051
v 0.03515625 0.02373047 -0.00002051
v 0.04804687 0.02373047 -0.00002051
v 0.06093750 0.02373047 -0.00002051
v 0.07382812 0.02373047 -0.00002051
v 0.08671875 0.02373047 -0.00002051
v 0.09960938 0.02373047 -0.00002051
v 0.11250000 0.02373047 -0.00002051
v 0.12539063 0.02373047 -0.00002051
v 0.13828125 0.02373047 -0.00002051
v 0.15117187 0.02373047 -0.00002051
v 0.16406250 0.02373047 -0.00002051
v 0.17695312 0.02373047 -0.00002051
v 0.18984375 0.02373047 -0.00002051
v 0.20273437 0.02373047 -0.00002051
v 0.21562500 0.02373047 -0.00002051
v -0.18398438 0.01083984 -0.00002051
v -0.17109375 0.01083984 -0.00002051
v -0.15820312 0.01083984 -0.00002051
v -0.14531250 0.01083984 -0.00002051
v -0.13242187 0.01083984 -0.00002051
v -0.11953125 0.01083984 -0.00002051
v -0.10664063 0.01083984 -0.00002051
v -0.09375000 0.01083984 -0.00002051
v -0.08085937 0.01083984 -0.00002051
v -0.06796875 0.01083984 -0.00002051
v -0.05507812 0.01083984 -0.00002051
v -0.04218750 0.01083984 -0.00002051
v -0.02929688 0.01083984 -0.00002051
v -0.01640625 0.01083984 -0.00002051
v -0.00351562 0.01083984 -0.00002051
v 0.00937500 0.01083984 -0.00002051
v 0.02226563 0.01083984 -0.00002051
v 0.03515625 0.01083984 -0.00002051
v 0.04804687 0.01083984 -0.00002051
v 0.06093750 0.01083984 -0.00002051
v 0.07382812 0.01083984 -0.00002051
v 0.08671875 0.01083984 -0.00002051
v 0.09960938 0.01083984 -0.00002051
v 0.11250000 0.01083984 -0.00002051
v 0.12539063 0.01083984 -0.00002051
v 0.13828125 0.01083984 -0.00002051
v 0.15117187 0.01083984 -0.00002051
v 0.16406250 0.01083984 -0.00002051
v 0.17695312 0.01083984 -0.00002051
v 0.18984375 0.01083984 -0.00002051
v 0.20273437 0.01083984 -0.00002051
v 0.21562500 0.01083984 -0.00002051
v -0.18398438 -0.00205078 -0.00002051
v -0.17109375 -0.00205078 -0.00002051
v -0.15820312 -0.00205078 -0.00002051
v -0.14531250 -0.00205078 -0.00002051
v -0.13242187 -0.00205078 -0.00002051
v -0.11953125 -0.00205078 -0.00002051
v -0.10664063 -0.00205078 -0.00002051
v -0.09375000 -0.00205078 -0.00002051
v -0.08085937 -0.00205078 -0.00002051
v -0.06796875 -0.00205078 -0.00002051
v -0.05507812 -0.00205078 -0.00002051
v -0.04218750 -0.00205078 -0.00002051
v -0.02929688 -0.00205078 -0.00002051
v -0.01640625 -0.00205078 -0.00002051
v -0.00351562 -0.00205078 -0.00002051
v 0.00937500 -0.00205078 -0.00002051
v 0.02226563 -0.00205078 -0.00002051
v 0.03515625 -0.00205078 -0.00002051
v 0.04804687 -0.00205078 -0.00002051
v 0.06093750 -0.00205078 -0.00002051
v 0.07382812 -0.00205078 -0.00002051
v 0.08671875 -0.00205078 -0.00002051
v 0.09960938 -0.00205078 -0.00002051
v 0.11250000 -0.00205078 -0.00002051
v 0.12539063 -0.00205078 -0.00002051
v 0.13828125 -0.00205078 -0.00002051
v 0.15117187 -0.00205078 -0.00002051
v 0.16406250 -0.00205078 -0.00002051
v 0.17695312 -0.00205078 -0.00002051
v 0.18984375 -0.00205078 -0.00002051
v 0.20273437 -0.00205078 -0.00002051
v 0.21562500 -0.00205078 -0.00002051
v -0.18398438 -0.01494141 -0.00002051
v -0.17109375 -0.01494141 -0.00002051
v -0.15820312 -0.01494141 -0.00002051
v -0.14531250 -0.01494141 -0.00002051
v -0.13242187 -0.01494141 -0.00002051
v -0.11953125 -0.01494141 -0.00002051
v -0.10664063 -0.01494141 -0.00002051
v -0.09375000 -0.01494141 -0.00002051
v -0.08085937 -0.01494141 -0.00002051
v -0.06796875 -0.01494141 -0.00002051
v -0.05507812 -0.01494141 -0.00002051
v -0.04218750 -0.01494141 -0.00002051
v -0.02929688 -0.01494141 -0.00002051
v -0.01640625 -0.01494141 -0.00002051
v -0.00351562 -0.01494141 -0.00002051
v 0.00937500 -0.01494141 -0.00002051
v 0.02226563 -0.01494141 -0.00002051
v 0.03515625 -0.01494141 -0.00002051
v 0.04804687 -0.01494141 -0.00002051
v 0.06093750 -0.01494141 -0.00002051
v 0.07382812 -0.01494141 -0.00002051
v 0.08671875 -0.01494141 -0.00002051
v 0.09960938 -0.01494141 -0.00002051
v 0.11250000 -0.01494141 -0.00002051
v 0.12539063 -0.01494141 -0.00002051
v 0.13828125 -0.01494141 -0.00002051
v 0.15117187 -0.01494141 -0.00002051
v 0.16406250 -0.01494141 -0.00002051
v 0.17695312 -0.01494141 -0.00002051
v 0.18984375 -0.01494141 -0.00002051
v 0.20273437 -0.01494141 -0.00002051
v 0.21562500 -0.01494141 -0.00002051
v -0.18398438 -0.02783203 -0.00002051
v -0.17109375 -0.02783203 -0.00002051
v -0.15820312 -0.02783203 -0.00002051
v -0.14531250 -0.02783203 -0.00002051
v -0.13242187 -0.02783203 -0.00002051
v -0.11953125 -0.02783203 -0.00002051
v -0.10664063 -0.02783203 -0.00002051
v -0.09375000 -0.02783203 -0.00002051
v -0.08085937 -0.02783203 -0.00002051
v -0.06796875 -0.02783203 -0.00002051
v -0.05507812 -0.02783203 -0.00002051
v -0.04218750 -0.02783203 -0.00002051
v -0.02929688 -0.02783203 -0.00002051
v -0.01640625 -0.02783203 -0.00002051
v -0.00351562 -0.02783203 -0.00002051
v 0.00937500 -0.02783203 -0.00002051
v 0.02226563 -0.02783203 -0.00002051
v 0.03515625 -0.02783203 -0.00002051
v 0.04804687 -0.02783203 -0.00002051
v 0.06093750 -0.02783203 -0.00002051
v 0.07382812 -0.02783203 -0.00002051
v 0.08671875 -0.02783203 -0.00002051
v 0.09960938 -0.02783203 -0.00002051
v 0.11250000 -0.02783203 -0.00002051
v 0.12539063 -0.02783203 -0.00002051
v 0.13828125 -0.02783203 -0.00002051
v 0.15117187 -0.02783203 -0.00002051
v 0.16406250 -0.02783203 -0.00002051
v 0.17695312 -0.02783203 -0.00002051
v 0.18984375 -0.02783203 -0.00002051
v 0.20273437 -0.02783203 -0.00002051
v 0.21562500 -0.02783203 -0.00002051
v -0.18398438 -0.04072266 -0.00002051
v -0.17109375 -0.04072266 -0.00002051
v -0.15820312 -0.04072266 -0.00002051
v -0.14531250 -0.04072266 -0.00002051
v -0.13242187 -0.04072266 -0.00002051
v -0.11953125 -0.04072266 -0.00002051
v -0.10664063 -0.04072266 -0.00002051
v -0.09375000 -0.04072266 -0.00002051
v -0.08085937 -0.04072266 -0.00002051
v -0.06796875 -0.04072266 -0.00002051
v -0.05507812 -0.04072266 -0.00002051
v -0.04218750 -0.04072266 -0.00002051
v -0.02929688 -0.04072266 -0.00002051
v -0.01640625 -0.04072266 -0.00002051
v -0.00351562 -0.04072266 -0.00002051
v 0.00937500 -0.04072266 -0.00002051
v 0.02226563 -0.04072266 -0.00002051
v 0.03515625 -0.04072266 -0.00002051
v 0.04804687 -0.04072266 -0.00002051
v 0.06093750 -0.04072266 -0.00002051
v 0.07382812 -0.04072266 -0.00002051
v 0.08671875 -0.04072266 -0.00002051
v 0.09960938 -0.04072266 -0.00002051
v 0.11250000 -0.04072266 -0.00002051
v 0.12539063 -0.04072266 -0.00002051
v 0.13828125 -0.04072266 -0.00002051
v 0.15117187 -0.04072266 -0.00002051
v 0.16406250 -0.04072266 -0.00002051
v 0.17695312 -0.04072266 -0.00002051
v 0.18984375 -0.04072266 -0.00002051
v 0.20273437 -0.04072266 -0.00002051
v 0.21562500 -0.04072266 -0.00002051
v -0.18398438 -0.05361328 -0.00002051
v -0.17109375 -0.05361328 -0.00002051
v -0.15820312 -0.05361328 -0.00002051
v -0.14531250 -0.05361328 -0.00002051
v -0.13242187 -0.05361328 -0.00002051
v -0.11953125 -0.05361328 -0.00002051
v -0.10664063 -0.05361328 -0.00002051
v -0.09375000 -0.05361328 -0.00002051
v -0.08085937 -0.05361328 -0.00002051
v -0.06796875 -0.05361328 -0.00002051
v -0.05507812 -0.05361328 -0.00002051
v -0.04218750 -0.05361328 -0.00002051
v -0.02929688 -0.05361328 -0.00002051
v -0.01640625 -0.05361328 -0.00002051
v -0.00351562 -0.05361328 -0.00002051
v 0.00937500 -0.05361328 -0.00002051
v 0.02226563 -0.05361328 -0.00002051
v 0.03515625 -0.05361328 -0.00002051
v 0.04804687 -0.05361328 -0.00002051
v 0.06093750 -0.05361328 -0.00002051
v 0.07382812 -0.05361328 -0.00002051
v 0.08671875 -0.05361328 -0.00002051
v 0.09960938 -0.05361328 -0.00002051
v 0.11250000 -0.05361328 -0.00002051
v 0.12539063 -0.05361328 -0.00002051
v 0.13828125 -0.05361328 -0.00002051
v 0.15117187 -0.05361328 -0.00002051
v 0.16406250 -0.05361328 -0.00002051
v 0.17695312 -0.05361328 -0.00002051
v 0.18984375 -0.05361328 -0.00002051
v 0.20273437 -0.05361328 -0.00002051
v 0.21562500 -0.05361328 -0.00002051
v -0.18398438 -0.06650391 -0.00002051
v -0.17109375 -0.06650391 -0.00002051
v -0.15820312 -0.06650391 -0.00002051
v -0.14531250 -0.06650391 -0.00002051
v -0.13242187 -0.06650391 -0.00002051
v -0.11953125 -0.06650391 -0.00002051
v -0.10664063 -0.06650391 -0.00002051
v -0.09375000 -0.06650391 -0.00002051
v -0.08085937 -0.06650391 -0.00002051
v -0.06796875 -0.06650391 -0.00002051
v -0.05507812 -0.06650391 -0.00002051
v -0.04218750 -0.06650391 -0.00002051
v -0.02929688 -0.06650391 -0.00002051
v -0.01640625 -0.06650391 -0.00002051
v -0.00351562 -0.06650391 -0.00002051
v 0.00937500 -0.06650391 -0.00002051
v 0.02226563 -0.06650391 -0.00002051
v 0.03515625 -0.06650391 -0.00002051
v 0.04804687 -0.06650391 -0.00002051
v 0.06093750 -0.06650391 -0.00002051
v 0.07382812 -0.06650391 -0.00002051
v 0.08671875 -0.06650391 -0.00002051
v 0.09960938 -0.06650391 -0.00002051
v 0.11250000 -0.06650391 -0.00002051
v 0.12539063 -0.06650391 -0.00002051
v 0.13828125 -0.06650391 -0.00002051
v 0.15117187 -0.06650391 -0.00002051
v 0.16406250 -0.06650391 -0.00002051
v 0.17695312 -0.06650391 -0.00002051
v 0.18984375 -0.06650391 -0.00002051
v 0.20273437 -0.06650391 -0.00002051
v 0.21562500 -0.06650391 -0.00002051
v -0.18398438 -0.07939453 -0.00002051
v -0.17109375 -0.07939453 -0.00002051
v -0.15820312 -0.07939453 -0.00002051
v -0.14531250 -0.07939453 -0.00002051
v -0.13242187 -0.07939453 -0.00002051
v -0.11953125 -0.07939453 -0.00002051
v -0.10664063 -0.07939453 -0.00002051
v -0.09375000 -0.07939453 -0.00002051
v -0.08085937 -0.07939453 -0.00002051
v -0.06796875 -0.07939453 -0.00002051
v -0.05507812 -0.07939453 -0.00002051
v -0.04218750 -0.07939453 -0.00002051
v -0.02929688 -0.07939453 -0.00002051
v -0.01640625 -0.07939453 -0.00002051
v -0.00351562 -0.07939453 -0.00002051
v 0.00937500 -0.07939453 -0.00002051
v 0.02226563 -0.07939453 -0.00002051
v 0.03515625 -0.07939453 -0.00002051
v 0.04804687 -0.07939453 -0.00002051
v 0.06093750 -0.07939453 -0.00002051
v 0.07382812 -0.07939453 -0.00002051
v 0.08671875 -0.07939453 -0.00002051
v 0.09960938 -0.07939453 -0.00002051
v 0.11250000 -0.07939453 -0.00002051
v 0.12539063 -0.07939453 -0.00002051
v 0.13828125 -0.07939453 -0.00002051
v 0.15117187 -0.07939453 -0.00002051
v 0.16406250 -0.07939453 -0.00002051
v 0.17695312 -0.07939453 -0.00002051
v 0.18984375 -0.07939453 -0.00002051
v 0.20273437 -0.07939453 -0.00002051
v 0.21562500 -0.07939453 -0.00002051
v -0.18398438 -0.09228516 -0.00002051
v -0.17109375 -0.09228516 -0.00002051
v -0.15820312 -0.09228516 -0.00002051
v -0.14531250 -0.09228516 -0.00002051
v -0.13242187 -0.09228516 -0.00002051
v -0.11953125 -0.09228516 -0.00002051
v -0.10664063 -0.09228516 -0.00002051
v -0.09375000 -0.09228516 -0.00002051
v -0.08085937 -0.09228516 -0.00002051
v -0.06796875 -0.09228516 -0.00002051
v -0.05507812 -0.09228516 -0.00002051
v -0.04218750 -0.09228516 -0.00002051
v -0.02929688 -0.09228516 -0.00002051
v -0.01640625 -0.09228516 -0.00002051
v -0.00351562 -0.09228516 -0.00002051
v 0.00937500 -0.09228516 -0.00002051
v 0.02226563 -0.09228516 -0.00002051
v 0.03515625 -0.09228516 -0.00002051
v 0.04804687 -0.09228516 -0.00002051
v 0.06093750 -0.09228516 -0.00002051
v 0.07382812 -0.09228516 -0.00002051
v 0.08671875 -0.09228516 -0.00002051
v 0.09960938 -0.09228516 -0.00002051
v 0.11250000 -0.09228516 -0.00002051
v 0.12539063 -0.09228516 -0.00002051
v 0.13828125 -0.09228516 -0.00002051
v 0.15117187 -0.09228516 -0.00002051
v 0.16406250 -0.09228516 -0.00002051
v 0.17695312 -0.09228516 -0.00002051
v 0.18984375 -0.09228516 -0.00002051
v 0.20273437 -0.09228516 -0.00002051
v 0.21562500 -0.09228516 -0.00002051
v -0.18398438 -0.10517578 -0.00002051
v -0.17109375 -0.10517578 -0.00002051
v -0.15820312 -0.10517578 -0.00002051
v -0.14531250 -0.10517578 -0.00002051
v -0.13242187 -0.10517578 -0.00002051
v -0.11953125 -0.10517578 -0.00002051
v -0.10664063 -0.10517578 -0.00002051
v -0.09375000 -0.10517578 -0.00002051
v -0.08085937 -0.10517578 -0.00002051
v -0.06796875 -0.10517578 -0.00002051
v -0.05507812 -0.10517578 -0.00002051
v -0.04218750 -0.10517578 -0.00002051
v -0.02929688 -0.10517578 -0.00002051
v -0.01640625 -0.10517578 -0.00002051
v -0.00351562 -0.10517578 -0.00002051
v 0.00937500 -0.10517578 -0.00002051
v 0.02226563 -0.10517578 -0.00002051
v 0.03515625 -0.10517578 -0.00002051
v 0.04804687 -0.10517578 -0.00002051
v 0.06093750 -0.10517578 -0.00002051
v 0.07382812 -0.10517578 -0.00002051
v 0.08671875 -0.10517578 -0.00002051
v 0.09960938 -0.10517578 -0.00002051
v 0.11250000 -0.10517578 -0.00002051
v 0.12539063 -0.10517578 -0.00002051
v 0.13828125 -0.10517578 -0.00002051
v 0.15117187 -0.10517578 -0.00002051
v 0.16406250 -0.10517578 -0.00002051
v 0.17695312 -0.10517578 -0.00002051
v 0.18984375 -0.10517578 -0.00002051
v 0.20273437 -0.10517578 -0.00002051
v 0.21562500 -0.10517578 -0.00002051
v -0.18398438 -0.11806641 -0.00002051
v -0.17109375 -0.11806641 -0.00002051
v -0.15820312 -0.11806641 -0.00002051
v -0.14531250 -0.11806641 -0.00002051
v -0.13242187 -0.11806641 -0.00002051
v -0.11953125 -0.11806641 -0.00002051
v -0.10664063 -0.11806641 -0.00002051
v -0.09375000 -0.11806641 -0.00002051
v -0.08085937 -0.11806641 -0.00002051
v -0.06796875 -0.11806641 -0.00002051
v -0.05507812 -0.11806641 -0.00002051
v -0.04218750 -0.11806641 -0.00002051
v -0.02929688 -0.11806641 -0.00002051
v -0.01640625 -0.11806641 -0.00002051
v -0.00351562 -0.11806641 -0.00002051
v 0.00937500 -0.11806641 -0.00002051
v 0.02226563 -0.11806641 -0.00002051
v 0.03515625 -0.11806641 -0.00002051
v 0.04804687 -0.11806641 -0.00002051
v 0.06093750 -0.11806641 -0.00002051
v 0.07382812 -0.11806641 -0.00002051
v 0.08671875 -0.11806641 -0.00002051
v 0.09960938 -0.11806641 -0.00002051
v 0.11250000 -0.11806641 -0.00002051
v 0.12539063 -0.11806641 -0.00002051
v 0.13828125 -0.11806641 -0.00002051
v 0.15117187 -0.11806641 -0.00002051
v 0.16406250 -0.11806641 -0.00002051
v 0.17695312 -0.11806641 -0.00002051
v 0.18984375 -0.11806641 -0.00002051
v 0.20273437 -0.11806641 -0.00002051
v 0.21562500 -0.11806641 -0.00002051
v -0.18398438 -0.13095703 -0.00002051
v -0.17109375 -0.13095703 -0.00002051
v -0.15820312 -0.13095703 -0.00002051
v -0.14531250 -0.13095703 -0.00002051
v -0.13242187 -0.13095703 -0.00002051
v -0.11953125 -0.13095703 -0.00002051
v -0.10664063 -0.13095703 -0.00002051
v -0.09375000 -0.13095703 -0.00002051
v -0.08085937 -0.13095703 -0.00002051
v -0.06796875 -0.13095703 -0.00002051
v -0.05507812 -0.13095703 -0.00002051
v -0.04218750 -0.13095703 -0.00002051
v -0.02929688 -0.13095703 -0.00002051
v -0.01640625 -0.13095703 -0.00002051
v -0.00351562 -0.13095703 -0.00002051
v 0.00937500 -0.13095703 -0.00002051
v 0.02226563 -0.13095703 -0.00002051
v 0.03515625 -0.13095703 -0.00002051
v 0.04804687 -0.13095703 -0.00002051
v 0.06093750 -0.13095703 -0.00002051
v 0.07382812 -0.13095703 -0.00002051
v 0.08671875 -0.13095703 -0.00002051
v 0.09960938 -0.13095703 -0.00002051
v 0.11250000 -0.13095703 -0.00002051
v 0.12539063 -0.13095703 -0.00002051
v 0.13828125 -0.13095703 -0.00002051
v 0.15117187 -0.13095703 -0.00002051
v 0.16406250 -0.13095703 -0.00002051
v 0.17695312 -0.13095703 -0.00002051
v 0.18984375 -0.13095703 -0.00002051
v 0.20273437 -0.13095703 -0.00002051
v 0.21562500 -0.13095703 -0.00002051
v -0.18398438 -0.14384766 -0.00002051
v -0.17109375 -0.14384766 -0.00002051
v -0.15820312 -0.14384766 -0.00002051
v -0.14531250 -0.14384766 -0.00002051
v -0.13242187 -0.14384766 -0.00002051
v -0.11953125 -0.14384766 -0.00002051
v -0.10664063 -0.14384766 -0.00002051
v -0.09375000 -0.14384766 -0.00002051
v -0.08085937 -0.14384766 -0.00002051
v -0.06796875 -0.14384766 -0.00002051
v -0.05507812 -0.14384766 -0.00002051
v -0.04218750 -0.14384766 -0.00002051
v -0.02929688 -0.14384766 -0.00002051
v -0.01640625 -0.14384766 -0.00002051
v -0.00351562 -0.14384766 -0.00002051
v 0.00937500 -0.14384766 -0.00002051
v 0.02226563 -0.14384766 -0.00002051
v 0.03515625 -0.14384766 -0.00002051
v 0.04804687 -0.14384766 -0.00002051
v 0.06093750 -0.14384766 -0.00002051
v 0.07382812 -0.14384766 -0.00002051
v 0.08671875 -0.14384766 -0.00002051
v 0.09960938 -0.14384766 -0.00002051
v 0.11250000 -0.14384766 -0.00002051
v 0.12539063 -0.14384766 -0.00002051
v 0.13828125 -0.14384766 -0.00002051
v 0.15117187 -0.14384766 -0.00002051
v 0.16406250 -0.14384766 -0.00002051
v 0.17695312 -0.14384766 -0.00002051
v 0.18984375 -0.14384766 -0.00002051
v 0.20273437 -0.14384766 -0.00002051
v 0.21562500 -0.14384766 -0.00002051
v -0.18398438 -0.15673828 -0.00002051
v -0.17109375 -0.15673828 -0.00002051
v -0.15820312 -0.15673828 -0.00002051
v -0.14531250 -0.15673828 -0.00002051
v -0.13242187 -0.15673828 -0.00002051
v -0.11953125 -0.15673828 -0.00002051
v -0.10664063 -0.15673828 -0.00002051
v -0.09375000 -0.15673828 -0.00002051
v -0.08085937 -0.15673828 -0.00002051
v -0.06796875 -0.15673828 -0.00002051
v -0.05507812 -0.15673828 -0.00002051
v -0.04218750 -0.15673828 -0.00002051
v -0.02929688 -0.15673828 -0.00002051
v -0.01640625 -0.15673828 -0.00002051
v -0.00351562 -0.15673828 -0.00002051
v 0.00937500 -0.15673828 -0.00002051
v 0.02226563 -0.15673828 -0.00002051
v 0.03515625 -0.15673828 -0.00002051
v 0.04804687 -0.15673828 -0.00002051
v 0.06093750 -0.15673828 -0.00002051
v 0.07382812 -0.15673828 -0.00002051
v 0.08671875 -0.15673828 -0.00002051
v 0.09960938 -0.15673828 -0.00002051
v 0.11250000 -0.15673828 -0.00002051
v 0.12539063 -0.15673828 -0.00002051
v 0.13828125 -0.15673828 -0.00002051
v 0.15117187 -0.15673828 -0.00002051
v 0.16406250 -0.15673828 -0.00002051
v 0.17695312 -0.15673828 -0.00002051
v 0.18984375 -0.15673828 -0.00002051
v 0.20273437 -0.15673828 -0.00002051
v 0.21562500 -0.15673828 -0.00002051
v -0.19687500 -0.16962891 -0.00002051
v -0.18398438 -0.16962891 -0.00002051
v -0.17109375 -0.16962891 -0.00002051
v -0.15820312 -0.16962891 -0.00002051
v -0.14531250 -0.16962891 -0.00002051
v -0.13242187 -0.16962891 -0.00002051
v -0.11953125 -0.16962891 -0.00002051
v -0.10664063 -0.16962891 -0.00002051
v -0.09375000 -0.16962891 -0.00002051
v -0.08085937 -0.16962891 -0.00002051
v -0.06796875 -0.16962891 -0.00002051
v -0.05507812 -0.16962891 -0.00002051
v -0.04218750 -0.16962891 -0.00002051
v -0.02929688 -0.16962891 -0.00002051
v -0.01640625 -0.16962891 -0.00002051
v -0.00351562 -0.16962891 -0.00002051
v 0.00937500 -0.16962891 -0.00002051
v 0.02226563 -0.16962891 -0.00002051
v 0.03515625 -0.16962891 -0.00002051
v 0.04804687 -0.16962891 -0.00002051
v 0.06093750 -0.16962891 -0.00002051
v 0.07382812 -0.16962891 -0.00002051
v 0.08671875 -0.16962891 -0.00002051
v 0.09960938 -0.16962891 -0.00002051
v 0.11250000 -0.16962891 -0.00002051
v 0.12539063 -0.16962891 -0.00002051
v 0.13828125 -0.16962891 -0.00002051
v 0.15117187 -0.16962891 -0.00002051
v 0.16406250 -0.16962891 -0.00002051
v 0.17695312 -0.16962891 -0.00002051
v 0.18984375 -0.16962891 -0.00002051
v 0.20273437 -0.16962891 -0.00002051
v 0.21562500 -0.16962891 -0.00002051
v -0.19687500 -0.18251953 -0.00002051
v -0.18398438 -0.18251953 -0.00002051
v -0.17109375 -0.18251953 -0.00002051
v -0.15820312 -0.18251953 -0.00002051
v -0.14531250 -0.18251953 -0.00002051
v -0.13242187 -0.18251953 -0.00002051
v -0.11953125 -0.18251953 -0.00002051
v -0.10664063 -0.18251953 -0.00002051
v -0.09375000 -0.18251953 -0.00002051
v -0.08085937 -0.18251953 -0.00002051
v -0.06796875 -0.18251953 -0.00002051
v -0.05507812 -0.18251953 -0.00002051
v -0.04218750 -0.18251953 -0.00002051
v -0.02929688 -0.18251953 -0.00002051
v -0.01640625 -0.18251953 -0.00002051
v -0.00351562 -0.18251953 -0.00002051
v 0.00937500 -0.18251953 -0.00002051
v 0.02226563 -0.18251953 -0.00002051
v 0.03515625 -0.18251953 -0.00002051
v 0.04804687 -0.18251953 -0.00002051
v 0.06093750 -0.18251953 -0.00002051
v 0.07382812 -0.18251953 -0.00002051
v 0.08671875 -0.18251953 -0.00002051
v 0.09960938 -0.18251953 -0.00002051
v 0.11250000 -0.18251953 -0.00002051
v 0.12539063 -0.18251953 -0.00002051
v 0.13828125 -0.18251953 -0.00002051
v 0.15117187 -0.18251953 -0.00002051
v 0.16406250 -0.18251953 -0.00002051
v 0.17695312 -0.18251953 -0.00002051
v 0.18984375 -0.18251953 -0.00002051
v 0.20273437 -0.18251953 -0.00002051
v 0.21562500 -0.18251953 -0.00002051
v -0.19687500 -0.19541016 -0.00002051
v -0.18398438 -0.19541016 -0.00002051
v -0.17109375 -0.19541016 -0.00002051
v -0.15820312 -0.19541016 -0.00002051
v -0.14531250 -0.19541016 -0.00002051
v -0.13242187 -0.19541016 -0.00002051
v -0.11953125 -0.19541016 -0.00002051
v -0.10664063 -0.19541016 -0.00002051
v -0.09375000 -0.19541016 -0.00002051
v -0.08085937 -0.19541016 -0.00002051
v -0.06796875 -0.19541016 -0.00002051
v -0.05507812 -0.19541016 -0.00002051
v -0.04218750 -0.19541016 -0.00002051
v -0.02929688 -0.19541016 -0.00002051
v -0.01640625 -0.19541016 -0.00002051
v -0.00351562 -0.19541016 -0.00002051
v 0.00937500 -0.19541016 -0.00002051
v 0.02226563 -0.19541016 -0.00002051
v 0.03515625 -0.19541016 -0.00002051
v 0.04804687 -0.19541016 -0.00002051
v 0.06093750 -0.19541016 -0.00002051
v 0.07382812 -0.19541016 -0.00002051
v 0.08671875 -0.19541016 -0.00002051
v 0.09960938 -0.19541016 -0.00002051
v 0.11250000 -0.19541016 -0.00002051
v 0.12539063 -0.19541016 -0.00002051
v 0.13828125 -0.19541016 -0.00002051
v 0.15117187 -0.19541016 -0.00002051
v 0.16406250 -0.19541016 -0.00002051
v 0.17695312 -0.19541016 -0.00002051
v 0.18984375 -0.19541016 -0.00002051
v 0.20273437 -0.19541016 -0.00002051
v 0.21562500 -0.19541016 -0.00002051
v -0.19687500 -0.20830078 -0.00002051
v -0.18398438 -0.20830078 -0.00002051
v -0.17109375 -0.20830078 -0.00002051
v -0.15820312 -0.20830078 -0.00002051
v -0.14531250 -0.20830078 -0.00002051
v -0.13242187 -0.20830078 -0.00002051
v -0.11953125 -0.20830078 -0.00002051
v -0.10664063 -0.20830078 -0.00002051
v -0.09375000 -0.20830078 -0.00002051
v -0.08085937 -0.20830078 -0.00002051
v -0.06796875 -0.20830078 -0.00002051
v -0.05507812 -0.20830078 -0.00002051
v -0.04218750 -0.20830078 -0.00002051
v -0.02929688 -0.20830078 -0.00002051
v -0.01640625 -0.20830078 -0.00002051
v -0.00351562 -0.20830078 -0.00002051
v 0.00937500 -0.20830078 -0.00002051
v 0.02226563 -0.20830078 -0.00002051
v 0.03515625 -0.20830078 -0.00002051
v 0.04804687 -0.20830078 -0.00002051
v 0.06093750 -0.20830078 -0.00002051
v 0.07382812 -0.20830078 -0.00002051
v 0.08671875 -0.20830078 -0.00002051
v 0.09960938 -0.20830078 -0.00002051
v 0.11250000 -0.20830078 -0.00002051
v 0.12539063 -0.20830078 -0.00002051
v 0.13828125 -0.20830078 -0.00002051
v 0.15117187 -0.20830078 -0.00002051
v 0.16406250 -0.20830078 -0.00002051
v 0.17695312 -0.20830078 -0.00002051
v 0.18984375 -0.20830078 -0.00002051
v 0.20273437 -0.20830078 -0.00002051
v 0.21562500 -0.20830078 -0.00002051
v -0.19687500 -0.22119141 -0.00002051
v -0.18398438 -0.22119141 -0.00002051
v -0.17109375 -0.22119141 -0.00002051
v -0.15820312 -0.22119141 -0.00002051
v -0.14531250 -0.22119141 -0.00002051
v -0.13242187 -0.22119141 -0.00002051
v -0.11953125 -0.22119141 -0.00002051
v -0.10664063 -0.22119141 -0.00002051
v -0.09375000 -0.22119141 -0.00002051
v -0.08085937 -0.22119141 -0.00002051
v -0.06796875 -0.22119141 -0.00002051
v -0.05507812 -0.22119141 -0.00002051
v -0.04218750 -0.22119141 -0.00002051
v -0.02929688 -0.22119141 -0.00002051
v -0.01640625 -0.22119141 -0.00002051
v -0.00351562 -0.22119141 -0.00002051
v 0.00937500 -0.22119141 -0.00002051
v 0.02226563 -0.22119141 -0.00002051
v 0.03515625 -0.22119141 -0.00002051
v 0.04804687 -0.22119141 -0.00002051
v 0.06093750 -0.22119141 -0.00002051
v 0.07382812 -0.22119141 -0.00002051
v 0.08671875 -0.22119141 -0.00002051
v 0.09960938 -0.22119141 -0.00002051
v 0.11250000 -0.22119141 -0.00002051
v 0.12539063 -0.22119141 -0.00002051
v 0.13828125 -0.22119141 -0.00002051
v 0.15117187 -0.22119141 -0.00002051
v 0.16406250 -0.22119141 -0.00002051
v 0.17695312 -0.22119141 -0.00002051
v 0.18984375 -0.22119141 -0.00002051
v 0.20273437 -0.22119141 -0.00002051
v 0.21562500 -0.22119141 -0.00002051
v -0.19687500 -0.23408203 -0.00002051
v -0.18398438 -0.23408203 -0.00002051
v -0.17109375 -0.23408203 -0.00002051
v -0.15820312 -0.23408203 -0.00002051
v -0.14531250 -0.23408203 -0.00002051
v -0.13242187 -0.23408203 -0.00002051
v -0.11953125 -0.23408203 -0.00002051
v -0.10664063 -0.23408203 -0.00002051
v -0.09375000 -0.23408203 -0.00002051
v -0.08085937 -0.23408203 -0.00002051
v -0.06796875 -0.23408203 -0.00002051
v -0.05507812 -0.23408203 -0.00002051
v -0.04218750 -0.23408203 -0.00002051
v -0.02929688 -0.23408203 -0.00002051
v -0.01640625 -0.23408203 -0.00002051
v -0.00351562 -0.23408203 -0.00002051
v 0.00937500 -0.23408203 -0.00002051
v 0.02226563 -0.23408203 -0.00002051
v 0.03515625 -0.23408203 -0.00002051
v 0.04804687 -0.23408203 -0.00002051
v 0.06093750 -0.23408203 -0.00002051
v 0.07382812 -0.23408203 -0.00002051
v 0.08671875 -0.23408203 -0.00002051
v 0.09960938 -0.23408203 -0.00002051
v 0.11250000 -0.23408203 -0.00002051
v 0.12539063 -0.23408203 -0.00002051
v 0.13828125 -0.23408203 -0.00002051
v 0.15117187 -0.23408203 -0.00002051
v 0.16406250 -0.23408203 -0.00002051
v 0.17695312 -0.23408203 -0.00002051
v 0.18984375 -0.23408203 -0.00002051
v 0.20273437 -0.23408203 -0.00002051
v 0.21562500 -0.23408203 -0.00002051
v -0.19687500 -0.24697266 -0.00002051
v -0.18398438 -0.24697266 -0.00002051
v -0.17109375 -0.24697266 -0.00002051
v -0.15820312 -0.24697266 -0.00002051
v -0.14531250 -0.24697266 -0.00002051
v -0.13242187 -0.24697266 -0.00002051
v -0.11953125 -0.24697266 -0.00002051
v -0.10664063 -0.24697266 -0.00002051
v -0.09375000 -0.24697266 -0.00002051
v -0.08085937 -0.24697266 -0.00002051
v -0.06796875 -0.24697266 -0.00002051
v -0.05507812 -0.24697266 -0.00002051
v -0.04218750 -0.24697266 -0.00002051
v -0.02929688 -0.24697266 -0.00002051
v -0.01640625 -0.24697266 -0.00002051
v -0.00351562 -0.24697266 -0.00002051
v 0.00937500 -0.24697266 -0.00002051
v 0.02226563 -0.24697266 -0.00002051
v 0.03515625 -0.24697266 -0.00002051
v 0.04804687 -0.24697266 -0.00002051
v 0.06093750 -0.24697266 -0.00002051
v 0.07382812 -0.24697266 -0.00002051
v 0.08671875 -0.24697266 -0.00002051
v 0.09960938 -0.24697266 -0.00002051
v 0.11250000 -0.24697266 -0.00002051
v 0.12539063 -0.24697266 -0.00002051
v 0.13828125 -0.24697266 -0.00002051
v 0.15117187 -0.24697266 -0.00002051
v 0.16406250 -0.24697266 -0.00002051
v 0.17695312 -0.24697266 -0.00002051
v 0.18984375 -0.24697266 -0.00002051
v 0.20273437 -0.24697266 -0.00002051
v 0.21562500 -0.24697266 -0.00002051
v -0.19687500 -0.25986328 -0.00002051
v -0.18398438 -0.25986328 -0.00002051
v -0.17109375 -0.25986328 -0.00002051
v -0.15820312 -0.25986328 -0.00002051
v -0.14531250 -0.25986328 -0.00002051
v -0.13242187 -0.25986328 -0.00002051
v -0.11953125 -0.25986328 -0.00002051
v -0.10664063 -0.25986328 -0.00002051
v -0.09375000 -0.25986328 -0.00002051
v -0.08085937 -0.25986328 -0.00002051
v -0.06796875 -0.25986328 -0.00002051
v -0.05507812 -0.25986328 -0.00002051
v -0.04218750 -0.25986328 -0.00002051
v -0.02929688 -0.25986328 -0.00002051
v -0.01640625 -0.25986328 -0.00002051
v -0.00351562 -0.25986328 -0.00002051
v 0.00937500 -0.25986328 -0.00002051
v 0.02226563 -0.25986328 -0.00002051
v 0.03515625 -0.25986328 -0.00002051
v 0.04804687 -0.25986328 -0.00002051
v 0.06093750 -0.25986328 -0.00002051
v 0.07382812 -0.25986328 -0.00002051
v 0.08671875 -0.25986328 -0.00002051
v 0.09960938 -0.25986328 -0.00002051
v 0.11250000 -0.25986328 -0.00002051
v 0.12539063 -0.25986328 -0.00002051
v 0.13828125 -0.25986328 -0.00002051
v 0.15117187 -0.25986328 -0.00002051
v 0.16406250 -0.25986328 -0.00002051
v 0.17695312 -0.25986328 -0.00002051
v 0.18984375 -0.25986328 -0.00002051
v 0.20273437 -0.25986328 -0.00002051
v 0.21562500 -0.25986328 -0.00002051
v 0.22851562 -0.25986328 -0.00002051
v -0.19687500 -0.27275391 -0.00002051
v -0.18398438 -0.27275391 -0.00002051
v -0.17109375 -0.27275391 -0.00002051
v -0.15820312 -0.27275391 -0.00002051
v -0.14531250 -0.27275391 -0.00002051
v -0.13242187 -0.27275391 -0.00002051
v -0.11953125 -0.27275391 -0.00002051
v -0.10664063 -0.27275391 -0.00002051
v -0.09375000 -0.27275391 -0.00002051
v -0.08085937 -0.27275391 -0.00002051
v -0.06796875 -0.27275391 -0.00002051
v -0.05507812 -0.27275391 -0.00002051
v -0.04218750 -0.27275391 -0.00002051
v -0.02929688 -0.27275391 -0.00002051
v -0.01640625 -0.27275391 -0.00002051
v -0.00351562 -0.27275391 -0.00002051
v 0.00937500 -0.27275391 -0.00002051
v 0.02226563 -0.27275391 -0.00002051
v 0.03515625 -0.27275391 -0.00002051
v 0.04804687 -0.27275391 -0.00002051
v 0.06093750 -0.27275391 -0.00002051
v 0.07382812 -0.27275391 -0.00002051
v 0.08671875 -0.27275391 -0.00002051
v 0.09960938 -0.27275391 -0.00002051
v 0.11250000 -0.27275391 -0.00002051
v 0.12539063 -0.27275391 -0.00002051
v 0.13828125 -0.27275391 -0.00002051
v 0.15117187 -0.27275391 -0.00002051
v 0.16406250 -0.27275391 -0.00002051
v 0.17695312 -0.27275391 -0.00002051
v 0.18984375 -0.27275391 -0.00002051
v 0.20273437 -0.27275391 -0.00002051
v 0.21562500 -0.27275391 -0.00002051
v 0.22851562 -0.27275391 -0.00002051
v -0.19687500 -0.28564453 -0.00002051
v -0.18398438 -0.28564453 -0.00002051
v -0.17109375 -0.28564453 -0.00002051
v -0.15820312 -0.28564453 -0.00002051
v -0.14531250 -0.28564453 -0.00002051
v -0.13242187 -0.28564453 -0.00002051
v -0.11953125 -0.28564453 -0.00002051
v -0.10664063 -0.28564453 -0.00002051
v -0.09375000 -0.28564453 -0.00002051
v -0.08085937 -0.28564453 -0.00002051
v -0.06796875 -0.28564453 -0.00002051
v -0.05507812 -0.28564453 -0.00002051
v -0.04218750 -0.28564453 -0.00002051
v -0.02929688 -0.28564453 -0.00002051
v -0.01640625 -0.28564453 -0.00002051
v -0.00351562 -0.28564453 -0.00002051
v 0.00937500 -0.28564453 -0.00002051
v 0.02226563 -0.28564453 -0.00002051
v 0.03515625 -0.28564453 -0.00002051
v 0.04804687 -0.28564453 -0.00002051
v 0.06093750 -0.28564453 -0.00002051
v 0.07382812 -0.28564453 -0.00002051
v 0.08671875 -0.28564453 -0.00002051
v 0.09960938 -0.28564453 -0.00002051
v 0.11250000 -0.28564453 -0.00002051
v 0.12539063 -0.28564453 -0.00002051
v 0.13828125 -0.28564453 -0.00002051
v 0.15117187 -0.28564453 -0.00002051
v 0.16406250 -0.28564453 -0.00002051
v 0.17695312 -0.28564453 -0.00002051
v 0.18984375 -0.28564453 -0.00002051
v 0.20273437 -0.28564453 -0.00002051
v 0.21562500 -0.28564453 -0.00002051
v 0.22851562 -0.28564453 -0.00002051
v -0.19687500 -0.29853516 -0.00002051
v -0.18398438 -0.29853516 -0.00002051
v -0.17109375 -0.29853516 -0.00002051
v -0.15820312 -0.29853516 -0.00002051
v -0.14531250 -0.29853516 -0.00002051
v -0.13242187 -0.29853516 -0.00002051
v -0.11953125 -0.29853516 -0.00002051
v -0.10664063 -0.29853516 -0.00002051
v -0.09375000 -0.29853516 -0.00002051
v -0.08085937 -0.29853516 -0.00002051
v -0.06796875 -0.29853516 -0.00002051
v -0.05507812 -0.29853516 -0.00002051
v -0.04218750 -0.29853516 -0.00002051
v -0.02929688 -0.29853516 -0.00002051
v -0.01640625 -0.29853516 -0.00002051
v -0.00351562 -0.29853516 -0.00002051
v 0.00937500 -0.29853516 -0.00002051
v 0.02226563 -0.29853516 -0.00002051
v 0.03515625 -0.29853516 -0.00002051
v 0.04804687 -0.29853516 -0.00002051
v 0.06093750 -0.29853516 -0.00002051
v 0.07382812 -0.29853516 -0.00002051
v 0.08671875 -0.29853516 -0.00002051
v 0.09960938 -0.29853516 -0.00002051
v 0.11250000 -0.29853516 -0.00002051
v 0.12539063 -0.29853516 -0.00002051
v 0.13828125 -0.29853516 -0.00002051
v 0.15117187 -0.29853516 -0.00002051
v 0.16406250 -0.29853516 -0.00002051
v 0.17695312 -0.29853516 -0.00002051
v 0.18984375 -0.29853516 -0.00002051
v 0.20273437 -0.29853516 -0.00002051
v 0.21562500 -0.29853516 -0.00002051
v 0.22851562 -0.29853516 -0.00002051
v -0.19687500 -0.31142578 -0.00002051
v -0.18398438 -0.31142578 -0.00002051
v -0.17109375 -0.31142578 -0.00002051
v -0.15820312 -0.31142578 -0.00002051
v -0.14531250 -0.31142578 -0.00002051
v -0.13242187 -0.31142578 -0.00002051
v -0.11953125 -0.31142578 -0.00002051
v -0.10664063 -0.31142578 -0.00002051
v -0.09375000 -0.31142578 -0.00002051
v -0.08085937 -0.31142578 -0.00002051
v -0.06796875 -0.31142578 -0.00002051
v -0.05507812 -0.31142578 -0.00002051
v -0.04218750 -0.31142578 -0.00002051
v -0.02929688 -0.31142578 -0.00002051
v -0.01640625 -0.31142578 -0.00002051
v -0.00351562 -0.31142578 -0.00002051
v 0.00937500 -0.31142578 -0.00002051
v 0.02226563 -0.31142578 -0.00002051
v 0.03515625 -0.31142578 -0.00002051
v 0.04804687 -0.31142578 -0.00002051
v 0.06093750 -0.31142578 -0.00002051
v 0.07382812 -0.31142578 -0.00002051
v 0.08671875 -0.31142578 -0.00002051
v 0.09960938 -0.31142578 -0.00002051
v 0.11250000 -0.31142578 -0.00002051
v 0.12539063 -0.31142578 -0.00002051
v 0.13828125 -0.31142578 -0.00002051
v 0.15117187 -0.31142578 -0.00002051
v 0.16406250 -0.31142578 -0.00002051
v 0.17695312 -0.31142578 -0.00002051
v 0.18984375 -0.31142578 -0.00002051
v 0.20273437 -0.31142578 -0.00002051
v 0.21562500 -0.31142578 -0.00002051
v 0.22851562 -0.31142578 -0.00002051
v -0.18398438 -0.32431641 -0.00002051
v -0.17109375 -0.32431641 -0.00002051
v -0.15820312 -0.32431641 -0.00002051
v -0.14531250 -0.32431641 -0.00002051
v -0.11953125 -0.32431641 -0.00002051
v -0.10664063 -0.32431641 -0.00002051
v -0.09375000 -0.32431641 -0.00002051
v -0.08085937 -0.32431641 -0.00002051
v -0.06796875 -0.32431641 -0.00002051
v 0.00937500 -0.32431641 -0.00002051
v 0.02226563 -0.32431641 -0.00002051
v 0.03515625 -0.32431641 -0.00002051
v 0.04804687 -0.32431641 -0.00002051
v 0.06093750 -0.32431641 -0.00002051
v 0.07382812 -0.32431641 -0.00002051
v 0.12539063 -0.32431641 -0.00002051
v 0.13828125 -0.32431641 -0.00002051
v 0.15117187 -0.32431641 -0.00002051
v 0.16406250 -0.32431641 -0.00002051
v 0.17695312 -0.32431641 -0.00002051
v 0.18984375 -0.32431641 -0.00002051
v 0.20273437 -0.32431641 -0.00002051
v 0.21562500 -0.32431641 -0.00002051
v 0.22851562 -0.32431641 -0.00002051
v 0.18984375 -0.33720703 -0.00002051
v 0.20273437 -0.33720703 -0.00002051
v 0.21562500 -0.33720703 -0.00002051
vt 0.17399804 0.91271186
vt 0.00000000 0.70847458
vt 0.18670577 0.57457627
vt 0.16226784 0.05169492
vt 0.21603128 0.01440678
vt 0.27859238 0.03305085
vt 0.36950147 0.01525424
vt 0.43304008 0.04322034
vt 0.57771261 0.01355932
vt 0.65493646 0.04067797
vt 0.86705767 0.00000000
vt 0.88563050 0.02118644
vt 0.86705767 0.55508475
vt 1.00000000 0.64237288
vt 1.00000000 0.74152542
vt 0.85434995 0.90169492
vt 0.62365591 1.00000000
vt 0.50928641 0.97711864
vt 0.38025415 1.00000000
vt 0.62365591 1.00000000
vt 0.34408602 0.98135593
vt 0.36559140 0.98135593
vt 0.38709677 0.98135593
vt 0.40860215 0.98135593
vt 0.43010753 0.98135593
vt 0.45161290 0.98135593
vt 0.47311828 0.98135593
vt 0.53763441 0.98135593
vt 0.55913978 0.98135593
vt 0.58064516 0.98135593
vt 0.60215054 0.98135593
vt 0.62365591 0.98135593
vt 0.64516129 0.98135593
vt 0.66666667 0.98135593
vt 0.30107527 0.96271186
vt 0.32258065 0.96271186
vt 0.34408602 0.96271186
vt 0.36559140 0.96271186
vt 0.38709677 0.96271186
vt 0.40860215 0.96271186
vt 0.43010753 0.96271186
vt 0.45161290 0.96271186
vt 0.47311828 0.96271186
vt 0.49462366 0.96271186
vt 0.51612903 0.96271186
vt 0.53763441 0.96271186
vt 0.55913978 0.96271186
vt 0.58064516 0.96271186
vt 0.60215054 0.96271186
vt 0.62365591 0.96271186
vt 0.64516129 0.96271186
vt 0.66666667 0.96271186
vt 0.68817204 0.96271186
vt 0.70967742 0.96271186
vt 0.25806452 0.94406780
vt 0.27956989 0.94406780
vt 0.30107527 0.94406780
vt 0.32258065 0.94406780
vt 0.34408602 0.94406780
vt 0.36559140 0.94406780
vt 0.38709677 0.94406780
vt 0.40860215 0.94406780
vt 0.43010753 0.94406780
vt 0.45161290 0.94406780
vt 0.47311828 0.94406780
vt 0.49462366 0.94406780
vt 0.51612903 0.94406780
vt 0.53763441 0.94406780
vt 0.55913978 0.94406780
vt 0.58064516 0.94406780
vt 0.60215054 0.94406780
vt 0.62365591 0.94406780
vt 0.64516129 0.94406780
vt 0.66666667 0.94406780
vt 0.68817204 0.94406780
vt 0.70967742 0.94406780
vt 0.73118280 0.94406780
vt 0.75268817 0.94406780
vt 0.21505376 0.92542373
vt 0.23655914 0.92542373
vt 0.25806452 0.92542373
vt 0.27956989 0.92542373
vt 0.30107527 0.92542373
vt 0.32258065 0.92542373
vt 0.34408602 0.92542373
vt 0.36559140 0.92542373
vt 0.38709677 0.92542373
vt 0.40860215 0.92542373
vt 0.43010753 0.92542373
vt 0.45161290 0.92542373
vt 0.47311828 0.92542373
vt 0.49462366 0.92542373
vt 0.51612903 0.92542373
vt 0.53763441 0.92542373
vt 0.55913978 0.92542373
vt 0.58064516 0.92542373
vt 0.60215054 0.92542373
vt 0.62365591 0.92542373
vt 0.64516129 0.92542373
vt 0.66666667 0.92542373
vt 0.68817204 0.92542373
vt 0.70967742 0.92542373
vt 0.73118280 0.92542373
vt 0.75268817 0.92542373
vt 0.77419355 0.92542373
vt 0.79569892 0.92542373
vt 0.17204301 0.90677966
vt 0.19354839 0.90677966
vt 0.21505376 0.90677966
vt 0.23655914 0.90677966
vt 0.25806452 0.90677966
vt 0.27956989 0.90677966
vt 0.30107527 0.90677966
vt 0.32258065 0.90677966
vt 0.34408602 0.90677966
vt 0.36559140 0.90677966
vt 0.38709677 0.90677966
vt 0.40860215 0.90677966
vt 0.43010753 0.90677966
vt 0.45161290 0.90677966
vt 0.47311828 0.90677966
vt 0.49462366 0.90677966
vt 0.51612903 0.90677966
vt 0.53763441 0.90677966
vt 0.55913978 0.90677966
vt 0.58064516 0.90677966
vt 0.60215054 0.90677966
vt 0.62365591 0.90677966
vt 0.64516129 0.90677966
vt 0.66666667 0.90677966
vt 0.68817204 0.90677966
vt 0.70967742 0.90677966
vt 0.73118280 0.90677966
vt 0.75268817 0.90677966
vt 0.77419355 0.90677966
vt 0.79569892 0.90677966
vt 0.81720430 0.90677966
vt 0.83870968 0.90677966
vt 0.17204301 0.88813559
vt 0.19354839 0.88813559
vt 0.21505376 0.88813559
vt 0.23655914 0.88813559
vt 0.25806452 0.88813559
vt 0.27956989 0.88813559
vt 0.30107527 0.88813559
vt 0.32258065 0.88813559
vt 0.34408602 0.88813559
vt 0.36559140 0.88813559
vt 0.38709677 0.88813559
vt 0.40860215 0.88813559
vt 0.43010753 0.88813559
vt 0.45161290 0.88813559
vt 0.47311828 0.88813559
vt 0.49462366 0.88813559
vt 0.51612903 0.88813559
vt 0.53763441 0.88813559
vt 0.55913978 0.88813559
vt 0.58064516 0.88813559
vt 0.60215054 0.88813559
vt 0.62365591 0.88813559
vt 0.64516129 0.88813559
vt 0.66666667 0.88813559
vt 0.68817204 0.88813559
vt 0.70967742 0.88813559
vt 0.73118280 0.88813559
vt 0.75268817 0.88813559
vt 0.77419355 0.88813559
vt 0.79569892 0.88813559
vt 0.81720430 0.88813559
vt 0.83870968 0.88813559
vt 0.86021505 0.88813559
vt 0.15053763 0.86949153
vt 0.17204301 0.86949153
vt 0.19354839 0.86949153
vt 0.21505376 0.86949153
vt 0.23655914 0.86949153
vt 0.25806452 0.86949153
vt 0.27956989 0.86949153
vt 0.30107527 0.86949153
vt 0.32258065 0.86949153
vt 0.34408602 0.86949153
vt 0.36559140 0.86949153
vt 0.38709677 0.86949153
vt 0.40860215 0.86949153
vt 0.43010753 0.86949153
vt 0.45161290 0.86949153
vt 0.47311828 0.86949153
vt 0.49462366 0.86949153
vt 0.51612903 0.86949153
vt 0.53763441 0.86949153
vt 0.55913978 0.86949153
vt 0.58064516 0.86949153
vt 0.60215054 0.86949153
vt 0.62365591 0.86949153
vt 0.64516129 0.86949153
vt 0.66666667 0.86949153
vt 0.68817204 0.86949153
vt 0.70967742 0.86949153
vt 0.73118280 0.86949153
vt 0.75268817 0.86949153
vt 0.77419355 0.86949153
vt 0.79569892 0.86949153
vt 0.81720430 0.86949153
vt 0.83870968 0.86949153
vt 0.86021505 0.86949153
vt 0.88172043 0.86949153
vt 0.12903226 0.85084746
vt 0.15053763 0.85084746
vt 0.17204301 0.85084746
vt 0.19354839 0.85084746
vt 0.21505376 0.85084746
vt 0.23655914 0.85084746
vt 0.25806452 0.85084746
vt 0.27956989 0.85084746
vt 0.30107527 0.85084746
vt 0.32258065 0.85084746
vt 0.34408602 0.85084746
vt 0.36559140 0.85084746
vt 0.38709677 0.85084746
vt 0.40860215 0.85084746
vt 0.43010753 0.85084746
vt 0.45161290 0.85084746
vt 0.47311828 0.85084746
vt 0.49462366 0.85084746
vt 0.51612903 0.85084746
vt 0.53763441 0.85084746
vt 0.55913978 0.85084746
vt 0.58064516 0.85084746
vt 0.60215054 0.85084746
vt 0.62365591 0.85084746
vt 0.64516129 0.85084746
vt 0.66666667 0.85084746
vt 0.68817204 0.85084746
vt 0.70967742 0.85084746
vt 0.73118280 0.85084746
vt 0.75268817 0.85084746
vt 0.77419355 0.85084746
vt 0.79569892 0.85084746
vt 0.81720430 0.85084746
vt 0.83870968 0.85084746
vt 0.86021505 0.85084746
vt 0.88172043 0.85084746
vt 0.10752688 0.83220339
vt 0.12903226 0.83220339
vt 0.15053763 0.83220339
vt 0.17204301 0.83220339
vt 0.19354839 0.83220339
vt 0.21505376 0.83220339
vt 0.23655914 0.83220339
vt 0.25806452 0.83220339
vt 0.27956989 0.83220339
vt 0.30107527 0.83220339
vt 0.32258065 0.83220339
vt 0.34408602 0.83220339
vt 0.36559140 0.83220339
vt 0.38709677 0.83220339
vt 0.40860215 0.83220339
vt 0.43010753 0.83220339
vt 0.45161290 0.83220339
vt 0.47311828 0.83220339
vt 0.49462366 0.83220339
vt 0.51612903 0.83220339
vt 0.53763441 0.83220339
vt 0.55913978 0.83220339
vt 0.58064516 0.83220339
vt 0.60215054 0.83220339
vt 0.62365591 0.83220339
vt 0.64516129 0.83220339
vt 0.66666667 0.83220339
vt 0.68817204 0.83220339
vt 0.70967742 0.83220339
vt 0.73118280 0.83220339
vt 0.75268817 0.83220339
vt 0.77419355 0.83220339
vt 0.79569892 0.83220339
vt 0.81720430 0.83220339
vt 0.83870968 0.83220339
vt 0.86021505 0.83220339
vt 0.88172043 0.83220339
vt 0.90322581 0.83220339
vt 0.10752688 0.81355932
vt 0.12903226 0.81355932
vt 0.15053763 0.81355932
vt 0.17204301 0.81355932
vt 0.19354839 0.81355932
vt 0.21505376 0.81355932
vt 0.23655914 0.81355932
vt 0.25806452 0.81355932
vt 0.27956989 0.81355932
vt 0.30107527 0.81355932
vt 0.32258065 0.81355932
vt 0.34408602 0.81355932
vt 0.36559140 0.81355932
vt 0.38709677 0.81355932
vt 0.40860215 0.81355932
vt 0.43010753 0.81355932
vt 0.45161290 0.81355932
vt 0.47311828 0.81355932
vt 0.49462366 0.81355932
vt 0.51612903 0.81355932
vt 0.53763441 0.81355932
vt 0.55913978 0.81355932
vt 0.58064516 0.81355932
vt 0.60215054 0.81355932
vt 0.62365591 0.81355932
vt 0.64516129 0.81355932
vt 0.66666667 0.81355932
vt 0.68817204 0.81355932
vt 0.70967742 0.81355932
vt 0.73118280 0.81355932
vt 0.75268817 0.81355932
vt 0.77419355 0.81355932
vt 0.79569892 0.81355932
vt 0.81720430 0.81355932
vt 0.83870968 0.81355932
vt 0.86021505 0.81355932
vt 0.88172043 0.81355932
vt 0.90322581 0.81355932
vt 0.92473118 0.81355932
vt 0.08602151 0.79491525
vt 0.10752688 0.79491525
vt 0.12903226 0.79491525
vt 0.15053763 0.79491525
vt 0.17204301 0.79491525
vt 0.19354839 0.79491525
vt 0.21505376 0.79491525
vt 0.23655914 0.79491525
vt 0.25806452 0.79491525
vt 0.27956989 0.79491525
vt 0.30107527 0.79491525
vt 0.32258065 0.79491525
vt 0.34408602 0.79491525
vt 0.36559140 0.79491525
vt 0.38709677 0.79491525
vt 0.40860215 0.79491525
vt 0.43010753 0.79491525
vt 0.45161290 0.79491525
vt 0.47311828 0.79491525
vt 0.49462366 0.79491525
vt 0.51612903 0.79491525
vt 0.53763441 0.79491525
vt 0.55913978 0.79491525
vt 0.58064516 0.79491525
vt 0.60215054 0.79491525
vt 0.62365591 0.79491525
vt 0.64516129 0.79491525
vt 0.66666667 0.79491525
vt 0.68817204 0.79491525
vt 0.70967742 0.79491525
vt 0.73118280 0.79491525
vt 0.75268817 0.79491525
vt 0.77419355 0.79491525
vt 0.79569892 0.79491525
vt 0.81720430 0.79491525
vt 0.83870968 0.79491525
vt 0.86021505 0.79491525
vt 0.88172043 0.79491525
vt 0.90322581 0.79491525
vt 0.92473118 0.79491525
vt 0.94623656 0.79491525
vt 0.06451613 0.77627119
vt 0.08602151 0.77627119
vt 0.10752688 0.77627119
vt 0.12903226 0.77627119
vt 0.15053763 0.77627119
vt 0.17204301 0.77627119
vt 0.19354839 0.77627119
vt 0.21505376 0.77627119
vt 0.23655914 0.77627119
vt 0.25806452 0.77627119
vt 0.27956989 0.77627119
vt 0.30107527 0.77627119
vt 0.32258065 0.77627119
vt 0.34408602 0.77627119
vt 0.36559140 0.77627119
vt 0.38709677 0.77627119
vt 0.40860215 0.77627119
vt 0.43010753 0.77627119
vt 0.45161290 0.77627119
vt 0.47311828 0.77627119
vt 0.49462366 0.77627119
vt 0.51612903 0.77627119
vt 0.53763441 0.77627119
vt 0.55913978 0.77627119
vt 0.58064516 0.77627119
vt 0.60215054 0.77627119
vt 0.62365591 0.77627119
vt 0.64516129 0.77627119
vt 0.66666667 0.77627119
vt 0.68817204 0.77627119
vt 0.70967742 0.77627119
vt 0.73118280 0.77627119
vt 0.75268817 0.77627119
vt 0.77419355 0.77627119
vt 0.79569892 0.77627119
vt 0.81720430 0.77627119
vt 0.83870968 0.77627119
vt 0.86021505 0.77627119
vt 0.88172043 0.77627119
vt 0.90322581 0.77627119
vt 0.92473118 0.77627119
vt 0.94623656 0.77627119
vt 0.96774194 0.77627119
vt 0.04301075 0.75762712
vt 0.06451613 0.75762712
vt 0.08602151 0.75762712
vt 0.10752688 0.75762712
vt 0.12903226 0.75762712
vt 0.15053763 0.75762712
vt 0.17204301 0.75762712
vt 0.19354839 0.75762712
vt 0.21505376 0.75762712
vt 0.23655914 0.75762712
vt 0.25806452 0.75762712
vt 0.27956989 0.75762712
vt 0.30107527 0.75762712
vt 0.32258065 0.75762712
vt 0.34408602 0.75762712
vt 0.36559140 0.75762712
vt 0.38709677 0.75762712
vt 0.40860215 0.75762712
vt 0.43010753 0.75762712
vt 0.45161290 0.75762712
vt 0.47311828 0.75762712
vt 0.49462366 0.75762712
vt 0.51612903 0.75762712
vt 0.53763441 0.75762712
vt 0.55913978 0.75762712
vt 0.58064516 0.75762712
vt 0.60215054 0.75762712
vt 0.62365591 0.75762712
vt 0.64516129 0.75762712
vt 0.66666667 0.75762712
vt 0.68817204 0.75762712
vt 0.70967742 0.75762712
vt 0.73118280 0.75762712
vt 0.75268817 0.75762712
vt 0.77419355 0.75762712
vt 0.79569892 0.75762712
vt 0.81720430 0.75762712
vt 0.83870968 0.75762712
vt 0.86021505 0.75762712
vt 0.88172043 0.75762712
vt 0.90322581 0.75762712
vt 0.92473118 0.75762712
vt 0.94623656 0.75762712
vt 0.96774194 0.75762712
vt 0.04301075 0.73898305
vt 0.06451613 0.73898305
vt 0.08602151 0.73898305
vt 0.10752688 0.73898305
vt 0.12903226 0.73898305
vt 0.15053763 0.73898305
vt 0.17204301 0.73898305
vt 0.19354839 0.73898305
vt 0.21505376 0.73898305
vt 0.23655914 0.73898305
vt 0.25806452 0.73898305
vt 0.27956989 0.73898305
vt 0.30107527 0.73898305
vt 0.32258065 0.73898305
vt 0.34408602 0.73898305
vt 0.36559140 0.73898305
vt 0.38709677 0.73898305
vt 0.40860215 0.73898305
vt 0.43010753 0.73898305
vt 0.45161290 0.73898305
vt 0.47311828 0.73898305
vt 0.49462366 0.73898305
vt 0.51612903 0.73898305
vt 0.53763441 0.73898305
vt 0.55913978 0.73898305
vt 0.58064516 0.73898305
vt 0.60215054 0.73898305
vt 0.62365591 0.73898305
vt 0.64516129 0.73898305
vt 0.66666667 0.73898305
vt 0.68817204 0.73898305
vt 0.70967742 0.73898305
vt 0.73118280 0.73898305
vt 0.75268817 0.73898305
vt 0.77419355 0.73898305
vt 0.79569892 0.73898305
vt 0.81720430 0.73898305
vt 0.83870968 0.73898305
vt 0.86021505 0.73898305
vt 0.88172043 0.73898305
vt 0.90322581 0.73898305
vt 0.92473118 0.73898305
vt 0.94623656 0.73898305
vt 0.96774194 0.73898305
vt 0.98924731 0.73898305
vt 0.02150538 0.72033898
vt 0.04301075 0.72033898
vt 0.06451613 0.72033898
vt 0.08602151 0.72033898
vt 0.10752688 0.72033898
vt 0.12903226 0.72033898
vt 0.15053763 0.72033898
vt 0.17204301 0.72033898
vt 0.19354839 0.72033898
vt 0.21505376 0.72033898
vt 0.23655914 0.72033898
vt 0.25806452 0.72033898
vt 0.27956989 0.72033898
vt 0.30107527 0.72033898
vt 0.32258065 0.72033898
vt 0.34408602 0.72033898
vt 0.36559140 0.72033898
vt 0.38709677 0.72033898
vt 0.40860215 0.72033898
vt 0.43010753 0.72033898
vt 0.45161290 0.72033898
vt 0.47311828 0.72033898
vt 0.49462366 0.72033898
vt 0.51612903 0.72033898
vt 0.53763441 0.72033898
vt 0.55913978 0.72033898
vt 0.58064516 0.72033898
vt 0.60215054 0.72033898
vt 0.62365591 0.72033898
vt 0.64516129 0.72033898
vt 0.66666667 0.72033898
vt 0.68817204 0.72033898
vt 0.70967742 0.72033898
vt 0.73118280 0.72033898
vt 0.75268817 0.72033898
vt 0.77419355 0.72033898
vt 0.79569892 0.72033898
vt 0.81720430 0.72033898
vt 0.83870968 0.72033898
vt 0.86021505 0.72033898
vt 0.88172043 0.72033898
vt 0.90322581 0.72033898
vt 0.92473118 0.72033898
vt 0.94623656 0.72033898
vt 0.96774194 0.72033898
vt 0.98924731 0.72033898
vt 0.02150538 0.70169492
vt 0.04301075 0.70169492
vt 0.06451613 0.70169492
vt 0.08602151 0.70169492
vt 0.10752688 0.70169492
vt 0.12903226 0.70169492
vt 0.15053763 0.70169492
vt 0.17204301 0.70169492
vt 0.19354839 0.70169492
vt 0.21505376 0.70169492
vt 0.23655914 0.70169492
vt 0.25806452 0.70169492
vt 0.27956989 0.70169492
vt 0.30107527 0.70169492
vt 0.32258065 0.70169492
vt 0.34408602 0.70169492
vt 0.36559140 0.70169492
vt 0.38709677 0.70169492
vt 0.40860215 0.70169492
vt 0.43010753 0.70169492
vt 0.45161290 0.70169492
vt 0.47311828 0.70169492
vt 0.49462366 0.70169492
vt 0.51612903 0.70169492
vt 0.53763441 0.70169492
vt 0.55913978 0.70169492
vt 0.58064516 0.70169492
vt 0.60215054 0.70169492
vt 0.62365591 0.70169492
vt 0.64516129 0.70169492
vt 0.66666667 0.70169492
vt 0.68817204 0.70169492
vt 0.70967742 0.70169492
vt 0.73118280 0.70169492
vt 0.75268817 0.70169492
vt 0.77419355 0.70169492
vt 0.79569892 0.70169492
vt 0.81720430 0.70169492
vt 0.83870968 0.70169492
vt 0.86021505 0.70169492
vt 0.88172043 0.70169492
vt 0.90322581 0.70169492
vt 0.92473118 0.70169492
vt 0.94623656 0.70169492
vt 0.96774194 0.70169492
vt 0.98924731 0.70169492
vt 0.04301075 0.68305085
vt 0.06451613 0.68305085
vt 0.08602151 0.68305085
vt 0.10752688 0.68305085
vt 0.12903226 0.68305085
vt 0.15053763 0.68305085
vt 0.17204301 0.68305085
vt 0.19354839 0.68305085
vt 0.21505376 0.68305085
vt 0.23655914 0.68305085
vt 0.25806452 0.68305085
vt 0.27956989 0.68305085
vt 0.30107527 0.68305085
vt 0.32258065 0.68305085
vt 0.34408602 0.68305085
vt 0.36559140 0.68305085
vt 0.38709677 0.68305085
vt 0.40860215 0.68305085
vt 0.43010753 0.68305085
vt 0.45161290 0.68305085
vt 0.47311828 0.68305085
vt 0.49462366 0.68305085
vt 0.51612903 0.68305085
vt 0.53763441 0.68305085
vt 0.55913978 0.68305085
vt 0.58064516 0.68305085
vt 0.60215054 0.68305085
vt 0.62365591 0.68305085
vt 0.64516129 0.68305085
vt 0.66666667 0.68305085
vt 0.68817204 0.68305085
vt 0.70967742 0.68305085
vt 0.73118280 0.68305085
vt 0.75268817 0.68305085
vt 0.77419355 0.68305085
vt 0.79569892 0.68305085
vt 0.81720430 0.68305085
vt 0.83870968 0.68305085
vt 0.86021505 0.68305085
vt 0.88172043 0.68305085
vt 0.90322581 0.68305085
vt 0.92473118 0.68305085
vt 0.94623656 0.68305085
vt 0.96774194 0.68305085
vt 0.98924731 0.68305085
vt 0.06451613 0.66440678
vt 0.08602151 0.66440678
vt 0.10752688 0.66440678
vt 0.12903226 0.66440678
vt 0.15053763 0.66440678
vt 0.17204301 0.66440678
vt 0.19354839 0.66440678
vt 0.21505376 0.66440678
vt 0.23655914 0.66440678
vt 0.25806452 0.66440678
vt 0.27956989 0.66440678
vt 0.30107527 0.66440678
vt 0.32258065 0.66440678
vt 0.34408602 0.66440678
vt 0.36559140 0.66440678
vt 0.38709677 0.66440678
vt 0.40860215 0.66440678
vt 0.43010753 0.66440678
vt 0.45161290 0.66440678
vt 0.47311828 0.66440678
vt 0.49462366 0.66440678
vt 0.51612903 0.66440678
vt 0.53763441 0.66440678
vt 0.55913978 0.66440678
vt 0.58064516 0.66440678
vt 0.60215054 0.66440678
vt 0.62365591 0.66440678
vt 0.64516129 0.66440678
vt 0.66666667 0.66440678
vt 0.68817204 0.66440678
vt 0.70967742 0.66440678
vt 0.73118280 0.66440678
vt 0.75268817 0.66440678
vt 0.77419355 0.66440678
vt 0.79569892 0.66440678
vt 0.81720430 0.66440678
vt 0.83870968 0.66440678
vt 0.86021505 0.66440678
vt 0.88172043 0.66440678
vt 0.90322581 0.66440678
vt 0.92473118 0.66440678
vt 0.94623656 0.66440678
vt 0.96774194 0.66440678
vt 0.98924731 0.66440678
vt 0.10752688 0.64576271
vt 0.12903226 0.64576271
vt 0.15053763 0.64576271
vt 0.17204301 0.64576271
vt 0.19354839 0.64576271
vt 0.21505376 0.64576271
vt 0.23655914 0.64576271
vt 0.25806452 0.64576271
vt 0.27956989 0.64576271
vt 0.30107527 0.64576271
vt 0.32258065 0.64576271
vt 0.34408602 0.64576271
vt 0.36559140 0.64576271
vt 0.38709677 0.64576271
vt 0.40860215 0.64576271
vt 0.43010753 0.64576271
vt 0.45161290 0.64576271
vt 0.47311828 0.64576271
vt 0.49462366 0.64576271
vt 0.51612903 0.64576271
vt 0.53763441 0.64576271
vt 0.55913978 0.64576271
vt 0.58064516 0.64576271
vt 0.60215054 0.64576271
vt 0.62365591 0.64576271
vt 0.64516129 0.64576271
vt 0.66666667 0.64576271
vt 0.68817204 0.64576271
vt 0.70967742 0.64576271
vt 0.73118280 0.64576271
vt 0.75268817 0.64576271
vt 0.77419355 0.64576271
vt 0.79569892 0.64576271
vt 0.81720430 0.64576271
vt 0.83870968 0.64576271
vt 0.86021505 0.64576271
vt 0.88172043 0.64576271
vt 0.90322581 0.64576271
vt 0.92473118 0.64576271
vt 0.94623656 0.64576271
vt 0.96774194 0.64576271
vt 0.98924731 0.64576271
vt 0.12903226 0.62711864
vt 0.15053763 0.62711864
vt 0.17204301 0.62711864
vt 0.19354839 0.62711864
vt 0.21505376 0.62711864
vt 0.23655914 0.62711864
vt 0.25806452 0.62711864
vt 0.27956989 0.62711864
vt 0.30107527 0.62711864
vt 0.32258065 0.62711864
vt 0.34408602 0.62711864
vt 0.36559140 0.62711864
vt 0.38709677 0.62711864
vt 0.40860215 0.62711864
vt 0.43010753 0.62711864
vt 0.45161290 0.62711864
vt 0.47311828 0.62711864
vt 0.49462366 0.62711864
vt 0.51612903 0.62711864
vt 0.53763441 0.62711864
vt 0.55913978 0.62711864
vt 0.58064516 0.62711864
vt 0.60215054 0.62711864
vt 0.62365591 0.62711864
vt 0.64516129 0.62711864
vt 0.66666667 0.62711864
vt 0.68817204 0.62711864
vt 0.70967742 0.62711864
vt 0.73118280 0.62711864
vt 0.75268817 0.62711864
vt 0.77419355 0.62711864
vt 0.79569892 0.62711864
vt 0.81720430 0.62711864
vt 0.83870968 0.62711864
vt 0.86021505 0.62711864
vt 0.88172043 0.62711864
vt 0.90322581 0.62711864
vt 0.92473118 0.62711864
vt 0.94623656 0.62711864
vt 0.96774194 0.62711864
vt 0.15053763 0.60847458
vt 0.17204301 0.60847458
vt 0.19354839 0.60847458
vt 0.21505376 0.60847458
vt 0.23655914 0.60847458
vt 0.25806452 0.60847458
vt 0.27956989 0.60847458
vt 0.30107527 0.60847458
vt 0.32258065 0.60847458
vt 0.34408602 0.60847458
vt 0.36559140 0.60847458
vt 0.38709677 0.60847458
vt 0.40860215 0.60847458
vt 0.43010753 0.60847458
vt 0.45161290 0.60847458
vt 0.47311828 0.60847458
vt 0.49462366 0.60847458
vt 0.51612903 0.60847458
vt 0.53763441 0.60847458
vt 0.55913978 0.60847458
vt 0.58064516 0.60847458
vt 0.60215054 0.60847458
vt 0.62365591 0.60847458
vt 0.64516129 0.60847458
vt 0.66666667 0.60847458
vt 0.68817204 0.60847458
vt 0.70967742 0.60847458
vt 0.73118280 0.60847458
vt 0.75268817 0.60847458
vt 0.77419355 0.60847458
vt 0.79569892 0.60847458
vt 0.81720430 0.60847458
vt 0.83870968 0.60847458
vt 0.86021505 0.60847458
vt 0.88172043 0.60847458
vt 0.90322581 0.60847458
vt 0.92473118 0.60847458
vt 0.94623656 0.60847458
vt 0.17204301 0.58983051
vt 0.19354839 0.58983051
vt 0.21505376 0.58983051
vt 0.23655914 0.58983051
vt 0.25806452 0.58983051
vt 0.27956989 0.58983051
vt 0.30107527 0.58983051
vt 0.32258065 0.58983051
vt 0.34408602 0.58983051
vt 0.36559140 0.58983051
vt 0.38709677 0.58983051
vt 0.40860215 0.58983051
vt 0.43010753 0.58983051
vt 0.45161290 0.58983051
vt 0.47311828 0.58983051
vt 0.49462366 0.58983051
vt 0.51612903 0.58983051
vt 0.53763441 0.58983051
vt 0.55913978 0.58983051
vt 0.58064516 0.58983051
vt 0.60215054 0.58983051
vt 0.62365591 0.58983051
vt 0.64516129 0.58983051
vt 0.66666667 0.58983051
vt 0.68817204 0.58983051
vt 0.70967742 0.58983051
vt 0.73118280 0.58983051
vt 0.75268817 0.58983051
vt 0.77419355 0.58983051
vt 0.79569892 0.58983051
vt 0.81720430 0.58983051
vt 0.83870968 0.58983051
vt 0.86021505 0.58983051
vt 0.88172043 0.58983051
vt 0.90322581 0.58983051
vt 0.19354839 0.57118644
vt 0.21505376 0.57118644
vt 0.23655914 0.57118644
vt 0.25806452 0.57118644
vt 0.27956989 0.57118644
vt 0.30107527 0.57118644
vt 0.32258065 0.57118644
vt 0.34408602 0.57118644
vt 0.36559140 0.57118644
vt 0.38709677 0.57118644
vt 0.40860215 0.57118644
vt 0.43010753 0.57118644
vt 0.45161290 0.57118644
vt 0.47311828 0.57118644
vt 0.49462366 0.57118644
vt 0.51612903 0.57118644
vt 0.53763441 0.57118644
vt 0.55913978 0.57118644
vt 0.58064516 0.57118644
vt 0.60215054 0.57118644
vt 0.62365591 0.57118644
vt 0.64516129 0.57118644
vt 0.66666667 0.57118644
vt 0.68817204 0.57118644
vt 0.70967742 0.57118644
vt 0.73118280 0.57118644
vt 0.75268817 0.57118644
vt 0.77419355 0.57118644
vt 0.79569892 0.57118644
vt 0.81720430 0.57118644
vt 0.83870968 0.57118644
vt 0.86021505 0.57118644
vt 0.88172043 0.57118644
vt 0.19354839 0.55254237
vt 0.21505376 0.55254237
vt 0.23655914 0.55254237
vt 0.25806452 0.55254237
vt 0.27956989 0.55254237
vt 0.30107527 0.55254237
vt 0.32258065 0.55254237
vt 0.34408602 0.55254237
vt 0.36559140 0.55254237
vt 0.38709677 0.55254237
vt 0.40860215 0.55254237
vt 0.43010753 0.55254237
vt 0.45161290 0.55254237
vt 0.47311828 0.55254237
vt 0.49462366 0.55254237
vt 0.51612903 0.55254237
vt 0.53763441 0.55254237
vt 0.55913978 0.55254237
vt 0.58064516 0.55254237
vt 0.60215054 0.55254237
vt 0.62365591 0.55254237
vt 0.64516129 0.55254237
vt 0.66666667 0.55254237
vt 0.68817204 0.55254237
vt 0.70967742 0.55254237
vt 0.73118280 0.55254237
vt 0.75268817 0.55254237
vt 0.77419355 0.55254237
vt 0.79569892 0.55254237
vt 0.81720430 0.55254237
vt 0.83870968 0.55254237
vt 0.86021505 0.55254237
vt 0.19354839 0.53389831
vt 0.21505376 0.53389831
vt 0.23655914 0.53389831
vt 0.25806452 0.53389831
vt 0.27956989 0.53389831
vt 0.30107527 0.53389831
vt 0.32258065 0.53389831
vt 0.34408602 0.53389831
vt 0.36559140 0.53389831
vt 0.38709677 0.53389831
vt 0.40860215 0.53389831
vt 0.43010753 0.53389831
vt 0.45161290 0.53389831
vt 0.47311828 0.53389831
vt 0.49462366 0.53389831
vt 0.51612903 0.53389831
vt 0.53763441 0.53389831
vt 0.55913978 0.53389831
vt 0.58064516 0.53389831
vt 0.60215054 0.53389831
vt 0.62365591 0.53389831
vt 0.64516129 0.53389831
vt 0.66666667 0.53389831
vt 0.68817204 0.53389831
vt 0.70967742 0.53389831
vt 0.73118280 0.53389831
vt 0.75268817 0.53389831
vt 0.77419355 0.53389831
vt 0.79569892 0.53389831
vt 0.81720430 0.53389831
vt 0.83870968 0.53389831
vt 0.86021505 0.53389831
vt 0.19354839 0.51525424
vt 0.21505376 0.51525424
vt 0.23655914 0.51525424
vt 0.25806452 0.51525424
vt 0.27956989 0.51525424
vt 0.30107527 0.51525424
vt 0.32258065 0.51525424
vt 0.34408602 0.51525424
vt 0.36559140 0.51525424
vt 0.38709677 0.51525424
vt 0.40860215 0.51525424
vt 0.43010753 0.51525424
vt 0.45161290 0.51525424
vt 0.47311828 0.51525424
vt 0.49462366 0.51525424
vt 0.51612903 0.51525424
vt 0.53763441 0.51525424
vt 0.55913978 0.51525424
vt 0.58064516 0.51525424
vt 0.60215054 0.51525424
vt 0.62365591 0.51525424
vt 0.64516129 0.51525424
vt 0.66666667 0.51525424
vt 0.68817204 0.51525424
vt 0.70967742 0.51525424
vt 0.73118280 0.51525424
vt 0.75268817 0.51525424
vt 0.77419355 0.51525424
vt 0.79569892 0.51525424
vt 0.81720430 0.51525424
vt 0.83870968 0.51525424
vt 0.86021505 0.51525424
vt 0.19354839 0.49661017
vt 0.21505376 0.49661017
vt 0.23655914 0.49661017
vt 0.25806452 0.49661017
vt 0.27956989 0.49661017
vt 0.30107527 0.49661017
vt 0.32258065 0.49661017
vt 0.34408602 0.49661017
vt 0.36559140 0.49661017
vt 0.38709677 0.49661017
vt 0.40860215 0.49661017
vt 0.43010753 0.49661017
vt 0.45161290 0.49661017
vt 0.47311828 0.49661017
vt 0.49462366 0.49661017
vt 0.51612903 0.49661017
vt 0.53763441 0.49661017
vt 0.55913978 0.49661017
vt 0.58064516 0.49661017
vt 0.60215054 0.49661017
vt 0.62365591 0.49661017
vt 0.64516129 0.49661017
vt 0.66666667 0.49661017
vt 0.68817204 0.49661017
vt 0.70967742 0.49661017
vt 0.73118280 0.49661017
vt 0.75268817 0.49661017
vt 0.77419355 0.49661017
vt 0.79569892 0.49661017
vt 0.81720430 0.49661017
vt 0.83870968 0.49661017
vt 0.86021505 0.49661017
vt 0.19354839 0.47796610
vt 0.21505376 0.47796610
vt 0.23655914 0.47796610
vt 0.25806452 0.47796610
vt 0.27956989 0.47796610
vt 0.30107527 0.47796610
vt 0.32258065 0.47796610
vt 0.34408602 0.47796610
vt 0.36559140 0.47796610
vt 0.38709677 0.47796610
vt 0.40860215 0.47796610
vt 0.43010753 0.47796610
vt 0.45161290 0.47796610
vt 0.47311828 0.47796610
vt 0.49462366 0.47796610
vt 0.51612903 0.47796610
vt 0.53763441 0.47796610
vt 0.55913978 0.47796610
vt 0.58064516 0.47796610
vt 0.60215054 0.47796610
vt 0.62365591 0.47796610
vt 0.64516129 0.47796610
vt 0.66666667 0.47796610
vt 0.68817204 0.47796610
vt 0.70967742 0.47796610
vt 0.73118280 0.47796610
vt 0.75268817 0.47796610
vt 0.77419355 0.47796610
vt 0.79569892 0.47796610
vt 0.81720430 0.47796610
vt 0.83870968 0.47796610
vt 0.86021505 0.47796610
vt 0.19354839 0.45932203
vt 0.21505376 0.45932203
vt 0.23655914 0.45932203
vt 0.25806452 0.45932203
vt 0.27956989 0.45932203
vt 0.30107527 0.45932203
vt 0.32258065 0.45932203
vt 0.34408602 0.45932203
vt 0.36559140 0.45932203
vt 0.38709677 0.45932203
vt 0.40860215 0.45932203
vt 0.43010753 0.45932203
vt 0.45161290 0.45932203
vt 0.47311828 0.45932203
vt 0.49462366 0.45932203
vt 0.51612903 0.45932203
vt 0.53763441 0.45932203
vt 0.55913978 0.45932203
vt 0.58064516 0.45932203
vt 0.60215054 0.45932203
vt 0.62365591 0.45932203
vt 0.64516129 0.45932203
vt 0.66666667 0.45932203
vt 0.68817204 0.45932203
vt 0.70967742 0.45932203
vt 0.73118280 0.45932203
vt 0.75268817 0.45932203
vt 0.77419355 0.45932203
vt 0.79569892 0.45932203
vt 0.81720430 0.45932203
vt 0.83870968 0.45932203
vt 0.86021505 0.45932203
vt 0.19354839 0.44067797
vt 0.21505376 0.44067797
vt 0.23655914 0.44067797
vt 0.25806452 0.44067797
vt 0.27956989 0.44067797
vt 0.30107527 0.44067797
vt 0.32258065 0.44067797
vt 0.34408602 0.44067797
vt 0.36559140 0.44067797
vt 0.38709677 0.44067797
vt 0.40860215 0.44067797
vt 0.43010753 0.44067797
vt 0.45161290 0.44067797
vt 0.47311828 0.44067797
vt 0.49462366 0.44067797
vt 0.51612903 0.44067797
vt 0.53763441 0.44067797
vt 0.55913978 0.44067797
vt 0.58064516 0.44067797
vt 0.60215054 0.44067797
vt 0.62365591 0.44067797
vt 0.64516129 0.44067797
vt 0.66666667 0.44067797
vt 0.68817204 0.44067797
vt 0.70967742 0.44067797
vt 0.73118280 0.44067797
vt 0.75268817 0.44067797
vt 0.77419355 0.44067797
vt 0.79569892 0.44067797
vt 0.81720430 0.44067797
vt 0.83870968 0.44067797
vt 0.86021505 0.44067797
vt 0.19354839 0.42203390
vt 0.21505376 0.42203390
vt 0.23655914 0.42203390
vt 0.25806452 0.42203390
vt 0.27956989 0.42203390
vt 0.30107527 0.42203390
vt 0.32258065 0.42203390
vt 0.34408602 0.42203390
vt 0.36559140 0.42203390
vt 0.38709677 0.42203390
vt 0.40860215 0.42203390
vt 0.43010753 0.42203390
vt 0.45161290 0.42203390
vt 0.47311828 0.42203390
vt 0.49462366 0.42203390
vt 0.51612903 0.42203390
vt 0.53763441 0.42203390
vt 0.55913978 0.42203390
vt 0.58064516 0.42203390
vt 0.60215054 0.42203390
vt 0.62365591 0.42203390
vt 0.64516129 0.42203390
vt 0.66666667 0.42203390
vt 0.68817204 0.42203390
vt 0.70967742 0.42203390
vt 0.73118280 0.42203390
vt 0.75268817 0.42203390
vt 0.77419355 0.42203390
vt 0.79569892 0.42203390
vt 0.81720430 0.42203390
vt 0.83870968 0.42203390
vt 0.86021505 0.42203390
vt 0.19354839 0.40338983
vt 0.21505376 0.40338983
vt 0.23655914 0.40338983
vt 0.25806452 0.40338983
vt 0.27956989 0.40338983
vt 0.30107527 0.40338983
vt 0.32258065 0.40338983
vt 0.34408602 0.40338983
vt 0.36559140 0.40338983
vt 0.38709677 0.40338983
vt 0.40860215 0.40338983
vt 0.43010753 0.40338983
vt 0.45161290 0.40338983
vt 0.47311828 0.40338983
vt 0.49462366 0.40338983
vt 0.51612903 0.40338983
vt 0.53763441 0.40338983
vt 0.55913978 0.40338983
vt 0.58064516 0.40338983
vt 0.60215054 0.40338983
vt 0.62365591 0.40338983
vt 0.64516129 0.40338983
vt 0.66666667 0.40338983
vt 0.68817204 0.40338983
vt 0.70967742 0.40338983
vt 0.73118280 0.40338983
vt 0.75268817 0.40338983
vt 0.77419355 0.40338983
vt 0.79569892 0.40338983
vt 0.81720430 0.40338983
vt 0.83870968 0.40338983
vt 0.86021505 0.40338983
vt 0.19354839 0.38474576
vt 0.21505376 0.38474576
vt 0.23655914 0.38474576
vt 0.25806452 0.38474576
vt 0.27956989 0.38474576
vt 0.30107527 0.38474576
vt 0.32258065 0.38474576
vt 0.34408602 0.38474576
vt 0.36559140 0.38474576
vt 0.38709677 0.38474576
vt 0.40860215 0.38474576
vt 0.43010753 0.38474576
vt 0.45161290 0.38474576
vt 0.47311828 0.38474576
vt 0.49462366 0.38474576
vt 0.51612903 0.38474576
vt 0.53763441 0.38474576
vt 0.55913978 0.38474576
vt 0.58064516 0.38474576
vt 0.60215054 0.38474576
vt 0.62365591 0.38474576
vt 0.64516129 0.38474576
vt 0.66666667 0.38474576
vt 0.68817204 0.38474576
vt 0.70967742 0.38474576
vt 0.73118280 0.38474576
vt 0.75268817 0.38474576
vt 0.77419355 0.38474576
vt 0.79569892 0.38474576
vt 0.81720430 0.38474576
vt 0.83870968 0.38474576
vt 0.86021505 0.38474576
vt 0.19354839 0.36610169
vt 0.21505376 0.36610169
vt 0.23655914 0.36610169
vt 0.25806452 0.36610169
vt 0.27956989 0.36610169
vt 0.30107527 0.36610169
vt 0.32258065 0.36610169
vt 0.34408602 0.36610169
vt 0.36559140 0.36610169
vt 0.38709677 0.36610169
vt 0.40860215 0.36610169
vt 0.43010753 0.36610169
vt 0.45161290 0.36610169
vt 0.47311828 0.36610169
vt 0.49462366 0.36610169
vt 0.51612903 0.36610169
vt 0.53763441 0.36610169
vt 0.55913978 0.36610169
vt 0.58064516 0.36610169
vt 0.60215054 0.36610169
vt 0.62365591 0.36610169
vt 0.64516129 0.36610169
vt 0.66666667 0.36610169
vt 0.68817204 0.36610169
vt 0.70967742 0.36610169
vt 0.73118280 0.36610169
vt 0.75268817 0.36610169
vt 0.77419355 0.36610169
vt 0.79569892 0.36610169
vt 0.81720430 0.36610169
vt 0.83870968 0.36610169
vt 0.86021505 0.36610169
vt 0.19354839 0.34745763
vt 0.21505376 0.34745763
vt 0.23655914 0.34745763
vt 0.25806452 0.34745763
vt 0.27956989 0.34745763
vt 0.30107527 0.34745763
vt 0.32258065 0.34745763
vt 0.34408602 0.34745763
vt 0.36559140 0.34745763
vt 0.38709677 0.34745763
vt 0.40860215 0.34745763
vt 0.43010753 0.34745763
vt 0.45161290 0.34745763
vt 0.47311828 0.34745763
vt 0.49462366 0.34745763
vt 0.51612903 0.34745763
vt 0.53763441 0.34745763
vt 0.55913978 0.34745763
vt 0.58064516 0.34745763
vt 0.60215054 0.34745763
vt 0.62365591 0.34745763
vt 0.64516129 0.34745763
vt 0.66666667 0.34745763
vt 0.68817204 0.34745763
vt 0.70967742 0.34745763
vt 0.73118280 0.34745763
vt 0.75268817 0.34745763
vt 0.77419355 0.34745763
vt 0.79569892 0.34745763
vt 0.81720430 0.34745763
vt 0.83870968 0.34745763
vt 0.86021505 0.34745763
vt 0.19354839 0.32881356
vt 0.21505376 0.32881356
vt 0.23655914 0.32881356
vt 0.25806452 0.32881356
vt 0.27956989 0.32881356
vt 0.30107527 0.32881356
vt 0.32258065 0.32881356
vt 0.34408602 0.32881356
vt 0.36559140 0.32881356
vt 0.38709677 0.32881356
vt 0.40860215 0.32881356
vt 0.43010753 0.32881356
vt 0.45161290 0.32881356
vt 0.47311828 0.32881356
vt 0.49462366 0.32881356
vt 0.51612903 0.32881356
vt 0.53763441 0.32881356
vt 0.55913978 0.32881356
vt 0.58064516 0.32881356
vt 0.60215054 0.32881356
vt 0.62365591 0.32881356
vt 0.64516129 0.32881356
vt 0.66666667 0.32881356
vt 0.68817204 0.32881356
vt 0.70967742 0.32881356
vt 0.73118280 0.32881356
vt 0.75268817 0.32881356
vt 0.77419355 0.32881356
vt 0.79569892 0.32881356
vt 0.81720430 0.32881356
vt 0.83870968 0.32881356
vt 0.86021505 0.32881356
vt 0.19354839 0.31016949
vt 0.21505376 0.31016949
vt 0.23655914 0.31016949
vt 0.25806452 0.31016949
vt 0.27956989 0.31016949
vt 0.30107527 0.31016949
vt 0.32258065 0.31016949
vt 0.34408602 0.31016949
vt 0.36559140 0.31016949
vt 0.38709677 0.31016949
vt 0.40860215 0.31016949
vt 0.43010753 0.31016949
vt 0.45161290 0.31016949
vt 0.47311828 0.31016949
vt 0.49462366 0.31016949
vt 0.51612903 0.31016949
vt 0.53763441 0.31016949
vt 0.55913978 0.31016949
vt 0.58064516 0.31016949
vt 0.60215054 0.31016949
vt 0.62365591 0.31016949
vt 0.64516129 0.31016949
vt 0.66666667 0.31016949
vt 0.68817204 0.31016949
vt 0.70967742 0.31016949
vt 0.73118280 0.31016949
vt 0.75268817 0.31016949
vt 0.77419355 0.31016949
vt 0.79569892 0.31016949
vt 0.81720430 0.31016949
vt 0.83870968 0.31016949
vt 0.86021505 0.31016949
vt 0.19354839 0.29152542
vt 0.21505376 0.29152542
vt 0.23655914 0.29152542
vt 0.25806452 0.29152542
vt 0.27956989 0.29152542
vt 0.30107527 0.29152542
vt 0.32258065 0.29152542
vt 0.34408602 0.29152542
vt 0.36559140 0.29152542
vt 0.38709677 0.29152542
vt 0.40860215 0.29152542
vt 0.43010753 0.29152542
vt 0.45161290 0.29152542
vt 0.47311828 0.29152542
vt 0.49462366 0.29152542
vt 0.51612903 0.29152542
vt 0.53763441 0.29152542
vt 0.55913978 0.29152542
vt 0.58064516 0.29152542
vt 0.60215054 0.29152542
vt 0.62365591 0.29152542
vt 0.64516129 0.29152542
vt 0.66666667 0.29152542
vt 0.68817204 0.29152542
vt 0.70967742 0.29152542
vt 0.73118280 0.29152542
vt 0.75268817 0.29152542
vt 0.77419355 0.29152542
vt 0.79569892 0.29152542
vt 0.81720430 0.29152542
vt 0.83870968 0.29152542
vt 0.86021505 0.29152542
vt 0.19354839 0.27288136
vt 0.21505376 0.27288136
vt 0.23655914 0.27288136
vt 0.25806452 0.27288136
vt 0.27956989 0.27288136
vt 0.30107527 0.27288136
vt 0.32258065 0.27288136
vt 0.34408602 0.27288136
vt 0.36559140 0.27288136
vt 0.38709677 0.27288136
vt 0.40860215 0.27288136
vt 0.43010753 0.27288136
vt 0.45161290 0.27288136
vt 0.47311828 0.27288136
vt 0.49462366 0.27288136
vt 0.51612903 0.27288136
vt 0.53763441 0.27288136
vt 0.55913978 0.27288136
vt 0.58064516 0.27288136
vt 0.60215054 0.27288136
vt 0.62365591 0.27288136
vt 0.64516129 0.27288136
vt 0.66666667 0.27288136
vt 0.68817204 0.27288136
vt 0.70967742 0.27288136
vt 0.73118280 0.27288136
vt 0.75268817 0.27288136
vt 0.77419355 0.27288136
vt 0.79569892 0.27288136
vt 0.81720430 0.27288136
vt 0.83870968 0.27288136
vt 0.86021505 0.27288136
vt 0.17204301 0.25423729
vt 0.19354839 0.25423729
vt 0.21505376 0.25423729
vt 0.23655914 0.25423729
vt 0.25806452 0.25423729
vt 0.27956989 0.25423729
vt 0.30107527 0.25423729
vt 0.32258065 0.25423729
vt 0.34408602 0.25423729
vt 0.36559140 0.25423729
vt 0.38709677 0.25423729
vt 0.40860215 0.25423729
vt 0.43010753 0.25423729
vt 0.45161290 0.25423729
vt 0.47311828 0.25423729
vt 0.49462366 0.25423729
vt 0.51612903 0.25423729
vt 0.53763441 0.25423729
vt 0.55913978 0.25423729
vt 0.58064516 0.25423729
vt 0.60215054 0.25423729
vt 0.62365591 0.25423729
vt 0.64516129 0.25423729
vt 0.66666667 0.25423729
vt 0.68817204 0.25423729
vt 0.70967742 0.25423729
vt 0.73118280 0.25423729
vt 0.75268817 0.25423729
vt 0.77419355 0.25423729
vt 0.79569892 0.25423729
vt 0.81720430 0.25423729
vt 0.83870968 0.25423729
vt 0.86021505 0.25423729
vt 0.17204301 0.23559322
vt 0.19354839 0.23559322
vt 0.21505376 0.23559322
vt 0.23655914 0.23559322
vt 0.25806452 0.23559322
vt 0.27956989 0.23559322
vt 0.30107527 0.23559322
vt 0.32258065 0.23559322
vt 0.34408602 0.23559322
vt 0.36559140 0.23559322
vt 0.38709677 0.23559322
vt 0.40860215 0.23559322
vt 0.43010753 0.23559322
vt 0.45161290 0.23559322
vt 0.47311828 0.23559322
vt 0.49462366 0.23559322
vt 0.51612903 0.23559322
vt 0.53763441 0.23559322
vt 0.55913978 0.23559322
vt 0.58064516 0.23559322
vt 0.60215054 0.23559322
vt 0.62365591 0.23559322
vt 0.64516129 0.23559322
vt 0.66666667 0.23559322
vt 0.68817204 0.23559322
vt 0.70967742 0.23559322
vt 0.73118280 0.23559322
vt 0.75268817 0.23559322
vt 0.77419355 0.23559322
vt 0.79569892 0.23559322
vt 0.81720430 0.23559322
vt 0.83870968 0.23559322
vt 0.86021505 0.23559322
vt 0.17204301 0.21694915
vt 0.19354839 0.21694915
vt 0.21505376 0.21694915
vt 0.23655914 0.21694915
vt 0.25806452 0.21694915
vt 0.27956989 0.21694915
vt 0.30107527 0.21694915
vt 0.32258065 0.21694915
vt 0.34408602 0.21694915
vt 0.36559140 0.21694915
vt 0.38709677 0.21694915
vt 0.40860215 0.21694915
vt 0.43010753 0.21694915
vt 0.45161290 0.21694915
vt 0.47311828 0.21694915
vt 0.49462366 0.21694915
vt 0.51612903 0.21694915
vt 0.53763441 0.21694915
vt 0.55913978 0.21694915
vt 0.58064516 0.21694915
vt 0.60215054 0.21694915
vt 0.62365591 0.21694915
vt 0.64516129 0.21694915
vt 0.66666667 0.21694915
vt 0.68817204 0.21694915
vt 0.70967742 0.21694915
vt 0.73118280 0.21694915
vt 0.75268817 0.21694915
vt 0.77419355 0.21694915
vt 0.79569892 0.21694915
vt 0.81720430 0.21694915
vt 0.83870968 0.21694915
vt 0.86021505 0.21694915
vt 0.17204301 0.19830508
vt 0.19354839 0.19830508
vt 0.21505376 0.19830508
vt 0.23655914 0.19830508
vt 0.25806452 0.19830508
vt 0.27956989 0.19830508
vt 0.30107527 0.19830508
vt 0.32258065 0.19830508
vt 0.34408602 0.19830508
vt 0.36559140 0.19830508
vt 0.38709677 0.19830508
vt 0.40860215 0.19830508
vt 0.43010753 0.19830508
vt 0.45161290 0.19830508
vt 0.47311828 0.19830508
vt 0.49462366 0.19830508
vt 0.51612903 0.19830508
vt 0.53763441 0.19830508
vt 0.55913978 0.19830508
vt 0.58064516 0.19830508
vt 0.60215054 0.19830508
vt 0.62365591 0.19830508
vt 0.64516129 0.19830508
vt 0.66666667 0.19830508
vt 0.68817204 0.19830508
vt 0.70967742 0.19830508
vt 0.73118280 0.19830508
vt 0.75268817 0.19830508
vt 0.77419355 0.19830508
vt 0.79569892 0.19830508
vt 0.81720430 0.19830508
vt 0.83870968 0.19830508
vt 0.86021505 0.19830508
vt 0.17204301 0.17966102
vt 0.19354839 0.17966102
vt 0.21505376 0.17966102
vt 0.23655914 0.17966102
vt 0.25806452 0.17966102
vt 0.27956989 0.17966102
vt 0.30107527 0.17966102
vt 0.32258065 0.17966102
vt 0.34408602 0.17966102
vt 0.36559140 0.17966102
vt 0.38709677 0.17966102
vt 0.40860215 0.17966102
vt 0.43010753 0.17966102
vt 0.45161290 0.17966102
vt 0.47311828 0.17966102
vt 0.49462366 0.17966102
vt 0.51612903 0.17966102
vt 0.53763441 0.17966102
vt 0.55913978 0.17966102
vt 0.58064516 0.17966102
vt 0.60215054 0.17966102
vt 0.62365591 0.17966102
vt 0.64516129 0.17966102
vt 0.66666667 0.17966102
vt 0.68817204 0.17966102
vt 0.70967742 0.17966102
vt 0.73118280 0.17966102
vt 0.75268817 0.17966102
vt 0.77419355 0.17966102
vt 0.79569892 0.17966102
vt 0.81720430 0.17966102
vt 0.83870968 0.17966102
vt 0.86021505 0.17966102
vt 0.17204301 0.16101695
vt 0.19354839 0.16101695
vt 0.21505376 0.16101695
vt 0.23655914 0.16101695
vt 0.25806452 0.16101695
vt 0.27956989 0.16101695
vt 0.30107527 0.16101695
vt 0.32258065 0.16101695
vt 0.34408602 0.16101695
vt 0.36559140 0.16101695
vt 0.38709677 0.16101695
vt 0.40860215 0.16101695
vt 0.43010753 0.16101695
vt 0.45161290 0.16101695
vt 0.47311828 0.16101695
vt 0.49462366 0.16101695
vt 0.51612903 0.16101695
vt 0.53763441 0.16101695
vt 0.55913978 0.16101695
vt 0.58064516 0.16101695
vt 0.60215054 0.16101695
vt 0.62365591 0.16101695
vt 0.64516129 0.16101695
vt 0.66666667 0.16101695
vt 0.68817204 0.16101695
vt 0.70967742 0.16101695
vt 0.73118280 0.16101695
vt 0.75268817 0.16101695
vt 0.77419355 0.16101695
vt 0.79569892 0.16101695
vt 0.81720430 0.16101695
vt 0.83870968 0.16101695
vt 0.86021505 0.16101695
vt 0.17204301 0.14237288
vt 0.19354839 0.14237288
vt 0.21505376 0.14237288
vt 0.23655914 0.14237288
vt 0.25806452 0.14237288
vt 0.27956989 0.14237288
vt 0.30107527 0.14237288
vt 0.32258065 0.14237288
vt 0.34408602 0.14237288
vt 0.36559140 0.14237288
vt 0.38709677 0.14237288
vt 0.40860215 0.14237288
vt 0.43010753 0.14237288
vt 0.45161290 0.14237288
vt 0.47311828 0.14237288
vt 0.49462366 0.14237288
vt 0.51612903 0.14237288
vt 0.53763441 0.14237288
vt 0.55913978 0.14237288
vt 0.58064516 0.14237288
vt 0.60215054 0.14237288
vt 0.62365591 0.14237288
vt 0.64516129 0.14237288
vt 0.66666667 0.14237288
vt 0.68817204 0.14237288
vt 0.70967742 0.14237288
vt 0.73118280 0.14237288
vt 0.75268817 0.14237288
vt 0.77419355 0.14237288
vt 0.79569892 0.14237288
vt 0.81720430 0.14237288
vt 0.83870968 0.14237288
vt 0.86021505 0.14237288
vt 0.17204301 0.12372881
vt 0.19354839 0.12372881
vt 0.21505376 0.12372881
vt 0.23655914 0.12372881
vt 0.25806452 0.12372881
vt 0.27956989 0.12372881
vt 0.30107527 0.12372881
vt 0.32258065 0.12372881
vt 0.34408602 0.12372881
vt 0.36559140 0.12372881
vt 0.38709677 0.12372881
vt 0.40860215 0.12372881
vt 0.43010753 0.12372881
vt 0.45161290 0.12372881
vt 0.47311828 0.12372881
vt 0.49462366 0.12372881
vt 0.51612903 0.12372881
vt 0.53763441 0.12372881
vt 0.55913978 0.12372881
vt 0.58064516 0.12372881
vt 0.60215054 0.12372881
vt 0.62365591 0.12372881
vt 0.64516129 0.12372881
vt 0.66666667 0.12372881
vt 0.68817204 0.12372881
vt 0.70967742 0.12372881
vt 0.73118280 0.12372881
vt 0.75268817 0.12372881
vt 0.77419355 0.12372881
vt 0.79569892 0.12372881
vt 0.81720430 0.12372881
vt 0.83870968 0.12372881
vt 0.86021505 0.12372881
vt 0.88172043 0.12372881
vt 0.17204301 0.10508475
vt 0.19354839 0.10508475
vt 0.21505376 0.10508475
vt 0.23655914 0.10508475
vt 0.25806452 0.10508475
vt 0.27956989 0.10508475
vt 0.30107527 0.10508475
vt 0.32258065 0.10508475
vt 0.34408602 0.10508475
vt 0.36559140 0.10508475
vt 0.38709677 0.10508475
vt 0.40860215 0.10508475
vt 0.43010753 0.10508475
vt 0.45161290 0.10508475
vt 0.47311828 0.10508475
vt 0.49462366 0.10508475
vt 0.51612903 0.10508475
vt 0.53763441 0.10508475
vt 0.55913978 0.10508475
vt 0.58064516 0.10508475
vt 0.60215054 0.10508475
vt 0.62365591 0.10508475
vt 0.64516129 0.10508475
vt 0.66666667 0.10508475
vt 0.68817204 0.10508475
vt 0.70967742 0.10508475
vt 0.73118280 0.10508475
vt 0.75268817 0.10508475
vt 0.77419355 0.10508475
vt 0.79569892 0.10508475
vt 0.81720430 0.10508475
vt 0.83870968 0.10508475
vt 0.86021505 0.10508475
vt 0.88172043 0.10508475
vt 0.17204301 0.08644068
vt 0.19354839 0.08644068
vt 0.21505376 0.08644068
vt 0.23655914 0.08644068
vt 0.25806452 0.08644068
vt 0.27956989 0.08644068
vt 0.30107527 0.08644068
vt 0.32258065 0.08644068
vt 0.34408602 0.08644068
vt 0.36559140 0.08644068
vt 0.38709677 0.08644068
vt 0.40860215 0.08644068
vt 0.43010753 0.08644068
vt 0.45161290 0.08644068
vt 0.47311828 0.08644068
vt 0.49462366 0.08644068
vt 0.51612903 0.08644068
vt 0.53763441 0.08644068
vt 0.55913978 0.08644068
vt 0.58064516 0.08644068
vt 0.60215054 0.08644068
vt 0.62365591 0.08644068
vt 0.64516129 0.08644068
vt 0.66666667 0.08644068
vt 0.68817204 0.08644068
vt 0.70967742 0.08644068
vt 0.73118280 0.08644068
vt 0.75268817 0.08644068
vt 0.77419355 0.08644068
vt 0.79569892 0.08644068
vt 0.81720430 0.08644068
vt 0.83870968 0.08644068
vt 0.86021505 0.08644068
vt 0.88172043 0.08644068
vt 0.17204301 0.06779661
vt 0.19354839 0.06779661
vt 0.21505376 0.06779661
vt 0.23655914 0.06779661
vt 0.25806452 0.06779661
vt 0.27956989 0.06779661
vt 0.30107527 0.06779661
vt 0.32258065 0.06779661
vt 0.34408602 0.06779661
vt 0.36559140 0.06779661
vt 0.38709677 0.06779661
vt 0.40860215 0.06779661
vt 0.43010753 0.06779661
vt 0.45161290 0.06779661
vt 0.47311828 0.06779661
vt 0.49462366 0.06779661
vt 0.51612903 0.06779661
vt 0.53763441 0.06779661
vt 0.55913978 0.06779661
vt 0.58064516 0.06779661
vt 0.60215054 0.06779661
vt 0.62365591 0.06779661
vt 0.64516129 0.06779661
vt 0.66666667 0.06779661
vt 0.68817204 0.06779661
vt 0.70967742 0.06779661
vt 0.73118280 0.06779661
vt 0.75268817 0.06779661
vt 0.77419355 0.06779661
vt 0.79569892 0.06779661
vt 0.81720430 0.06779661
vt 0.83870968 0.06779661
vt 0.86021505 0.06779661
vt 0.88172043 0.06779661
vt 0.17204301 0.04915254
vt 0.19354839 0.04915254
vt 0.21505376 0.04915254
vt 0.23655914 0.04915254
vt 0.25806452 0.04915254
vt 0.27956989 0.04915254
vt 0.30107527 0.04915254
vt 0.32258065 0.04915254
vt 0.34408602 0.04915254
vt 0.36559140 0.04915254
vt 0.38709677 0.04915254
vt 0.40860215 0.04915254
vt 0.43010753 0.04915254
vt 0.45161290 0.04915254
vt 0.47311828 0.04915254
vt 0.49462366 0.04915254
vt 0.51612903 0.04915254
vt 0.53763441 0.04915254
vt 0.55913978 0.04915254
vt 0.58064516 0.04915254
vt 0.60215054 0.04915254
vt 0.62365591 0.04915254
vt 0.64516129 0.04915254
vt 0.66666667 0.04915254
vt 0.68817204 0.04915254
vt 0.70967742 0.04915254
vt 0.73118280 0.04915254
vt 0.75268817 0.04915254
vt 0.77419355 0.04915254
vt 0.79569892 0.04915254
vt 0.81720430 0.04915254
vt 0.83870968 0.04915254
vt 0.86021505 0.04915254
vt 0.88172043 0.04915254
vt 0.19354839 0.03050847
vt 0.21505376 0.03050847
vt 0.23655914 0.03050847
vt 0.25806452 0.03050847
vt 0.30107527 0.03050847
vt 0.32258065 0.03050847
vt 0.34408602 0.03050847
vt 0.36559140 0.03050847
vt 0.38709677 0.03050847
vt 0.51612903 0.03050847
vt 0.53763441 0.03050847
vt 0.55913978 0.03050847
vt 0.58064516 0.03050847
vt 0.60215054 0.03050847
vt 0.62365591 0.03050847
vt 0.70967742 0.03050847
vt 0.73118280 0.03050847
vt 0.75268817 0.03050847
vt 0.77419355 0.03050847
vt 0.79569892 0.03050847
vt 0.81720430 0.03050847
vt 0.83870968 0.03050847
vt 0.86021505 0.03050847
vt 0.88172043 0.03050847
vt 0.81720430 0.01186441
vt 0.83870968 0.01186441
vt 0.86021505 0.01186441
vt 0.17399804 0.91271186
vt 0.00000000 0.70847458
vt 0.18670577 0.57457627
vt 0.16226784 0.05169492
vt 0.21603128 0.01440678
vt 0.27859238 0.03305085
vt 0.36950147 0.01525424
vt 0.43304008 0.04322034
vt 0.57771261 0.01355932
vt 0.65493646 0.04067797
vt 0.86705767 0.00000000
vt 0.88563050 0.02118644
vt 0.86705767 0.55508475
vt 1.00000000 0.64237288
vt 1.00000000 0.74152542
vt 0.85434995 0.90169492
vt 0.62365591 1.00000000
vt 0.50928641 0.97711864
vt 0.38025415 1.00000000
vt 0.62365591 1.00000000
vt 0.34408602 0.98135593
vt 0.36559140 0.98135593
vt 0.38709677 0.98135593
vt 0.40860215 0.98135593
vt 0.43010753 0.98135593
vt 0.45161290 0.98135593
vt 0.47311828 0.98135593
vt 0.53763441 0.98135593
vt 0.55913978 0.98135593
vt 0.58064516 0.98135593
vt 0.60215054 0.98135593
vt 0.62365591 0.98135593
vt 0.64516129 0.98135593
vt 0.66666667 0.98135593
vt 0.30107527 0.96271186
vt 0.32258065 0.96271186
vt 0.34408602 0.96271186
vt 0.36559140 0.96271186
vt 0.38709677 0.96271186
vt 0.40860215 0.96271186
vt 0.43010753 0.96271186
vt 0.45161290 0.96271186
vt 0.47311828 0.96271186
vt 0.49462366 0.96271186
vt 0.51612903 0.96271186
vt 0.53763441 0.96271186
vt 0.55913978 0.96271186
vt 0.58064516 0.96271186
vt 0.60215054 0.96271186
vt 0.62365591 0.96271186
vt 0.64516129 0.96271186
vt 0.66666667 0.96271186
vt 0.68817204 0.96271186
vt 0.70967742 0.96271186
vt 0.25806452 0.94406780
vt 0.27956989 0.94406780
vt 0.30107527 0.94406780
vt 0.32258065 0.94406780
vt 0.34408602 0.94406780
vt 0.36559140 0.94406780
vt 0.38709677 0.94406780
vt 0.40860215 0.94406780
vt 0.43010753 0.94406780
vt 0.45161290 0.94406780
vt 0.47311828 0.94406780
vt 0.49462366 0.94406780
vt 0.51612903 0.94406780
vt 0.53763441 0.94406780
vt 0.55913978 0.94406780
vt 0.58064516 0.94406780
vt 0.60215054 0.94406780
vt 0.62365591 0.94406780
vt 0.64516129 0.94406780
vt 0.66666667 0.94406780
vt 0.68817204 0.94406780
vt 0.70967742 0.94406780
vt 0.73118280 0.94406780
vt 0.75268817 0.94406780
vt 0.21505376 0.92542373
vt 0.23655914 0.92542373
vt 0.25806452 0.92542373
vt 0.27956989 0.92542373
vt 0.30107527 0.92542373
vt 0.32258065 0.92542373
vt 0.34408602 0.92542373
vt 0.36559140 0.92542373
vt 0.38709677 0.92542373
vt 0.40860215 0.92542373
vt 0.43010753 0.92542373
vt 0.45161290 0.92542373
vt 0.47311828 0.92542373
vt 0.49462366 0.92542373
vt 0.51612903 0.92542373
vt 0.53763441 0.92542373
vt 0.55913978 0.92542373
vt 0.58064516 0.92542373
vt 0.60215054 0.92542373
vt 0.62365591 0.92542373
vt 0.64516129 0.92542373
vt 0.66666667 0.92542373
vt 0.68817204 0.92542373
vt 0.70967742 0.92542373
vt 0.73118280 0.92542373
vt 0.75268817 0.92542373
vt 0.77419355 0.92542373
vt 0.79569892 0.92542373
vt 0.17204301 0.90677966
vt 0.19354839 0.90677966
vt 0.21505376 0.90677966
vt 0.23655914 0.90677966
vt 0.25806452 0.90677966
vt 0.27956989 0.90677966
vt 0.30107527 0.90677966
vt 0.32258065 0.90677966
vt 0.34408602 0.90677966
vt 0.36559140 0.90677966
vt 0.38709677 0.90677966
vt 0.40860215 0.90677966
vt 0.43010753 0.90677966
vt 0.45161290 0.90677966
vt 0.47311828 0.90677966
vt 0.49462366 0.90677966
vt 0.51612903 0.90677966
vt 0.53763441 0.90677966
vt 0.55913978 0.90677966
vt 0.58064516 0.90677966
vt 0.60215054 0.90677966
vt 0.62365591 0.90677966
vt 0.64516129 0.90677966
vt 0.66666667 0.90677966
vt 0.68817204 0.90677966
vt 0.70967742 0.90677966
vt 0.73118280 0.90677966
vt 0.75268817 0.90677966
vt 0.77419355 0.90677966
vt 0.79569892 0.90677966
vt 0.81720430 0.90677966
vt 0.83870968 0.90677966
vt 0.17204301 0.88813559
vt 0.19354839 0.88813559
vt 0.21505376 0.88813559
vt 0.23655914 0.88813559
vt 0.25806452 0.88813559
vt 0.27956989 0.88813559
vt 0.30107527 0.88813559
vt 0.32258065 0.88813559
vt 0.34408602 0.88813559
vt 0.36559140 0.88813559
vt 0.38709677 0.88813559
vt 0.40860215 0.88813559
vt 0.43010753 0.88813559
vt 0.45161290 0.88813559
vt 0.47311828 0.88813559
vt 0.49462366 0.88813559
vt 0.51612903 0.88813559
vt 0.53763441 0.88813559
vt 0.55913978 0.88813559
vt 0.58064516 0.88813559
vt 0.60215054 0.88813559
vt 0.62365591 0.88813559
vt 0.64516129 0.88813559
vt 0.66666667 0.88813559
vt 0.68817204 0.88813559
vt 0.70967742 0.88813559
vt 0.73118280 0.88813559
vt 0.75268817 0.88813559
vt 0.77419355 0.88813559
vt 0.79569892 0.88813559
vt 0.81720430 0.88813559
vt 0.83870968 0.88813559
vt 0.86021505 0.88813559
vt 0.15053763 0.86949153
vt 0.17204301 0.86949153
vt 0.19354839 0.86949153
vt 0.21505376 0.86949153
vt 0.23655914 0.86949153
vt 0.25806452 0.86949153
vt 0.27956989 0.86949153
vt 0.30107527 0.86949153
vt 0.32258065 0.86949153
vt 0.34408602 0.86949153
vt 0.36559140 0.86949153
vt 0.38709677 0.86949153
vt 0.40860215 0.86949153
vt 0.43010753 0.86949153
vt 0.45161290 0.86949153
vt 0.47311828 0.86949153
vt 0.49462366 0.86949153
vt 0.51612903 0.86949153
vt 0.53763441 0.86949153
vt 0.55913978 0.86949153
vt 0.58064516 0.86949153
vt 0.60215054 0.86949153
vt 0.62365591 0.86949153
vt 0.64516129 0.86949153
vt 0.66666667 0.86949153
vt 0.68817204 0.86949153
vt 0.70967742 0.86949153
vt 0.73118280 0.86949153
vt 0.75268817 0.86949153
vt 0.77419355 0.86949153
vt 0.79569892 0.86949153
vt 0.81720430 0.86949153
vt 0.83870968 0.86949153
vt 0.86021505 0.86949153
vt 0.88172043 0.86949153
vt 0.12903226 0.85084746
vt 0.15053763 0.85084746
vt 0.17204301 0.85084746
vt 0.19354839 0.85084746
vt 0.21505376 0.85084746
vt 0.23655914 0.85084746
vt 0.25806452 0.85084746
vt 0.27956989 0.85084746
vt 0.30107527 0.85084746
vt 0.32258065 0.85084746
vt 0.34408602 0.85084746
vt 0.36559140 0.85084746
vt 0.38709677 0.85084746
vt 0.40860215 0.85084746
vt 0.43010753 0.85084746
vt 0.45161290 0.85084746
vt 0.47311828 0.85084746
vt 0.49462366 0.85084746
vt 0.51612903 0.85084746
vt 0.53763441 0.85084746
vt 0.55913978 0.85084746
vt 0.58064516 0.85084746
vt 0.60215054 0.85084746
vt 0.62365591 0.85084746
vt 0.64516129 0.85084746
vt 0.66666667 0.85084746
vt 0.68817204 0.85084746
vt 0.70967742 0.85084746
vt 0.73118280 0.85084746
vt 0.75268817 0.85084746
vt 0.77419355 0.85084746
vt 0.79569892 0.85084746
vt 0.81720430 0.85084746
vt 0.83870968 0.85084746
vt 0.86021505 0.85084746
vt 0.88172043 0.85084746
vt 0.10752688 0.83220339
vt 0.12903226 0.83220339
vt 0.15053763 0.83220339
vt 0.17204301 0.83220339
vt 0.19354839 0.83220339
vt 0.21505376 0.83220339
vt 0.23655914 0.83220339
vt 0.25806452 0.83220339
vt 0.27956989 0.83220339
vt 0.30107527 0.83220339
vt 0.32258065 0.83220339
vt 0.34408602 0.83220339
vt 0.36559140 0.83220339
vt 0.38709677 0.83220339
vt 0.40860215 0.83220339
vt 0.43010753 0.83220339
vt 0.45161290 0.83220339
vt 0.47311828 0.83220339
vt 0.49462366 0.83220339
vt 0.51612903 0.83220339
vt 0.53763441 0.83220339
vt 0.55913978 0.83220339
vt 0.58064516 0.83220339
vt 0.60215054 0.83220339
vt 0.62365591 0.83220339
vt 0.64516129 0.83220339
vt 0.66666667 0.83220339
vt 0.68817204 0.83220339
vt 0.70967742 0.83220339
vt 0.73118280 0.83220339
vt 0.75268817 0.83220339
vt 0.77419355 0.83220339
vt 0.79569892 0.83220339
vt 0.81720430 0.83220339
vt 0.83870968 0.83220339
vt 0.86021505 0.83220339
vt 0.88172043 0.83220339
vt 0.90322581 0.83220339
vt 0.10752688 0.81355932
vt 0.12903226 0.81355932
vt 0.15053763 0.81355932
vt 0.17204301 0.81355932
vt 0.19354839 0.81355932
vt 0.21505376 0.81355932
vt 0.23655914 0.81355932
vt 0.25806452 0.81355932
vt 0.27956989 0.81355932
vt 0.30107527 0.81355932
vt 0.32258065 0.81355932
vt 0.34408602 0.81355932
vt 0.36559140 0.81355932
vt 0.38709677 0.81355932
vt 0.40860215 0.81355932
vt 0.43010753 0.81355932
vt 0.45161290 0.81355932
vt 0.47311828 0.81355932
vt 0.49462366 0.81355932
vt 0.51612903 0.81355932
vt 0.53763441 0.81355932
vt 0.55913978 0.81355932
vt 0.58064516 0.81355932
vt 0.60215054 0.81355932
vt 0.62365591 0.81355932
vt 0.64516129 0.81355932
vt 0.66666667 0.81355932
vt 0.68817204 0.81355932
vt 0.70967742 0.81355932
vt 0.73118280 0.81355932
vt 0.75268817 0.81355932
vt 0.77419355 0.81355932
vt 0.79569892 0.81355932
vt 0.81720430 0.81355932
vt 0.83870968 0.81355932
vt 0.86021505 0.81355932
vt 0.88172043 0.81355932
vt 0.90322581 0.81355932
vt 0.92473118 0.81355932
vt 0.08602151 0.79491525
vt 0.10752688 0.79491525
vt 0.12903226 0.79491525
vt 0.15053763 0.79491525
vt 0.17204301 0.79491525
vt 0.19354839 0.79491525
vt 0.21505376 0.79491525
vt 0.23655914 0.79491525
vt 0.25806452 0.79491525
vt 0.27956989 0.79491525
vt 0.30107527 0.79491525
vt 0.32258065 0.79491525
vt 0.34408602 0.79491525
vt 0.36559140 0.79491525
vt 0.38709677 0.79491525
vt 0.40860215 0.79491525
vt 0.43010753 0.79491525
vt 0.45161290 0.79491525
vt 0.47311828 0.79491525
vt 0.49462366 0.79491525
vt 0.51612903 0.79491525
vt 0.53763441 0.79491525
vt 0.55913978 0.79491525
vt 0.58064516 0.79491525
vt 0.60215054 0.79491525
vt 0.62365591 0.79491525
vt 0.64516129 0.79491525
vt 0.66666667 0.79491525
vt 0.68817204 0.79491525
vt 0.70967742 0.79491525
vt 0.73118280 0.79491525
vt 0.75268817 0.79491525
vt 0.77419355 0.79491525
vt 0.79569892 0.79491525
vt 0.81720430 0.79491525
vt 0.83870968 0.79491525
vt 0.86021505 0.79491525
vt 0.88172043 0.79491525
vt 0.90322581 0.79491525
vt 0.92473118 0.79491525
vt 0.94623656 0.79491525
vt 0.06451613 0.77627119
vt 0.08602151 0.77627119
vt 0.10752688 0.77627119
vt 0.12903226 0.77627119
vt 0.15053763 0.77627119
vt 0.17204301 0.77627119
vt 0.19354839 0.77627119
vt 0.21505376 0.77627119
vt 0.23655914 0.77627119
vt 0.25806452 0.77627119
vt 0.27956989 0.77627119
vt 0.30107527 0.77627119
vt 0.32258065 0.77627119
vt 0.34408602 0.77627119
vt 0.36559140 0.77627119
vt 0.38709677 0.77627119
vt 0.40860215 0.77627119
vt 0.43010753 0.77627119
vt 0.45161290 0.77627119
vt 0.47311828 0.77627119
vt 0.49462366 0.77627119
vt 0.51612903 0.77627119
vt 0.53763441 0.77627119
vt 0.55913978 0.77627119
vt 0.58064516 0.77627119
vt 0.60215054 0.77627119
vt 0.62365591 0.77627119
vt 0.64516129 0.77627119
vt 0.66666667 0.77627119
vt 0.68817204 0.77627119
vt 0.70967742 0.77627119
vt 0.73118280 0.77627119
vt 0.75268817 0.77627119
vt 0.77419355 0.77627119
vt 0.79569892 0.77627119
vt 0.81720430 0.77627119
vt 0.83870968 0.77627119
vt 0.86021505 0.77627119
vt 0.88172043 0.77627119
vt 0.90322581 0.77627119
vt 0.92473118 0.77627119
vt 0.94623656 0.77627119
vt 0.96774194 0.77627119
vt 0.04301075 0.75762712
vt 0.06451613 0.75762712
vt 0.08602151 0.75762712
vt 0.10752688 0.75762712
vt 0.12903226 0.75762712
vt 0.15053763 0.75762712
vt 0.17204301 0.75762712
vt 0.19354839 0.75762712
vt 0.21505376 0.75762712
vt 0.23655914 0.75762712
vt 0.25806452 0.75762712
vt 0.27956989 0.75762712
vt 0.30107527 0.75762712
vt 0.32258065 0.75762712
vt 0.34408602 0.75762712
vt 0.36559140 0.75762712
vt 0.38709677 0.75762712
vt 0.40860215 0.75762712
vt 0.43010753 0.75762712
vt 0.45161290 0.75762712
vt 0.47311828 0.75762712
vt 0.49462366 0.75762712
vt 0.51612903 0.75762712
vt 0.53763441 0.75762712
vt 0.55913978 0.75762712
vt 0.58064516 0.75762712
vt 0.60215054 0.75762712
vt 0.62365591 0.75762712
vt 0.64516129 0.75762712
vt 0.66666667 0.75762712
vt 0.68817204 0.75762712
vt 0.70967742 0.75762712
vt 0.73118280 0.75762712
vt 0.75268817 0.75762712
vt 0.77419355 0.75762712
vt 0.79569892 0.75762712
vt 0.81720430 0.75762712
vt 0.83870968 0.75762712
vt 0.86021505 0.75762712
vt 0.88172043 0.75762712
vt 0.90322581 0.75762712
vt 0.92473118 0.75762712
vt 0.94623656 0.75762712
vt 0.96774194 0.75762712
vt 0.04301075 0.73898305
vt 0.06451613 0.73898305
vt 0.08602151 0.73898305
vt 0.10752688 0.73898305
vt 0.12903226 0.73898305
vt 0.15053763 0.73898305
vt 0.17204301 0.73898305
vt 0.19354839 0.73898305
vt 0.21505376 0.73898305
vt 0.23655914 0.73898305
vt 0.25806452 0.73898305
vt 0.27956989 0.73898305
vt 0.30107527 0.73898305
vt 0.32258065 0.73898305
vt 0.34408602 0.73898305
vt 0.36559140 0.73898305
vt 0.38709677 0.73898305
vt 0.40860215 0.73898305
vt 0.43010753 0.73898305
vt 0.45161290 0.73898305
vt 0.47311828 0.73898305
vt 0.49462366 0.73898305
vt 0.51612903 0.73898305
vt 0.53763441 0.73898305
vt 0.55913978 0.73898305
vt 0.58064516 0.73898305
vt 0.60215054 0.73898305
vt 0.62365591 0.73898305
vt 0.64516129 0.73898305
vt 0.66666667 0.73898305
vt 0.68817204 0.73898305
vt 0.70967742 0.73898305
vt 0.73118280 0.73898305
vt 0.75268817 0.73898305
vt 0.77419355 0.73898305
vt 0.79569892 0.73898305
vt 0.81720430 0.73898305
vt 0.83870968 0.73898305
vt 0.86021505 0.73898305
vt 0.88172043 0.73898305
vt 0.90322581 0.73898305
vt 0.92473118 0.73898305
vt 0.94623656 0.73898305
vt 0.96774194 0.73898305
vt 0.98924731 0.73898305
vt 0.02150538 0.72033898
vt 0.04301075 0.72033898
vt 0.06451613 0.72033898
vt 0.08602151 0.72033898
vt 0.10752688 0.72033898
vt 0.12903226 0.72033898
vt 0.15053763 0.72033898
vt 0.17204301 0.72033898
vt 0.19354839 0.72033898
vt 0.21505376 0.72033898
vt 0.23655914 0.72033898
vt 0.25806452 0.72033898
vt 0.27956989 0.72033898
vt 0.30107527 0.72033898
vt 0.32258065 0.72033898
vt 0.34408602 0.72033898
vt 0.36559140 0.72033898
vt 0.38709677 0.72033898
vt 0.40860215 0.72033898
vt 0.43010753 0.72033898
vt 0.45161290 0.72033898
vt 0.47311828 0.72033898
vt 0.49462366 0.72033898
vt 0.51612903 0.72033898
vt 0.53763441 0.72033898
vt 0.55913978 0.72033898
vt 0.58064516 0.72033898
vt 0.60215054 0.72033898
vt 0.62365591 0.72033898
vt 0.64516129 0.72033898
vt 0.66666667 0.72033898
vt 0.68817204 0.72033898
vt 0.70967742 0.72033898
vt 0.73118280 0.72033898
vt 0.75268817 0.72033898
vt 0.77419355 0.72033898
vt 0.79569892 0.72033898
vt 0.81720430 0.72033898
vt 0.83870968 0.72033898
vt 0.86021505 0.72033898
vt 0.88172043 0.72033898
vt 0.90322581 0.72033898
vt 0.92473118 0.72033898
vt 0.94623656 0.72033898
vt 0.96774194 0.72033898
vt 0.98924731 0.72033898
vt 0.02150538 0.70169492
vt 0.04301075 0.70169492
vt 0.06451613 0.70169492
vt 0.08602151 0.70169492
vt 0.10752688 0.70169492
vt 0.12903226 0.70169492
vt 0.15053763 0.70169492
vt 0.17204301 0.70169492
vt 0.19354839 0.70169492
vt 0.21505376 0.70169492
vt 0.23655914 0.70169492
vt 0.25806452 0.70169492
vt 0.27956989 0.70169492
vt 0.30107527 0.70169492
vt 0.32258065 0.70169492
vt 0.34408602 0.70169492
vt 0.36559140 0.70169492
vt 0.38709677 0.70169492
vt 0.40860215 0.70169492
vt 0.43010753 0.70169492
vt 0.45161290 0.70169492
vt 0.47311828 0.70169492
vt 0.49462366 0.70169492
vt 0.51612903 0.70169492
vt 0.53763441 0.70169492
vt 0.55913978 0.70169492
vt 0.58064516 0.70169492
vt 0.60215054 0.70169492
vt 0.62365591 0.70169492
vt 0.64516129 0.70169492
vt 0.66666667 0.70169492
vt 0.68817204 0.70169492
vt 0.70967742 0.70169492
vt 0.73118280 0.70169492
vt 0.75268817 0.70169492
vt 0.77419355 0.70169492
vt 0.79569892 0.70169492
vt 0.81720430 0.70169492
vt 0.83870968 0.70169492
vt 0.86021505 0.70169492
vt 0.88172043 0.70169492
vt 0.90322581 0.70169492
vt 0.92473118 0.70169492
vt 0.94623656 0.70169492
vt 0.96774194 0.70169492
vt 0.98924731 0.70169492
vt 0.04301075 0.68305085
vt 0.06451613 0.68305085
vt 0.08602151 0.68305085
vt 0.10752688 0.68305085
vt 0.12903226 0.68305085
vt 0.15053763 0.68305085
vt 0.17204301 0.68305085
vt 0.19354839 0.68305085
vt 0.21505376 0.68305085
vt 0.23655914 0.68305085
vt 0.25806452 0.68305085
vt 0.27956989 0.68305085
vt 0.30107527 0.68305085
vt 0.32258065 0.68305085
vt 0.34408602 0.68305085
vt 0.36559140 0.68305085
vt 0.38709677 0.68305085
vt 0.40860215 0.68305085
vt 0.43010753 0.68305085
vt 0.45161290 0.68305085
vt 0.47311828 0.68305085
vt 0.49462366 0.68305085
vt 0.51612903 0.68305085
vt 0.53763441 0.68305085
vt 0.55913978 0.68305085
vt 0.58064516 0.68305085
vt 0.60215054 0.68305085
vt 0.62365591 0.68305085
vt 0.64516129 0.68305085
vt 0.66666667 0.68305085
vt 0.68817204 0.68305085
vt 0.70967742 0.68305085
vt 0.73118280 0.68305085
vt 0.75268817 0.68305085
vt 0.77419355 0.68305085
vt 0.79569892 0.68305085
vt 0.81720430 0.68305085
vt 0.83870968 0.68305085
vt 0.86021505 0.68305085
vt 0.88172043 0.68305085
vt 0.90322581 0.68305085
vt 0.92473118 0.68305085
vt 0.94623656 0.68305085
vt 0.96774194 0.68305085
vt 0.98924731 0.68305085
vt 0.06451613 0.66440678
vt 0.08602151 0.66440678
vt 0.10752688 0.66440678
vt 0.12903226 0.66440678
vt 0.15053763 0.66440678
vt 0.17204301 0.66440678
vt 0.19354839 0.66440678
vt 0.21505376 0.66440678
vt 0.23655914 0.66440678
vt 0.25806452 0.66440678
vt 0.27956989 0.66440678
vt 0.30107527 0.66440678
vt 0.32258065 0.66440678
vt 0.34408602 0.66440678
vt 0.36559140 0.66440678
vt 0.38709677 0.66440678
vt 0.40860215 0.66440678
vt 0.43010753 0.66440678
vt 0.45161290 0.66440678
vt 0.47311828 0.66440678
vt 0.49462366 0.66440678
vt 0.51612903 0.66440678
vt 0.53763441 0.66440678
vt 0.55913978 0.66440678
vt 0.58064516 0.66440678
vt 0.60215054 0.66440678
vt 0.62365591 0.66440678
vt 0.64516129 0.66440678
vt 0.66666667 0.66440678
vt 0.68817204 0.66440678
vt 0.70967742 0.66440678
vt 0.73118280 0.66440678
vt 0.75268817 0.66440678
vt 0.77419355 0.66440678
vt 0.79569892 0.66440678
vt 0.81720430 0.66440678
vt 0.83870968 0.66440678
vt 0.86021505 0.66440678
vt 0.88172043 0.66440678
vt 0.90322581 0.66440678
vt 0.92473118 0.66440678
vt 0.94623656 0.66440678
vt 0.96774194 0.66440678
vt 0.98924731 0.66440678
vt 0.10752688 0.64576271
vt 0.12903226 0.64576271
vt 0.15053763 0.64576271
vt 0.17204301 0.64576271
vt 0.19354839 0.64576271
vt 0.21505376 0.64576271
vt 0.23655914 0.64576271
vt 0.25806452 0.64576271
vt 0.27956989 0.64576271
vt 0.30107527 0.64576271
vt 0.32258065 0.64576271
vt 0.34408602 0.64576271
vt 0.36559140 0.64576271
vt 0.38709677 0.64576271
vt 0.40860215 0.64576271
vt 0.43010753 0.64576271
vt 0.45161290 0.64576271
vt 0.47311828 0.64576271
vt 0.49462366 0.64576271
vt 0.51612903 0.64576271
vt 0.53763441 0.64576271
vt 0.55913978 0.64576271
vt 0.58064516 0.64576271
vt 0.60215054 0.64576271
vt 0.62365591 0.64576271
vt 0.64516129 0.64576271
vt 0.66666667 0.64576271
vt 0.68817204 0.64576271
vt 0.70967742 0.64576271
vt 0.73118280 0.64576271
vt 0.75268817 0.64576271
vt 0.77419355 0.64576271
vt 0.79569892 0.64576271
vt 0.81720430 0.64576271
vt 0.83870968 0.64576271
vt 0.86021505 0.64576271
vt 0.88172043 0.64576271
vt 0.90322581 0.64576271
vt 0.92473118 0.64576271
vt 0.94623656 0.64576271
vt 0.96774194 0.64576271
vt 0.98924731 0.64576271
vt 0.12903226 0.62711864
vt 0.15053763 0.62711864
vt 0.17204301 0.62711864
vt 0.19354839 0.62711864
vt 0.21505376 0.62711864
vt 0.23655914 0.62711864
vt 0.25806452 0.62711864
vt 0.27956989 0.62711864
vt 0.30107527 0.62711864
vt 0.32258065 0.62711864
vt 0.34408602 0.62711864
vt 0.36559140 0.62711864
vt 0.38709677 0.62711864
vt 0.40860215 0.62711864
vt 0.43010753 0.62711864
vt 0.45161290 0.62711864
vt 0.47311828 0.62711864
vt 0.49462366 0.62711864
vt 0.51612903 0.62711864
vt 0.53763441 0.62711864
vt 0.55913978 0.62711864
vt 0.58064516 0.62711864
vt 0.60215054 0.62711864
vt 0.62365591 0.62711864
vt 0.64516129 0.62711864
vt 0.66666667 0.62711864
vt 0.68817204 0.62711864
vt 0.70967742 0.62711864
vt 0.73118280 0.62711864
vt 0.75268817 0.62711864
vt 0.77419355 0.62711864
vt 0.79569892 0.62711864
vt 0.81720430 0.62711864
vt 0.83870968 0.62711864
vt 0.86021505 0.62711864
vt 0.88172043 0.62711864
vt 0.90322581 0.62711864
vt 0.92473118 0.62711864
vt 0.94623656 0.62711864
vt 0.96774194 0.62711864
vt 0.15053763 0.60847458
vt 0.17204301 0.60847458
vt 0.19354839 0.60847458
vt 0.21505376 0.60847458
vt 0.23655914 0.60847458
vt 0.25806452 0.60847458
vt 0.27956989 0.60847458
vt 0.30107527 0.60847458
vt 0.32258065 0.60847458
vt 0.34408602 0.60847458
vt 0.36559140 0.60847458
vt 0.38709677 0.60847458
vt 0.40860215 0.60847458
vt 0.43010753 0.60847458
vt 0.45161290 0.60847458
vt 0.47311828 0.60847458
vt 0.49462366 0.60847458
vt 0.51612903 0.60847458
vt 0.53763441 0.60847458
vt 0.55913978 0.60847458
vt 0.58064516 0.60847458
vt 0.60215054 0.60847458
vt 0.62365591 0.60847458
vt 0.64516129 0.60847458
vt 0.66666667 0.60847458
vt 0.68817204 0.60847458
vt 0.70967742 0.60847458
vt 0.73118280 0.60847458
vt 0.75268817 0.60847458
vt 0.77419355 0.60847458
vt 0.79569892 0.60847458
vt 0.81720430 0.60847458
vt 0.83870968 0.60847458
vt 0.86021505 0.60847458
vt 0.88172043 0.60847458
vt 0.90322581 0.60847458
vt 0.92473118 0.60847458
vt 0.94623656 0.60847458
vt 0.17204301 0.58983051
vt 0.19354839 0.58983051
vt 0.21505376 0.58983051
vt 0.23655914 0.58983051
vt 0.25806452 0.58983051
vt 0.27956989 0.58983051
vt 0.30107527 0.58983051
vt 0.32258065 0.58983051
vt 0.34408602 0.58983051
vt 0.36559140 0.58983051
vt 0.38709677 0.58983051
vt 0.40860215 0.58983051
vt 0.43010753 0.58983051
vt 0.45161290 0.58983051
vt 0.47311828 0.58983051
vt 0.49462366 0.58983051
vt 0.51612903 0.58983051
vt 0.53763441 0.58983051
vt 0.55913978 0.58983051
vt 0.58064516 0.58983051
vt 0.60215054 0.58983051
vt 0.62365591 0.58983051
vt 0.64516129 0.58983051
vt 0.66666667 0.58983051
vt 0.68817204 0.58983051
vt 0.70967742 0.58983051
vt 0.73118280 0.58983051
vt 0.75268817 0.58983051
vt 0.77419355 0.58983051
vt 0.79569892 0.58983051
vt 0.81720430 0.58983051
vt 0.83870968 0.58983051
vt 0.86021505 0.58983051
vt 0.88172043 0.58983051
vt 0.90322581 0.58983051
vt 0.19354839 0.57118644
vt 0.21505376 0.57118644
vt 0.23655914 0.57118644
vt 0.25806452 0.57118644
vt 0.27956989 0.57118644
vt 0.30107527 0.57118644
vt 0.32258065 0.57118644
vt 0.34408602 0.57118644
vt 0.36559140 0.57118644
vt 0.38709677 0.57118644
vt 0.40860215 0.57118644
vt 0.43010753 0.57118644
vt 0.45161290 0.57118644
vt 0.47311828 0.57118644
vt 0.49462366 0.57118644
vt 0.51612903 0.57118644
vt 0.53763441 0.57118644
vt 0.55913978 0.57118644
vt 0.58064516 0.57118644
vt 0.60215054 0.57118644
vt 0.62365591 0.57118644
vt 0.64516129 0.57118644
vt 0.66666667 0.57118644
vt 0.68817204 0.57118644
vt 0.70967742 0.57118644
vt 0.73118280 0.57118644
vt 0.75268817 0.57118644
vt 0.77419355 0.57118644
vt 0.79569892 0.57118644
vt 0.81720430 0.57118644
vt 0.83870968 0.57118644
vt 0.86021505 0.57118644
vt 0.88172043 0.57118644
vt 0.19354839 0.55254237
vt 0.21505376 0.55254237
vt 0.23655914 0.55254237
vt 0.25806452 0.55254237
vt 0.27956989 0.55254237
vt 0.30107527 0.55254237
vt 0.32258065 0.55254237
vt 0.34408602 0.55254237
vt 0.36559140 0.55254237
vt 0.38709677 0.55254237
vt 0.40860215 0.55254237
vt 0.43010753 0.55254237
vt 0.45161290 0.55254237
vt 0.47311828 0.55254237
vt 0.49462366 0.55254237
vt 0.51612903 0.55254237
vt 0.53763441 0.55254237
vt 0.55913978 0.55254237
vt 0.58064516 0.55254237
vt 0.60215054 0.55254237
vt 0.62365591 0.55254237
vt 0.64516129 0.55254237
vt 0.66666667 0.55254237
vt 0.68817204 0.55254237
vt 0.70967742 0.55254237
vt 0.73118280 0.55254237
vt 0.75268817 0.55254237
vt 0.77419355 0.55254237
vt 0.79569892 0.55254237
vt 0.81720430 0.55254237
vt 0.83870968 0.55254237
vt 0.86021505 0.55254237
vt 0.19354839 0.53389831
vt 0.21505376 0.53389831
vt 0.23655914 0.53389831
vt 0.25806452 0.53389831
vt 0.27956989 0.53389831
vt 0.30107527 0.53389831
vt 0.32258065 0.53389831
vt 0.34408602 0.53389831
vt 0.36559140 0.53389831
vt 0.38709677 0.53389831
vt 0.40860215 0.53389831
vt 0.43010753 0.53389831
vt 0.45161290 0.53389831
vt 0.47311828 0.53389831
vt 0.49462366 0.53389831
vt 0.51612903 0.53389831
vt 0.53763441 0.53389831
vt 0.55913978 0.53389831
vt 0.58064516 0.53389831
vt 0.60215054 0.53389831
vt 0.62365591 0.53389831
vt 0.64516129 0.53389831
vt 0.66666667 0.53389831
vt 0.68817204 0.53389831
vt 0.70967742 0.53389831
vt 0.73118280 0.53389831
vt 0.75268817 0.53389831
vt 0.77419355 0.53389831
vt 0.79569892 0.53389831
vt 0.81720430 0.53389831
vt 0.83870968 0.53389831
vt 0.86021505 0.53389831
vt 0.19354839 0.51525424
vt 0.21505376 0.51525424
vt 0.23655914 0.51525424
vt 0.25806452 0.51525424
vt 0.27956989 0.51525424
vt 0.30107527 0.51525424
vt 0.32258065 0.51525424
vt 0.34408602 0.51525424
vt 0.36559140 0.51525424
vt 0.38709677 0.51525424
vt 0.40860215 0.51525424
vt 0.43010753 0.51525424
vt 0.45161290 0.51525424
vt 0.47311828 0.51525424
vt 0.49462366 0.51525424
vt 0.51612903 0.51525424
vt 0.53763441 0.51525424
vt 0.55913978 0.51525424
vt 0.58064516 0.51525424
vt 0.60215054 0.51525424
vt 0.62365591 0.51525424
vt 0.64516129 0.51525424
vt 0.66666667 0.51525424
vt 0.68817204 0.51525424
vt 0.70967742 0.51525424
vt 0.73118280 0.51525424
vt 0.75268817 0.51525424
vt 0.77419355 0.51525424
vt 0.79569892 0.51525424
vt 0.81720430 0.51525424
vt 0.83870968 0.51525424
vt 0.86021505 0.51525424
vt 0.19354839 0.49661017
vt 0.21505376 0.49661017
vt 0.23655914 0.49661017
vt 0.25806452 0.49661017
vt 0.27956989 0.49661017
vt 0.30107527 0.49661017
vt 0.32258065 0.49661017
vt 0.34408602 0.49661017
vt 0.36559140 0.49661017
vt 0.38709677 0.49661017
vt 0.40860215 0.49661017
vt 0.43010753 0.49661017
vt 0.45161290 0.49661017
vt 0.47311828 0.49661017
vt 0.49462366 0.49661017
vt 0.51612903 0.49661017
vt 0.53763441 0.49661017
vt 0.55913978 0.49661017
vt 0.58064516 0.49661017
vt 0.60215054 0.49661017
vt 0.62365591 0.49661017
vt 0.64516129 0.49661017
vt 0.66666667 0.49661017
vt 0.68817204 0.49661017
vt 0.70967742 0.49661017
vt 0.73118280 0.49661017
vt 0.75268817 0.49661017
vt 0.77419355 0.49661017
vt 0.79569892 0.49661017
vt 0.81720430 0.49661017
vt 0.83870968 0.49661017
vt 0.86021505 0.49661017
vt 0.19354839 0.47796610
vt 0.21505376 0.47796610
vt 0.23655914 0.47796610
vt 0.25806452 0.47796610
vt 0.27956989 0.47796610
vt 0.30107527 0.47796610
vt 0.32258065 0.47796610
vt 0.34408602 0.47796610
vt 0.36559140 0.47796610
vt 0.38709677 0.47796610
vt 0.40860215 0.47796610
vt 0.43010753 0.47796610
vt 0.45161290 0.47796610
vt 0.47311828 0.47796610
vt 0.49462366 0.47796610
vt 0.51612903 0.47796610
vt 0.53763441 0.47796610
vt 0.55913978 0.47796610
vt 0.58064516 0.47796610
vt 0.60215054 0.47796610
vt 0.62365591 0.47796610
vt 0.64516129 0.47796610
vt 0.66666667 0.47796610
vt 0.68817204 0.47796610
vt 0.70967742 0.47796610
vt 0.73118280 0.47796610
vt 0.75268817 0.47796610
vt 0.77419355 0.47796610
vt 0.79569892 0.47796610
vt 0.81720430 0.47796610
vt 0.83870968 0.47796610
vt 0.86021505 0.47796610
vt 0.19354839 0.45932203
vt 0.21505376 0.45932203
vt 0.23655914 0.45932203
vt 0.25806452 0.45932203
vt 0.27956989 0.45932203
vt 0.30107527 0.45932203
vt 0.32258065 0.45932203
vt 0.34408602 0.45932203
vt 0.36559140 0.45932203
vt 0.38709677 0.45932203
vt 0.40860215 0.45932203
vt 0.43010753 0.45932203
vt 0.45161290 0.45932203
vt 0.47311828 0.45932203
vt 0.49462366 0.45932203
vt 0.51612903 0.45932203
vt 0.53763441 0.45932203
vt 0.55913978 0.45932203
vt 0.58064516 0.45932203
vt 0.60215054 0.45932203
vt 0.62365591 0.45932203
vt 0.64516129 0.45932203
vt 0.66666667 0.45932203
vt 0.68817204 0.45932203
vt 0.70967742 0.45932203
vt 0.73118280 0.45932203
vt 0.75268817 0.45932203
vt 0.77419355 0.45932203
vt 0.79569892 0.45932203
vt 0.81720430 0.45932203
vt 0.83870968 0.45932203
vt 0.86021505 0.45932203
vt 0.19354839 0.44067797
vt 0.21505376 0.44067797
vt 0.23655914 0.44067797
vt 0.25806452 0.44067797
vt 0.27956989 0.44067797
vt 0.30107527 0.44067797
vt 0.32258065 0.44067797
vt 0.34408602 0.44067797
vt 0.36559140 0.44067797
vt 0.38709677 0.44067797
vt 0.40860215 0.44067797
vt 0.43010753 0.44067797
vt 0.45161290 0.44067797
vt 0.47311828 0.44067797
vt 0.49462366 0.44067797
vt 0.51612903 0.44067797
vt 0.53763441 0.44067797
vt 0.55913978 0.44067797
vt 0.58064516 0.44067797
vt 0.60215054 0.44067797
vt 0.62365591 0.44067797
vt 0.64516129 0.44067797
vt 0.66666667 0.44067797
vt 0.68817204 0.44067797
vt 0.70967742 0.44067797
vt 0.73118280 0.44067797
vt 0.75268817 0.44067797
vt 0.77419355 0.44067797
vt 0.79569892 0.44067797
vt 0.81720430 0.44067797
vt 0.83870968 0.44067797
vt 0.86021505 0.44067797
vt 0.19354839 0.42203390
vt 0.21505376 0.42203390
vt 0.23655914 0.42203390
vt 0.25806452 0.42203390
vt 0.27956989 0.42203390
vt 0.30107527 0.42203390
vt 0.32258065 0.42203390
vt 0.34408602 0.42203390
vt 0.36559140 0.42203390
vt 0.38709677 0.42203390
vt 0.40860215 0.42203390
vt 0.43010753 0.42203390
vt 0.45161290 0.42203390
vt 0.47311828 0.42203390
vt 0.49462366 0.42203390
vt 0.51612903 0.42203390
vt 0.53763441 0.42203390
vt 0.55913978 0.42203390
vt 0.58064516 0.42203390
vt 0.60215054 0.42203390
vt 0.62365591 0.42203390
vt 0.64516129 0.42203390
vt 0.66666667 0.42203390
vt 0.68817204 0.42203390
vt 0.70967742 0.42203390
vt 0.73118280 0.42203390
vt 0.75268817 0.42203390
vt 0.77419355 0.42203390
vt 0.79569892 0.42203390
vt 0.81720430 0.42203390
vt 0.83870968 0.42203390
vt 0.86021505 0.42203390
vt 0.19354839 0.40338983
vt 0.21505376 0.40338983
vt 0.23655914 0.40338983
vt 0.25806452 0.40338983
vt 0.27956989 0.40338983
vt 0.30107527 0.40338983
vt 0.32258065 0.40338983
vt 0.34408602 0.40338983
vt 0.36559140 0.40338983
vt 0.38709677 0.40338983
vt 0.40860215 0.40338983
vt 0.43010753 0.40338983
vt 0.45161290 0.40338983
vt 0.47311828 0.40338983
vt 0.49462366 0.40338983
vt 0.51612903 0.40338983
vt 0.53763441 0.40338983
vt 0.55913978 0.40338983
vt 0.58064516 0.40338983
vt 0.60215054 0.40338983
vt 0.62365591 0.40338983
vt 0.64516129 0.40338983
vt 0.66666667 0.40338983
vt 0.68817204 0.40338983
vt 0.70967742 0.40338983
vt 0.73118280 0.40338983
vt 0.75268817 0.40338983
vt 0.77419355 0.40338983
vt 0.79569892 0.40338983
vt 0.81720430 0.40338983
vt 0.83870968 0.40338983
vt 0.86021505 0.40338983
vt 0.19354839 0.38474576
vt 0.21505376 0.38474576
vt 0.23655914 0.38474576
vt 0.25806452 0.38474576
vt 0.27956989 0.38474576
vt 0.30107527 0.38474576
vt 0.32258065 0.38474576
vt 0.34408602 0.38474576
vt 0.36559140 0.38474576
vt 0.38709677 0.38474576
vt 0.40860215 0.38474576
vt 0.43010753 0.38474576
vt 0.45161290 0.38474576
vt 0.47311828 0.38474576
vt 0.49462366 0.38474576
vt 0.51612903 0.38474576
vt 0.53763441 0.38474576
vt 0.55913978 0.38474576
vt 0.58064516 0.38474576
vt 0.60215054 0.38474576
vt 0.62365591 0.38474576
vt 0.64516129 0.38474576
vt 0.66666667 0.38474576
vt 0.68817204 0.38474576
vt 0.70967742 0.38474576
vt 0.73118280 0.38474576
vt 0.75268817 0.38474576
vt 0.77419355 0.38474576
vt 0.79569892 0.38474576
vt 0.81720430 0.38474576
vt 0.83870968 0.38474576
vt 0.86021505 0.38474576
vt 0.19354839 0.36610169
vt 0.21505376 0.36610169
vt 0.23655914 0.36610169
vt 0.25806452 0.36610169
vt 0.27956989 0.36610169
vt 0.30107527 0.36610169
vt 0.32258065 0.36610169
vt 0.34408602 0.36610169
vt 0.36559140 0.36610169
vt 0.38709677 0.36610169
vt 0.40860215 0.36610169
vt 0.43010753 0.36610169
vt 0.45161290 0.36610169
vt 0.47311828 0.36610169
vt 0.49462366 0.36610169
vt 0.51612903 0.36610169
vt 0.53763441 0.36610169
vt 0.55913978 0.36610169
vt 0.58064516 0.36610169
vt 0.60215054 0.36610169
vt 0.62365591 0.36610169
vt 0.64516129 0.36610169
vt 0.66666667 0.36610169
vt 0.68817204 0.36610169
vt 0.70967742 0.36610169
vt 0.73118280 0.36610169
vt 0.75268817 0.36610169
vt 0.77419355 0.36610169
vt 0.79569892 0.36610169
vt 0.81720430 0.36610169
vt 0.83870968 0.36610169
vt 0.86021505 0.36610169
vt 0.19354839 0.34745763
vt 0.21505376 0.34745763
vt 0.23655914 0.34745763
vt 0.25806452 0.34745763
vt 0.27956989 0.34745763
vt 0.30107527 0.34745763
vt 0.32258065 0.34745763
vt 0.34408602 0.34745763
vt 0.36559140 0.34745763
vt 0.38709677 0.34745763
vt 0.40860215 0.34745763
vt 0.43010753 0.34745763
vt 0.45161290 0.34745763
vt 0.47311828 0.34745763
vt 0.49462366 0.34745763
vt 0.51612903 0.34745763
vt 0.53763441 0.34745763
vt 0.55913978 0.34745763
vt 0.58064516 0.34745763
vt 0.60215054 0.34745763
vt 0.62365591 0.34745763
vt 0.64516129 0.34745763
vt 0.66666667 0.34745763
vt 0.68817204 0.34745763
vt 0.70967742 0.34745763
vt 0.73118280 0.34745763
vt 0.75268817 0.34745763
vt 0.77419355 0.34745763
vt 0.79569892 0.34745763
vt 0.81720430 0.34745763
vt 0.83870968 0.34745763
vt 0.86021505 0.34745763
vt 0.19354839 0.32881356
vt 0.21505376 0.32881356
vt 0.23655914 0.32881356
vt 0.25806452 0.32881356
vt 0.27956989 0.32881356
vt 0.30107527 0.32881356
vt 0.32258065 0.32881356
vt 0.34408602 0.32881356
vt 0.36559140 0.32881356
vt 0.38709677 0.32881356
vt 0.40860215 0.32881356
vt 0.43010753 0.32881356
vt 0.45161290 0.32881356
vt 0.47311828 0.32881356
vt 0.49462366 0.32881356
vt 0.51612903 0.32881356
vt 0.53763441 0.32881356
vt 0.55913978 0.32881356
vt 0.58064516 0.32881356
vt 0.60215054 0.32881356
vt 0.62365591 0.32881356
vt 0.64516129 0.32881356
vt 0.66666667 0.32881356
vt 0.68817204 0.32881356
vt 0.70967742 0.32881356
vt 0.73118280 0.32881356
vt 0.75268817 0.32881356
vt 0.77419355 0.32881356
vt 0.79569892 0.32881356
vt 0.81720430 0.32881356
vt 0.83870968 0.32881356
vt 0.86021505 0.32881356
vt 0.19354839 0.31016949
vt 0.21505376 0.31016949
vt 0.23655914 0.31016949
vt 0.25806452 0.31016949
vt 0.27956989 0.31016949
vt 0.30107527 0.31016949
vt 0.32258065 0.31016949
vt 0.34408602 0.31016949
vt 0.36559140 0.31016949
vt 0.38709677 0.31016949
vt 0.40860215 0.31016949
vt 0.43010753 0.31016949
vt 0.45161290 0.31016949
vt 0.47311828 0.31016949
vt 0.49462366 0.31016949
vt 0.51612903 0.31016949
vt 0.53763441 0.31016949
vt 0.55913978 0.31016949
vt 0.58064516 0.31016949
vt 0.60215054 0.31016949
vt 0.62365591 0.31016949
vt 0.64516129 0.31016949
vt 0.66666667 0.31016949
vt 0.68817204 0.31016949
vt 0.70967742 0.31016949
vt 0.73118280 0.31016949
vt 0.75268817 0.31016949
vt 0.77419355 0.31016949
vt 0.79569892 0.31016949
vt 0.81720430 0.31016949
vt 0.83870968 0.31016949
vt 0.86021505 0.31016949
vt 0.19354839 0.29152542
vt 0.21505376 0.29152542
vt 0.23655914 0.29152542
vt 0.25806452 0.29152542
vt 0.27956989 0.29152542
vt 0.30107527 0.29152542
vt 0.32258065 0.29152542
vt 0.34408602 0.29152542
vt 0.36559140 0.29152542
vt 0.38709677 0.29152542
vt 0.40860215 0.29152542
vt 0.43010753 0.29152542
vt 0.45161290 0.29152542
vt 0.47311828 0.29152542
vt 0.49462366 0.29152542
vt 0.51612903 0.29152542
vt 0.53763441 0.29152542
vt 0.55913978 0.29152542
vt 0.58064516 0.29152542
vt 0.60215054 0.29152542
vt 0.62365591 0.29152542
vt 0.64516129 0.29152542
vt 0.66666667 0.29152542
vt 0.68817204 0.29152542
vt 0.70967742 0.29152542
vt 0.73118280 0.29152542
vt 0.75268817 0.29152542
vt 0.77419355 0.29152542
vt 0.79569892 0.29152542
vt 0.81720430 0.29152542
vt 0.83870968 0.29152542
vt 0.86021505 0.29152542
vt 0.19354839 0.27288136
vt 0.21505376 0.27288136
vt 0.23655914 0.27288136
vt 0.25806452 0.27288136
vt 0.27956989 0.27288136
vt 0.30107527 0.27288136
vt 0.32258065 0.27288136
vt 0.34408602 0.27288136
vt 0.36559140 0.27288136
vt 0.38709677 0.27288136
vt 0.40860215 0.27288136
vt 0.43010753 0.27288136
vt 0.45161290 0.27288136
vt 0.47311828 0.27288136
vt 0.49462366 0.27288136
vt 0.51612903 0.27288136
vt 0.53763441 0.27288136
vt 0.55913978 0.27288136
vt 0.58064516 0.27288136
vt 0.60215054 0.27288136
vt 0.62365591 0.27288136
vt 0.64516129 0.27288136
vt 0.66666667 0.27288136
vt 0.68817204 0.27288136
vt 0.70967742 0.27288136
vt 0.73118280 0.27288136
vt 0.75268817 0.27288136
vt 0.77419355 0.27288136
vt 0.79569892 0.27288136
vt 0.81720430 0.27288136
vt 0.83870968 0.27288136
vt 0.86021505 0.27288136
vt 0.17204301 0.25423729
vt 0.19354839 0.25423729
vt 0.21505376 0.25423729
vt 0.23655914 0.25423729
vt 0.25806452 0.25423729
vt 0.27956989 0.25423729
vt 0.30107527 0.25423729
vt 0.32258065 0.25423729
vt 0.34408602 0.25423729
vt 0.36559140 0.25423729
vt 0.38709677 0.25423729
vt 0.40860215 0.25423729
vt 0.43010753 0.25423729
vt 0.45161290 0.25423729
vt 0.47311828 0.25423729
vt 0.49462366 0.25423729
vt 0.51612903 0.25423729
vt 0.53763441 0.25423729
vt 0.55913978 0.25423729
vt 0.58064516 0.25423729
vt 0.60215054 0.25423729
vt 0.62365591 0.25423729
vt 0.64516129 0.25423729
vt 0.66666667 0.25423729
vt 0.68817204 0.25423729
vt 0.70967742 0.25423729
vt 0.73118280 0.25423729
vt 0.75268817 0.25423729
vt 0.77419355 0.25423729
vt 0.79569892 0.25423729
vt 0.81720430 0.25423729
vt 0.83870968 0.25423729
vt 0.86021505 0.25423729
vt 0.17204301 0.23559322
vt 0.19354839 0.23559322
vt 0.21505376 0.23559322
vt 0.23655914 0.23559322
vt 0.25806452 0.23559322
vt 0.27956989 0.23559322
vt 0.30107527 0.23559322
vt 0.32258065 0.23559322
vt 0.34408602 0.23559322
vt 0.36559140 0.23559322
vt 0.38709677 0.23559322
vt 0.40860215 0.23559322
vt 0.43010753 0.23559322
vt 0.45161290 0.23559322
vt 0.47311828 0.23559322
vt 0.49462366 0.23559322
vt 0.51612903 0.23559322
vt 0.53763441 0.23559322
vt 0.55913978 0.23559322
vt 0.58064516 0.23559322
vt 0.60215054 0.23559322
vt 0.62365591 0.23559322
vt 0.64516129 0.23559322
vt 0.66666667 0.23559322
vt 0.68817204 0.23559322
vt 0.70967742 0.23559322
vt 0.73118280 0.23559322
vt 0.75268817 0.23559322
vt 0.77419355 0.23559322
vt 0.79569892 0.23559322
vt 0.81720430 0.23559322
vt 0.83870968 0.23559322
vt 0.86021505 0.23559322
vt 0.17204301 0.21694915
vt 0.19354839 0.21694915
vt 0.21505376 0.21694915
vt 0.23655914 0.21694915
vt 0.25806452 0.21694915
vt 0.27956989 0.21694915
vt 0.30107527 0.21694915
vt 0.32258065 0.21694915
vt 0.34408602 0.21694915
vt 0.36559140 0.21694915
vt 0.38709677 0.21694915
vt 0.40860215 0.21694915
vt 0.43010753 0.21694915
vt 0.45161290 0.21694915
vt 0.47311828 0.21694915
vt 0.49462366 0.21694915
vt 0.51612903 0.21694915
vt 0.53763441 0.21694915
vt 0.55913978 0.21694915
vt 0.58064516 0.21694915
vt 0.60215054 0.21694915
vt 0.62365591 0.21694915
vt 0.64516129 0.21694915
vt 0.66666667 0.21694915
vt 0.68817204 0.21694915
vt 0.70967742 0.21694915
vt 0.73118280 0.21694915
vt 0.75268817 0.21694915
vt 0.77419355 0.21694915
vt 0.79569892 0.21694915
vt 0.81720430 0.21694915
vt 0.83870968 0.21694915
vt 0.86021505 0.21694915
vt 0.17204301 0.19830508
vt 0.19354839 0.19830508
vt 0.21505376 0.19830508
vt 0.23655914 0.19830508
vt 0.25806452 0.19830508
vt 0.27956989 0.19830508
vt 0.30107527 0.19830508
vt 0.32258065 0.19830508
vt 0.34408602 0.19830508
vt 0.36559140 0.19830508
vt 0.38709677 0.19830508
vt 0.40860215 0.19830508
vt 0.43010753 0.19830508
vt 0.45161290 0.19830508
vt 0.47311828 0.19830508
vt 0.49462366 0.19830508
vt 0.51612903 0.19830508
vt 0.53763441 0.19830508
vt 0.55913978 0.19830508
vt 0.58064516 0.19830508
vt 0.60215054 0.19830508
vt 0.62365591 0.19830508
vt 0.64516129 0.19830508
vt 0.66666667 0.19830508
vt 0.68817204 0.19830508
vt 0.70967742 0.19830508
vt 0.73118280 0.19830508
vt 0.75268817 0.19830508
vt 0.77419355 0.19830508
vt 0.79569892 0.19830508
vt 0.81720430 0.19830508
vt 0.83870968 0.19830508
vt 0.86021505 0.19830508
vt 0.17204301 0.17966102
vt 0.19354839 0.17966102
vt 0.21505376 0.17966102
vt 0.23655914 0.17966102
vt 0.25806452 0.17966102
vt 0.27956989 0.17966102
vt 0.30107527 0.17966102
vt 0.32258065 0.17966102
vt 0.34408602 0.17966102
vt 0.36559140 0.17966102
vt 0.38709677 0.17966102
vt 0.40860215 0.17966102
vt 0.43010753 0.17966102
vt 0.45161290 0.17966102
vt 0.47311828 0.17966102
vt 0.49462366 0.17966102
vt 0.51612903 0.17966102
vt 0.53763441 0.17966102
vt 0.55913978 0.17966102
vt 0.58064516 0.17966102
vt 0.60215054 0.17966102
vt 0.62365591 0.17966102
vt 0.64516129 0.17966102
vt 0.66666667 0.17966102
vt 0.68817204 0.17966102
vt 0.70967742 0.17966102
vt 0.73118280 0.17966102
vt 0.75268817 0.17966102
vt 0.77419355 0.17966102
vt 0.79569892 0.17966102
vt 0.81720430 0.17966102
vt 0.83870968 0.17966102
vt 0.86021505 0.17966102
vt 0.17204301 0.16101695
vt 0.19354839 0.16101695
vt 0.21505376 0.16101695
vt 0.23655914 0.16101695
vt 0.25806452 0.16101695
vt 0.27956989 0.16101695
vt 0.30107527 0.16101695
vt 0.32258065 0.16101695
vt 0.34408602 0.16101695
vt 0.36559140 0.16101695
vt 0.38709677 0.16101695
vt 0.40860215 0.16101695
vt 0.43010753 0.16101695
vt 0.45161290 0.16101695
vt 0.47311828 0.16101695
vt 0.49462366 0.16101695
vt 0.51612903 0.16101695
vt 0.53763441 0.16101695
vt 0.55913978 0.16101695
vt 0.58064516 0.16101695
vt 0.60215054 0.16101695
vt 0.62365591 0.16101695
vt 0.64516129 0.16101695
vt 0.66666667 0.16101695
vt 0.68817204 0.16101695
vt 0.70967742 0.16101695
vt 0.73118280 0.16101695
vt 0.75268817 0.16101695
vt 0.77419355 0.16101695
vt 0.79569892 0.16101695
vt 0.81720430 0.16101695
vt 0.83870968 0.16101695
vt 0.86021505 0.16101695
vt 0.17204301 0.14237288
vt 0.19354839 0.14237288
vt 0.21505376 0.14237288
vt 0.23655914 0.14237288
vt 0.25806452 0.14237288
vt 0.27956989 0.14237288
vt 0.30107527 0.14237288
vt 0.32258065 0.14237288
vt 0.34408602 0.14237288
vt 0.36559140 0.14237288
vt 0.38709677 0.14237288
vt 0.40860215 0.14237288
vt 0.43010753 0.14237288
vt 0.45161290 0.14237288
vt 0.47311828 0.14237288
vt 0.49462366 0.14237288
vt 0.51612903 0.14237288
vt 0.53763441 0.14237288
vt 0.55913978 0.14237288
vt 0.58064516 0.14237288
vt 0.60215054 0.14237288
vt 0.62365591 0.14237288
vt 0.64516129 0.14237288
vt 0.66666667 0.14237288
vt 0.68817204 0.14237288
vt 0.70967742 0.14237288
vt 0.73118280 0.14237288
vt 0.75268817 0.14237288
vt 0.77419355 0.14237288
vt 0.79569892 0.14237288
vt 0.81720430 0.14237288
vt 0.83870968 0.14237288
vt 0.86021505 0.14237288
vt 0.17204301 0.12372881
vt 0.19354839 0.12372881
vt 0.21505376 0.12372881
vt 0.23655914 0.12372881
vt 0.25806452 0.12372881
vt 0.27956989 0.12372881
vt 0.30107527 0.12372881
vt 0.32258065 0.12372881
vt 0.34408602 0.12372881
vt 0.36559140 0.12372881
vt 0.38709677 0.12372881
vt 0.40860215 0.12372881
vt 0.43010753 0.12372881
vt 0.45161290 0.12372881
vt 0.47311828 0.12372881
vt 0.49462366 0.12372881
vt 0.51612903 0.12372881
vt 0.53763441 0.12372881
vt 0.55913978 0.12372881
vt 0.58064516 0.12372881
vt 0.60215054 0.12372881
vt 0.62365591 0.12372881
vt 0.64516129 0.12372881
vt 0.66666667 0.12372881
vt 0.68817204 0.12372881
vt 0.70967742 0.12372881
vt 0.73118280 0.12372881
vt 0.75268817 0.12372881
vt 0.77419355 0.12372881
vt 0.79569892 0.12372881
vt 0.81720430 0.12372881
vt 0.83870968 0.12372881
vt 0.86021505 0.12372881
vt 0.88172043 0.12372881
vt 0.17204301 0.10508475
vt 0.19354839 0.10508475
vt 0.21505376 0.10508475
vt 0.23655914 0.10508475
vt 0.25806452 0.10508475
vt 0.27956989 0.10508475
vt 0.30107527 0.10508475
vt 0.32258065 0.10508475
vt 0.34408602 0.10508475
vt 0.36559140 0.10508475
vt 0.38709677 0.10508475
vt 0.40860215 0.10508475
vt 0.43010753 0.10508475
vt 0.45161290 0.10508475
vt 0.47311828 0.10508475
vt 0.49462366 0.10508475
vt 0.51612903 0.10508475
vt 0.53763441 0.10508475
vt 0.55913978 0.10508475
vt 0.58064516 0.10508475
vt 0.60215054 0.10508475
vt 0.62365591 0.10508475
vt 0.64516129 0.10508475
vt 0.66666667 0.10508475
vt 0.68817204 0.10508475
vt 0.70967742 0.10508475
vt 0.73118280 0.10508475
vt 0.75268817 0.10508475
vt 0.77419355 0.10508475
vt 0.79569892 0.10508475
vt 0.81720430 0.10508475
vt 0.83870968 0.10508475
vt 0.86021505 0.10508475
vt 0.88172043 0.10508475
vt 0.17204301 0.08644068
vt 0.19354839 0.08644068
vt 0.21505376 0.08644068
vt 0.23655914 0.08644068
vt 0.25806452 0.08644068
vt 0.27956989 0.08644068
vt 0.30107527 0.08644068
vt 0.32258065 0.08644068
vt 0.34408602 0.08644068
vt 0.36559140 0.08644068
vt 0.38709677 0.08644068
vt 0.40860215 0.08644068
vt 0.43010753 0.08644068
vt 0.45161290 0.08644068
vt 0.47311828 0.08644068
vt 0.49462366 0.08644068
vt 0.51612903 0.08644068
vt 0.53763441 0.08644068
vt 0.55913978 0.08644068
vt 0.58064516 0.08644068
vt 0.60215054 0.08644068
vt 0.62365591 0.08644068
vt 0.64516129 0.08644068
vt 0.66666667 0.08644068
vt 0.68817204 0.08644068
vt 0.70967742 0.08644068
vt 0.73118280 0.08644068
vt 0.75268817 0.08644068
vt 0.77419355 0.08644068
vt 0.79569892 0.08644068
vt 0.81720430 0.08644068
vt 0.83870968 0.08644068
vt 0.86021505 0.08644068
vt 0.88172043 0.08644068
vt 0.17204301 0.06779661
vt 0.19354839 0.06779661
vt 0.21505376 0.06779661
vt 0.23655914 0.06779661
vt 0.25806452 0.06779661
vt 0.27956989 0.06779661
vt 0.30107527 0.06779661
vt 0.32258065 0.06779661
vt 0.34408602 0.06779661
vt 0.36559140 0.06779661
vt 0.38709677 0.06779661
vt 0.40860215 0.06779661
vt 0.43010753 0.06779661
vt 0.45161290 0.06779661
vt 0.47311828 0.06779661
vt 0.49462366 0.06779661
vt 0.51612903 0.06779661
vt 0.53763441 0.06779661
vt 0.55913978 0.06779661
vt 0.58064516 0.06779661
vt 0.60215054 0.06779661
vt 0.62365591 0.06779661
vt 0.64516129 0.06779661
vt 0.66666667 0.06779661
vt 0.68817204 0.06779661
vt 0.70967742 0.06779661
vt 0.73118280 0.06779661
vt 0.75268817 0.06779661
vt 0.77419355 0.06779661
vt 0.79569892 0.06779661
vt 0.81720430 0.06779661
vt 0.83870968 0.06779661
vt 0.86021505 0.06779661
vt 0.88172043 0.06779661
vt 0.17204301 0.04915254
vt 0.19354839 0.04915254
vt 0.21505376 0.04915254
vt 0.23655914 0.04915254
vt 0.25806452 0.04915254
vt 0.27956989 0.04915254
vt 0.30107527 0.04915254
vt 0.32258065 0.04915254
vt 0.34408602 0.04915254
vt 0.36559140 0.04915254
vt 0.38709677 0.04915254
vt 0.40860215 0.04915254
vt 0.43010753 0.04915254
vt 0.45161290 0.04915254
vt 0.47311828 0.04915254
vt 0.49462366 0.04915254
vt 0.51612903 0.04915254
vt 0.53763441 0.04915254
vt 0.55913978 0.04915254
vt 0.58064516 0.04915254
vt 0.60215054 0.04915254
vt 0.62365591 0.04915254
vt 0.64516129 0.04915254
vt 0.66666667 0.04915254
vt 0.68817204 0.04915254
vt 0.70967742 0.04915254
vt 0.73118280 0.04915254
vt 0.75268817 0.04915254
vt 0.77419355 0.04915254
vt 0.79569892 0.04915254
vt 0.81720430 0.04915254
vt 0.83870968 0.04915254
vt 0.86021505 0.04915254
vt 0.88172043 0.04915254
vt 0.19354839 0.03050847
vt 0.21505376 0.03050847
vt 0.23655914 0.03050847
vt 0.25806452 0.03050847
vt 0.30107527 0.03050847
vt 0.32258065 0.03050847
vt 0.34408602 0.03050847
vt 0.36559140 0.03050847
vt 0.38709677 0.03050847
vt 0.51612903 0.03050847
vt 0.53763441 0.03050847
vt 0.55913978 0.03050847
vt 0.58064516 0.03050847
vt 0.60215054 0.03050847
vt 0.62365591 0.03050847
vt 0.70967742 0.03050847
vt 0.73118280 0.03050847
vt 0.75268817 0.03050847
vt 0.77419355 0.03050847
vt 0.79569892 0.03050847
vt 0.81720430 0.03050847
vt 0.83870968 0.03050847
vt 0.86021505 0.03050847
vt 0.88172043 0.03050847
vt 0.81720430 0.01186441
vt 0.83870968 0.01186441
vt 0.86021505 0.01186441
f 15/15 403/403 16/16
f 629/629 15/15 14/14
f 106/106 78/78 16/16
f 493/493 539/539 2/2
f 243/243 207/207 244/244
f 793/793 755/755 14/14
f 629/629 584/584 15/15
f 447/447 403/403 15/15
f 492/492 447/447 15/15
f 360/360 206/206 403/403
f 403/403 206/206 16/16
f 171/171 206/206 205/205
f 206/206 171/171 16/16
f 206/206 319/319 280/280
f 319/319 206/206 360/360
f 402/402 360/360 403/403
f 106/106 137/137 136/136
f 106/106 105/105 78/78
f 78/78 54/54 16/16
f 673/673 629/629 14/14
f 538/538 492/492 15/15
f 584/584 538/538 15/15
f 491/491 447/447 492/492
f 359/359 319/319 360/360
f 138/138 106/106 16/16
f 138/138 137/137 106/106
f 1775/1775 5/5 4/4
f 1775/1775 1776/1776 5/5
f 1777/1777 1778/1778 5/5
f 1776/1776 1777/1777 5/5
f 8/8 1755/1755 1784/1784
f 1784/1784 1785/1785 9/9
f 16/16 34/34 17/17
f 54/54 34/34 16/16
f 243/243 1/1 207/207
f 1/1 35/35 55/55
f 35/35 1/1 19/19
f 755/755 715/715 14/14
f 715/715 673/673 14/14
f 279/279 242/242 280/280
f 242/242 206/206 280/280
f 754/754 755/755 793/793
f 171/171 170/170 16/16
f 170/170 138/138 16/16
f 77/77 54/54 78/78
f 281/281 320/320 243/243
f 1755/1755 1756/1756 1784/1784
f 1785/1785 1786/1786 9/9
f 1538/1538 1505/1505 1638/1638
f 1571/1571 1538/1538 1638/1638
f 53/53 34/34 54/54
f 21/21 35/35 19/19
f 319/319 318/318 280/280
f 827/827 828/828 861/861
f 957/957 925/925 861/861
f 1756/1756 1757/1757 1784/1784
f 1754/1754 1755/1755 8/8
f 1672/1672 1638/1638 12/12
f 1706/1706 1672/1672 12/12
f 1779/1779 1780/1780 7/7
f 1783/1783 8/8 7/7
f 1604/1604 1571/1571 1638/1638
f 1406/1406 1373/1373 1638/1638
f 1439/1439 1406/1406 1638/1638
f 1505/1505 1472/1472 1638/1638
f 1472/1472 1439/1439 1638/1638
f 53/53 52/52 34/34
f 27/27 26/26 19/19
f 29/29 28/28 17/17
f 33/33 32/32 17/17
f 34/34 33/33 17/17
f 32/32 31/31 17/17
f 757/757 794/794 756/756
f 21/21 36/36 35/35
f 79/79 1/1 55/55
f 35/35 56/56 55/55
f 404/404 493/493 2/2
f 1/1 404/404 2/2
f 404/404 1/1 243/243
f 714/714 715/715 755/755
f 13/13 925/925 893/893
f 13/13 860/860 861/861
f 860/860 13/13 893/893
f 105/105 104/104 78/78
f 1783/1783 1752/1752 8/8
f 1752/1752 1783/1783 1751/1751
f 1801/1801 12/12 11/11
f 1747/1747 6/6 1746/1746
f 6/6 1747/1747 1779/1779
f 1780/1780 1781/1781 7/7
f 26/26 25/25 19/19
f 25/25 24/24 19/19
f 30/30 29/29 17/17
f 31/31 30/30 17/17
f 45/45 28/28 46/46
f 28/28 45/45 18/18
f 77/77 76/76 54/54
f 22/22 21/21 19/19
f 37/37 36/36 21/21
f 57/57 56/56 35/35
f 172/172 208/208 207/207
f 448/448 494/494 493/493
f 404/404 448/448 493/493
f 540/540 585/585 539/539
f 539/539 585/585 2/2
f 585/585 630/630 2/2
f 717/717 756/756 716/716
f 828/828 792/792 793/793
f 791/791 792/792 828/828
f 1786/1786 1787/1787 9/9
f 1787/1787 1788/1788 9/9
f 1790/1790 1765/1765 1766/1766
f 10/10 1765/1765 1790/1790
f 1765/1765 10/10 1764/1764
f 1788/1788 1789/1789 9/9
f 1752/1752 1753/1753 8/8
f 1753/1753 1754/1754 8/8
f 1800/1800 1801/1801 11/11
f 1799/1799 1800/1800 11/11
f 1740/1740 1706/1706 12/12
f 1797/1797 1798/1798 12/12
f 1801/1801 1797/1797 12/12
f 1781/1781 1782/1782 7/7
f 1782/1782 1783/1783 7/7
f 1745/1745 6/6 1778/1778
f 6/6 1745/1745 1746/1746
f 795/795 3/3 794/794
f 3/3 795/795 829/829
f 81/81 80/80 55/55
f 80/80 79/79 55/55
f 24/24 23/23 19/19
f 23/23 22/22 19/19
f 1/1 107/107 207/207
f 107/107 172/172 207/207
f 79/79 108/108 1/1
f 108/108 107/107 1/1
f 320/320 361/361 243/243
f 361/361 404/404 243/243
f 674/674 675/675 716/716
f 674/674 631/631 632/632
f 630/630 674/674 716/716
f 631/631 674/674 630/630
f 862/862 3/3 829/829
f 862/862 894/894 794/794
f 1741/1741 1742/1742 1775/1775
f 1741/1741 1775/1775 4/4
f 1572/1572 1605/1605 4/4
f 1605/1605 1639/1639 4/4
f 1791/1791 1792/1792 1799/1799
f 1791/1791 1799/1799 1790/1790
f 1792/1792 1793/1793 1799/1799
f 1798/1798 1774/1774 12/12
f 1774/1774 1740/1740 12/12
f 45/45 44/44 18/18
f 44/44 43/43 27/27
f 44/44 27/27 18/18
f 107/107 139/139 172/172
f 139/139 173/173 172/172
f 109/109 108/108 79/79
f 281/281 321/321 320/320
f 362/362 361/361 320/320
f 361/361 405/405 404/404
f 1762/1762 1763/1763 1789/1789
f 1789/1789 1763/1763 10/10
f 10/10 1763/1763 1764/1764
f 1794/1794 1795/1795 1799/1799
f 1793/1793 1794/1794 1799/1799
f 1342/1342 1375/1375 1374/1374
f 1637/1637 1604/1604 1638/1638
f 1639/1639 1673/1673 4/4
f 1278/1278 1310/1310 1374/1374
f 1310/1310 1342/1342 1374/1374
f 585/585 586/586 630/630
f 1673/1673 1707/1707 4/4
f 1707/1707 1741/1741 4/4
f 1539/1539 1572/1572 4/4
f 1506/1506 1539/1539 4/4
f 1182/1182 1374/1374 1150/1150
f 1182/1182 1214/1214 1374/1374
f 1246/1246 1278/1278 1374/1374
f 1214/1214 1246/1246 1374/1374
f 402/402 447/447 446/446
f 447/447 402/402 403/403
f 538/538 491/491 492/492
f 491/491 538/538 537/537
f 402/402 359/359 360/360
f 359/359 402/402 401/401
f 242/242 241/241 205/205
f 206/206 242/242 205/205
f 204/204 170/170 205/205
f 170/170 171/171 205/205
f 138/138 170/170 137/137
f 137/137 170/170 169/169
f 135/135 106/106 136/136
f 135/135 105/105 106/106
f 1126/1126 1093/1093 1094/1094
f 1093/1093 1126/1126 1125/1125
f 1093/1093 1062/1062 1094/1094
f 1062/1062 1093/1093 1061/1061
f 1095/1095 1062/1062 1063/1063
f 1062/1062 1095/1095 1094/1094
f 282/282 281/281 244/244
f 281/281 243/243 244/244
f 1148/1148 1149/1149 1180/1180
f 1149/1149 1181/1181 1180/1180
f 1570/1570 1538/1538 1571/1571
f 1538/1538 1570/1570 1537/1537
f 242/242 278/278 241/241
f 278/278 242/242 279/279
f 447/447 490/490 446/446
f 491/491 490/490 447/447
f 490/490 491/491 537/537
f 536/536 490/490 537/537
f 922/922 889/889 890/890
f 889/889 922/922 921/921
f 920/920 889/889 921/921
f 889/889 920/920 888/888
f 855/855 854/854 820/820
f 821/821 855/855 820/820
f 748/748 788/788 787/787
f 788/788 748/748 749/749
f 278/278 240/240 241/241
f 240/240 278/278 277/277
f 241/241 240/240 205/205
f 240/240 204/204 205/205
f 278/278 315/315 277/277
f 315/315 278/278 316/316
f 1124/1124 1157/1157 1156/1156
f 1157/1157 1124/1124 1125/1125
f 1090/1090 1089/1089 1057/1057
f 1058/1058 1090/1090 1057/1057
f 1121/1121 1090/1090 1122/1122
f 1090/1090 1121/1121 1089/1089
f 1059/1059 1090/1090 1058/1058
f 1090/1090 1059/1059 1091/1091
f 1098/1098 1129/1129 1097/1097
f 1129/1129 1098/1098 1130/1130
f 1066/1066 1097/1097 1065/1065
f 1066/1066 1098/1098 1097/1097
f 995/995 964/964 996/996
f 964/964 995/995 963/963
f 964/964 997/997 996/996
f 997/997 964/964 965/965
f 1129/1129 1096/1096 1097/1097
f 1096/1096 1129/1129 1128/1128
f 1127/1127 1126/1126 1094/1094
f 1095/1095 1127/1127 1094/1094
f 1127/1127 1096/1096 1128/1128
f 1096/1096 1127/1127 1095/1095
f 1785/1785 1757/1757 1758/1758
f 1757/1757 1785/1785 1784/1784
f 1757/1757 1724/1724 1758/1758
f 1724/1724 1757/1757 1723/1723
f 1386/1386 1354/1354 1387/1387
f 1354/1354 1386/1386 1353/1353
f 1162/1162 1129/1129 1130/1130
f 1162/1162 1161/1161 1129/1129
f 1160/1160 1127/1127 1128/1128
f 1127/1127 1160/1160 1159/1159
f 1129/1129 1160/1160 1128/1128
f 1161/1161 1160/1160 1129/1129
f 721/721 722/722 760/760
f 722/722 761/761 760/760
f 1181/1181 1212/1212 1180/1180
f 1213/1213 1212/1212 1181/1181
f 1244/1244 1212/1212 1213/1213
f 1244/1244 1213/1213 1245/1245
f 1472/1472 1471/1471 1438/1438
f 1439/1439 1472/1472 1438/1438
f 47/47 48/48 70/70
f 47/47 70/70 69/69
f 28/28 47/47 46/46
f 47/47 28/28 29/29
f 68/68 47/47 69/69
f 46/46 47/47 68/68
f 50/50 31/31 32/32
f 31/31 50/50 49/49
f 48/48 71/71 70/70
f 71/71 48/48 49/49
f 50/50 71/71 49/49
f 71/71 50/50 72/72
f 70/70 96/96 69/69
f 96/96 95/95 69/69
f 133/133 102/102 103/103
f 102/102 133/133 132/132
f 505/505 552/552 551/551
f 552/552 505/505 506/506
f 550/550 505/505 551/551
f 505/505 550/550 504/504
f 81/81 56/56 82/82
f 56/56 81/81 55/55
f 283/283 282/282 244/244
f 245/245 283/283 244/244
f 457/457 502/502 456/456
f 502/502 457/457 503/503
f 457/457 458/458 503/503
f 503/503 458/458 504/504
f 494/494 540/540 493/493
f 540/540 539/539 493/493
f 720/720 721/721 760/760
f 759/759 720/720 760/760
f 317/317 278/278 279/279
f 278/278 317/317 316/316
f 317/317 279/279 280/280
f 318/318 317/317 280/280
f 578/578 623/623 577/577
f 577/577 623/623 622/622
f 398/398 441/441 397/397
f 441/441 398/398 442/442
f 445/445 402/402 446/446
f 402/402 445/445 401/401
f 534/534 579/579 533/533
f 579/579 534/534 580/580
f 625/625 579/579 580/580
f 579/579 625/625 624/624
f 579/579 623/623 578/578
f 623/623 579/579 624/624
f 533/533 579/579 532/532
f 579/579 578/578 532/532
f 444/444 487/487 443/443
f 487/487 444/444 488/488
f 487/487 534/534 533/533
f 534/534 487/487 488/488
f 538/538 583/583 537/537
f 583/583 538/538 584/584
f 583/583 584/584 629/629
f 628/628 583/583 629/629
f 988/988 956/956 989/989
f 956/956 957/957 989/989
f 855/855 887/887 854/854
f 887/887 855/855 888/888
f 786/786 748/748 787/787
f 748/748 786/786 747/747
f 626/626 669/669 625/625
f 669/669 626/626 670/670
f 750/750 788/788 749/749
f 788/788 750/750 789/789
f 315/315 314/314 277/277
f 314/314 276/276 277/277
f 239/239 240/240 277/277
f 276/276 239/239 277/277
f 77/77 104/104 103/103
f 104/104 77/77 78/78
f 1158/1158 1127/1127 1159/1159
f 1127/1127 1158/1158 1126/1126
f 1191/1191 1158/1158 1159/1159
f 1158/1158 1191/1191 1190/1190
f 1126/1126 1158/1158 1125/1125
f 1158/1158 1157/1157 1125/1125
f 1093/1093 1092/1092 1061/1061
f 1061/1061 1092/1092 1060/1060
f 1059/1059 1092/1092 1091/1091
f 1092/1092 1059/1059 1060/1060
f 1092/1092 1093/1093 1125/1125
f 1124/1124 1092/1092 1125/1125
f 1123/1123 1090/1090 1091/1091
f 1090/1090 1123/1123 1122/1122
f 1123/1123 1092/1092 1124/1124
f 1092/1092 1123/1123 1091/1091
f 1123/1123 1124/1124 1156/1156
f 1155/1155 1123/1123 1156/1156
f 1034/1034 1035/1035 1067/1067
f 1066/1066 1034/1034 1067/1067
f 1087/1087 1118/1118 1086/1086
f 1118/1118 1087/1087 1119/1119
f 932/932 964/964 963/963
f 932/932 963/963 931/931
f 1029/1029 1061/1061 1060/1060
f 1028/1028 1029/1029 1060/1060
f 1029/1029 1062/1062 1061/1061
f 1062/1062 1029/1029 1030/1030
f 997/997 1029/1029 996/996
f 1029/1029 1028/1028 996/996
f 1029/1029 998/998 1030/1030
f 998/998 1029/1029 997/997
f 1027/1027 995/995 996/996
f 1028/1028 1027/1027 996/996
f 1059/1059 1027/1027 1060/1060
f 1027/1027 1028/1028 1060/1060
f 1721/1721 1754/1754 1720/1720
f 1754/1754 1721/1721 1755/1755
f 1752/1752 1717/1717 1718/1718
f 1717/1717 1752/1752 1751/1751
f 1717/1717 1684/1684 1718/1718
f 1684/1684 1717/1717 1683/1683
f 1462/1462 1494/1494 1461/1461
f 1494/1494 1462/1462 1495/1495
f 1462/1462 1430/1430 1463/1463
f 1430/1430 1462/1462 1429/1429
f 1622/1622 1588/1588 1589/1589
f 1588/1588 1622/1622 1621/1621
f 1462/1462 1496/1496 1495/1495
f 1496/1496 1462/1462 1463/1463
f 1500/1500 1466/1466 1467/1467
f 1466/1466 1500/1500 1499/1499
f 1198/1198 1230/1230 1197/1197
f 1197/1197 1230/1230 1229/1229
f 1615/1615 1648/1648 1614/1614
f 1648/1648 1615/1615 1649/1649
f 1322/1322 1354/1354 1353/1353
f 1321/1321 1322/1322 1353/1353
f 1191/1191 1222/1222 1190/1190
f 1222/1222 1191/1191 1223/1223
f 1191/1191 1192/1192 1223/1223
f 1192/1192 1224/1224 1223/1223
f 1225/1225 1192/1192 1193/1193
f 1192/1192 1225/1225 1224/1224
f 1192/1192 1191/1191 1159/1159
f 1160/1160 1192/1192 1159/1159
f 1192/1192 1160/1160 1161/1161
f 1192/1192 1161/1161 1193/1193
f 1166/1166 1198/1198 1197/1197
f 1165/1165 1166/1166 1197/1197
f 852/852 885/885 884/884
f 851/851 852/852 884/884
f 1064/1064 1095/1095 1063/1063
f 1064/1064 1096/1096 1095/1095
f 1097/1097 1064/1064 1065/1065
f 1096/1096 1064/1064 1097/1097
f 1031/1031 1064/1064 1063/1063
f 1064/1064 1031/1031 1032/1032
f 1062/1062 1031/1031 1063/1063
f 1031/1031 1062/1062 1030/1030
f 998/998 1031/1031 1030/1030
f 1031/1031 998/998 999/999
f 843/843 877/877 876/876
f 877/877 843/843 844/844
f 1396/1396 1430/1430 1429/1429
f 1430/1430 1396/1396 1397/1397
f 1367/1367 1335/1335 1368/1368
f 1335/1335 1336/1336 1368/1368
f 1338/1338 1371/1371 1370/1370
f 1339/1339 1371/1371 1338/1338
f 25/25 41/41 40/40
f 24/24 25/25 40/40
f 30/30 47/47 29/29
f 47/47 30/30 48/48
f 30/30 31/31 49/49
f 48/48 30/30 49/49
f 228/228 264/264 227/227
f 264/264 228/228 265/265
f 71/71 97/97 70/70
f 97/97 96/96 70/70
f 194/194 160/160 161/161
f 195/195 194/194 161/161
f 194/194 159/159 160/160
f 159/159 194/194 193/193
f 301/301 262/262 263/263
f 262/262 301/301 300/300
f 64/64 91/91 90/90
f 65/65 91/91 64/64
f 45/45 46/46 68/68
f 67/67 45/45 68/68
f 51/51 50/50 32/32
f 33/33 51/51 32/32
f 52/52 51/51 34/34
f 51/51 33/33 34/34
f 50/50 51/51 72/72
f 51/51 73/73 72/72
f 51/51 52/52 74/74
f 73/73 51/51 74/74
f 102/102 76/76 103/103
f 76/76 77/77 103/103
f 162/162 196/196 195/195
f 162/162 195/195 161/161
f 231/231 194/194 195/195
f 194/194 231/231 230/230
f 795/795 794/794 757/757
f 795/795 757/757 758/758
f 550/550 549/549 504/504
f 549/549 503/503 504/504
f 595/595 550/550 551/551
f 595/595 551/551 596/596
f 595/595 549/549 550/550
f 549/549 595/595 594/594
f 681/681 722/722 721/721
f 681/681 721/721 680/680
f 37/37 22/22 38/38
f 22/22 37/37 21/21
f 39/39 62/62 61/61
f 62/62 39/39 40/40
f 114/114 147/147 146/146
f 147/147 114/114 115/115
f 60/60 37/37 38/38
f 37/37 60/60 59/59
f 60/60 39/39 61/61
f 39/39 60/60 38/38
f 87/87 60/60 61/61
f 60/60 87/87 86/86
f 116/116 147/147 115/115
f 147/147 116/116 148/148
f 87/87 116/116 86/86
f 116/116 87/87 117/117
f 114/114 85/85 115/115
f 85/85 114/114 84/84
f 116/116 85/85 86/86
f 85/85 116/116 115/115
f 85/85 60/60 86/86
f 60/60 85/85 59/59
f 296/296 297/297 336/336
f 297/297 337/337 336/336
f 175/175 140/140 141/141
f 140/140 175/175 174/174
f 208/208 245/245 244/244
f 207/207 208/208 244/244
f 676/676 635/635 677/677
f 635/635 676/676 634/634
f 592/592 635/635 591/591
f 635/635 592/592 636/636
f 147/147 180/180 146/146
f 180/180 147/147 181/181
f 145/145 114/114 146/146
f 114/114 145/145 113/113
f 112/112 81/81 82/82
f 81/81 112/112 111/111
f 145/145 112/112 113/113
f 112/112 145/145 144/144
f 717/717 757/757 756/756
f 757/757 717/717 718/718
f 717/717 676/676 677/677
f 717/717 677/677 718/718
f 675/675 717/717 716/716
f 717/717 675/675 676/676
f 635/635 678/678 677/677
f 678/678 635/635 636/636
f 676/676 633/633 634/634
f 675/675 633/633 676/676
f 398/398 399/399 442/442
f 399/399 443/443 442/442
f 487/487 486/486 443/443
f 443/443 486/486 442/442
f 486/486 533/533 532/532
f 486/486 487/487 533/533
f 489/489 534/534 488/488
f 534/534 489/489 535/535
f 489/489 490/490 536/536
f 535/535 489/489 536/536
f 490/490 489/489 446/446
f 489/489 445/445 446/446
f 444/444 489/489 488/488
f 445/445 489/489 444/444
f 534/534 581/581 580/580
f 581/581 534/534 535/535
f 581/581 625/625 580/580
f 581/581 626/626 625/625
f 754/754 713/713 755/755
f 713/713 714/714 755/755
f 672/672 628/628 629/629
f 673/673 672/672 629/629
f 715/715 672/672 673/673
f 714/714 672/672 715/715
f 1021/1021 988/988 989/989
f 1021/1021 1020/1020 988/988
f 1021/1021 1053/1053 1052/1052
f 1020/1020 1021/1021 1052/1052
f 922/922 953/953 921/921
f 954/954 953/953 922/922
f 1142/1142 1111/1111 1143/1143
f 1111/1111 1142/1142 1110/1110
f 1174/1174 1142/1142 1175/1175
f 1142/1142 1143/1143 1175/1175
f 786/786 785/785 747/747
f 785/785 746/746 747/747
f 665/665 621/621 622/622
f 666/666 665/665 622/622
f 616/616 661/661 660/660
f 661/661 616/616 617/617
f 617/617 616/616 572/572
f 616/616 571/571 572/572
f 571/571 616/616 570/570
f 616/616 615/615 570/570
f 576/576 577/577 622/622
f 621/621 576/576 622/622
f 575/575 576/576 620/620
f 576/576 621/621 620/620
f 618/618 661/661 617/617
f 661/661 618/618 662/662
f 788/788 825/825 787/787
f 787/787 825/825 824/824
f 625/625 668/668 624/624
f 669/669 668/668 625/625
f 751/751 709/709 710/710
f 709/709 751/751 750/750
f 234/234 271/271 233/233
f 233/233 271/271 270/270
f 355/355 398/398 397/397
f 398/398 355/355 356/356
f 355/355 315/315 316/316
f 355/355 316/316 356/356
f 274/274 238/238 275/275
f 238/238 274/274 237/237
f 238/238 239/239 276/276
f 275/275 238/238 276/276
f 133/133 134/134 165/165
f 134/134 166/166 165/165
f 134/134 167/167 166/166
f 167/167 134/134 135/135
f 134/134 133/133 103/103
f 104/104 134/134 103/103
f 135/135 134/134 105/105
f 134/134 104/104 105/105
f 1066/1066 1099/1099 1098/1098
f 1099/1099 1066/1066 1067/1067
f 1164/1164 1165/1165 1197/1197
f 1196/1196 1164/1164 1197/1197
f 1064/1064 1033/1033 1065/1065
f 1033/1033 1064/1064 1032/1032
f 1033/1033 1066/1066 1065/1065
f 1033/1033 1034/1034 1066/1066
f 1034/1034 1003/1003 1035/1035
f 1003/1003 1034/1034 1002/1002
f 898/898 899/899 930/930
f 930/930 899/899 931/931
f 897/897 898/898 930/930
f 897/897 930/930 929/929
f 897/897 866/866 898/898
f 866/866 897/897 865/865
f 866/866 832/832 833/833
f 832/832 866/866 865/865
f 866/866 834/834 867/867
f 834/834 866/866 833/833
f 866/866 899/899 898/898
f 899/899 866/866 867/867
f 961/961 928/928 929/929
f 928/928 961/961 960/960
f 928/928 897/897 929/929
f 897/897 928/928 896/896
f 1121/1121 1088/1088 1089/1089
f 1088/1088 1121/1121 1120/1120
f 1087/1087 1088/1088 1119/1119
f 1119/1119 1088/1088 1120/1120
f 991/991 990/990 959/959
f 990/990 958/958 959/959
f 961/961 992/992 960/960
f 992/992 961/961 993/993
f 992/992 991/991 959/959
f 992/992 959/959 960/960
f 995/995 962/962 963/963
f 994/994 962/962 995/995
f 963/963 962/962 931/931
f 962/962 930/930 931/931
f 961/961 962/962 993/993
f 962/962 994/994 993/993
f 962/962 961/961 929/929
f 930/930 962/962 929/929
f 994/994 1026/1026 993/993
f 1026/1026 1025/1025 993/993
f 1026/1026 1058/1058 1057/1057
f 1025/1025 1026/1026 1057/1057
f 1026/1026 994/994 995/995
f 1027/1027 1026/1026 995/995
f 1026/1026 1059/1059 1058/1058
f 1026/1026 1027/1027 1059/1059
f 1742/1742 1743/1743 1776/1776
f 1775/1775 1742/1742 1776/1776
f 1661/1661 1696/1696 1695/1695
f 1696/1696 1661/1661 1662/1662
f 1757/1757 1722/1722 1723/1723
f 1722/1722 1757/1757 1756/1756
f 1721/1721 1722/1722 1755/1755
f 1722/1722 1756/1756 1755/1755
f 1617/1617 1583/1583 1584/1584
f 1583/1583 1617/1617 1616/1616
f 1753/1753 1752/1752 1718/1718
f 1719/1719 1753/1753 1718/1718
f 1754/1754 1753/1753 1720/1720
f 1753/1753 1719/1719 1720/1720
f 1617/1617 1652/1652 1651/1651
f 1652/1652 1617/1617 1618/1618
f 1687/1687 1722/1722 1721/1721
f 1722/1722 1687/1687 1688/1688
f 1652/1652 1687/1687 1686/1686
f 1687/1687 1652/1652 1653/1653
f 1687/1687 1654/1654 1688/1688
f 1654/1654 1687/1687 1653/1653
f 1687/1687 1721/1721 1720/1720
f 1686/1686 1687/1687 1720/1720
f 1650/1650 1617/1617 1651/1651
f 1617/1617 1650/1650 1616/1616
f 1615/1615 1650/1650 1649/1649
f 1650/1650 1615/1615 1616/1616
f 1650/1650 1684/1684 1683/1683
f 1649/1649 1650/1650 1683/1683
f 1685/1685 1652/1652 1686/1686
f 1652/1652 1685/1685 1651/1651
f 1650/1650 1685/1685 1684/1684
f 1685/1685 1650/1650 1651/1651
f 1685/1685 1686/1686 1720/1720
f 1719/1719 1685/1685 1720/1720
f 1684/1684 1685/1685 1718/1718
f 1685/1685 1719/1719 1718/1718
f 1428/1428 1462/1462 1461/1461
f 1462/1462 1428/1428 1429/1429
f 1525/1525 1557/1557 1524/1524
f 1557/1557 1525/1525 1558/1558
f 1660/1660 1626/1626 1627/1627
f 1661/1661 1660/1660 1627/1627
f 1625/1625 1660/1660 1659/1659
f 1660/1660 1625/1625 1626/1626
f 1559/1559 1591/1591 1558/1558
f 1591/1591 1559/1559 1592/1592
f 1525/1525 1559/1559 1558/1558
f 1559/1559 1525/1525 1526/1526
f 1527/1527 1493/1493 1494/1494
f 1493/1493 1527/1527 1526/1526
f 1527/1527 1559/1559 1526/1526
f 1559/1559 1527/1527 1560/1560
f 1625/1625 1593/1593 1626/1626
f 1593/1593 1625/1625 1592/1592
f 1559/1559 1593/1593 1592/1592
f 1593/1593 1559/1559 1560/1560
f 1661/1661 1628/1628 1662/1662
f 1628/1628 1661/1661 1627/1627
f 1528/1528 1494/1494 1495/1495
f 1528/1528 1527/1527 1494/1494
f 1527/1527 1528/1528 1560/1560
f 1560/1560 1528/1528 1561/1561
f 1364/1364 1331/1331 1332/1332
f 1331/1331 1364/1364 1363/1363
f 1396/1396 1364/1364 1397/1397
f 1364/1364 1396/1396 1363/1363
f 1369/1369 1338/1338 1370/1370
f 1369/1369 1337/1337 1338/1338
f 1336/1336 1369/1369 1368/1368
f 1337/1337 1369/1369 1336/1336
f 1800/1800 1795/1795 1796/1796
f 1795/1795 1800/1800 1799/1799
f 1797/1797 1800/1800 1796/1796
f 1800/1800 1797/1797 1801/1801
f 1733/1733 1767/1767 1766/1766
f 1732/1732 1733/1733 1766/1766
f 1500/1500 1533/1533 1499/1499
f 1533/1533 1532/1532 1499/1499
f 1228/1228 1197/1197 1229/1229
f 1228/1228 1196/1196 1197/1197
f 1297/1297 1265/1265 1266/1266
f 1298/1298 1297/1297 1266/1266
f 1201/1201 1168/1168 1169/1169
f 1168/1168 1201/1201 1200/1200
f 1263/1263 1295/1295 1294/1294
f 1263/1263 1294/1294 1262/1262
f 1712/1712 1713/1713 1746/1746
f 1713/1713 1747/1747 1746/1746
f 1782/1782 1750/1750 1751/1751
f 1783/1783 1782/1782 1751/1751
f 1582/1582 1583/1583 1616/1616
f 1615/1615 1582/1582 1616/1616
f 1320/1320 1321/1321 1353/1353
f 1352/1352 1320/1320 1353/1353
f 1325/1325 1293/1293 1294/1294
f 1325/1325 1294/1294 1326/1326
f 1320/1320 1289/1289 1321/1321
f 1289/1289 1320/1320 1288/1288
f 1224/1224 1255/1255 1223/1223
f 1255/1255 1224/1224 1256/1256
f 887/887 853/853 854/854
f 853/853 887/887 886/886
f 885/885 853/853 886/886
f 852/852 853/853 885/885
f 659/659 616/616 660/660
f 616/616 659/659 615/615
f 681/681 723/723 722/722
f 723/723 681/681 682/682
f 722/722 723/723 761/761
f 723/723 762/762 761/761
f 799/799 834/834 833/833
f 834/834 799/799 800/800
f 878/878 877/877 844/844
f 845/845 878/878 844/844
f 878/878 909/909 877/877
f 909/909 878/878 910/910
f 942/942 909/909 910/910
f 909/909 942/942 941/941
f 1330/1330 1297/1297 1298/1298
f 1297/1297 1330/1330 1329/1329
f 1330/1330 1331/1331 1363/1363
f 1362/1362 1330/1330 1363/1363
f 1083/1083 1082/1082 1050/1050
f 1051/1051 1083/1083 1050/1050
f 1019/1019 1020/1020 1052/1052
f 1051/1051 1019/1019 1052/1052
f 1179/1179 1148/1148 1180/1180
f 1179/1179 1147/1147 1148/1148
f 1212/1212 1211/1211 1180/1180
f 1211/1211 1179/1179 1180/1180
f 1207/1207 1174/1174 1175/1175
f 1207/1207 1206/1206 1174/1174
f 1299/1299 1330/1330 1298/1298
f 1330/1330 1299/1299 1331/1331
f 1267/1267 1299/1299 1266/1266
f 1299/1299 1298/1298 1266/1266
f 1138/1138 1171/1171 1170/1170
f 1171/1171 1138/1138 1139/1139
f 1472/1472 1504/1504 1471/1471
f 1504/1504 1472/1472 1505/1505
f 1504/1504 1538/1538 1537/1537
f 1538/1538 1504/1504 1505/1505
f 1504/1504 1537/1537 1536/1536
f 1503/1503 1504/1504 1536/1536
f 1501/1501 1533/1533 1500/1500
f 1533/1533 1501/1501 1534/1534
f 1603/1603 1570/1570 1571/1571
f 1604/1604 1603/1603 1571/1571
f 1341/1341 1372/1372 1340/1340
f 1372/1372 1341/1341 1373/1373
f 1340/1340 1372/1372 1339/1339
f 1372/1372 1371/1371 1339/1339
f 194/194 229/229 193/193
f 229/229 194/194 230/230
f 192/192 159/159 193/193
f 159/159 192/192 158/158
f 192/192 157/157 158/158
f 157/157 192/192 191/191
f 229/229 192/192 193/193
f 192/192 229/229 228/228
f 192/192 227/227 191/191
f 192/192 228/228 227/227
f 159/159 128/128 160/160
f 128/128 159/159 127/127
f 223/223 261/261 260/260
f 224/224 261/261 223/223
f 121/121 91/91 92/92
f 122/122 121/121 92/92
f 25/25 42/42 41/41
f 42/42 25/25 26/26
f 42/42 65/65 64/64
f 42/42 43/43 65/65
f 27/27 42/42 26/26
f 43/43 42/42 27/27
f 66/66 91/91 65/65
f 91/91 66/66 92/92
f 66/66 93/93 92/92
f 93/93 66/66 67/67
f 52/52 75/75 74/74
f 75/75 52/52 53/53
f 75/75 53/53 54/54
f 76/76 75/75 54/54
f 527/527 480/480 481/481
f 480/480 527/527 526/526
f 521/521 475/475 522/522
f 475/475 476/476 522/522
f 302/302 301/301 263/263
f 264/264 302/302 263/263
f 302/302 264/264 265/265
f 303/303 302/302 265/265
f 274/274 236/236 237/237
f 236/236 274/274 273/273
f 419/419 376/376 420/420
f 376/376 419/419 375/375
f 333/333 376/376 375/375
f 376/376 333/333 334/334
f 335/335 376/376 334/334
f 376/376 335/335 377/377
f 796/796 759/759 760/760
f 797/797 796/796 760/760
f 796/796 795/795 758/758
f 759/759 796/796 758/758
f 501/501 548/548 547/547
f 548/548 501/501 502/502
f 548/548 502/502 503/503
f 549/549 548/548 503/503
f 595/595 639/639 594/594
f 639/639 638/638 594/594
f 639/639 681/681 680/680
f 638/638 639/639 680/680
f 110/110 80/80 111/111
f 80/80 81/81 111/111
f 23/23 24/24 40/40
f 39/39 23/23 40/40
f 22/22 23/23 38/38
f 23/23 39/39 38/38
f 150/150 119/119 151/151
f 150/150 118/118 119/119
f 182/182 147/147 148/148
f 147/147 182/182 181/181
f 85/85 58/58 59/59
f 58/58 85/85 84/84
f 58/58 37/37 59/59
f 37/37 58/58 36/36
f 36/36 58/58 35/35
f 58/58 57/57 35/35
f 83/83 114/114 113/113
f 114/114 83/83 84/84
f 112/112 83/83 113/113
f 83/83 112/112 82/82
f 58/58 83/83 57/57
f 83/83 58/58 84/84
f 56/56 83/83 82/82
f 57/57 83/83 56/56
f 330/330 373/373 372/372
f 373/373 330/330 331/331
f 297/297 259/259 298/298
f 298/298 259/259 260/260
f 335/335 378/378 377/377
f 378/378 335/335 336/336
f 337/337 378/378 336/336
f 379/379 378/378 337/337
f 297/297 338/338 337/337
f 338/338 297/297 298/298
f 175/175 211/211 174/174
f 211/211 210/210 174/174
f 211/211 247/247 210/210
f 247/247 211/211 248/248
f 507/507 552/552 506/506
f 552/552 507/507 553/553
f 252/252 289/289 251/251
f 289/289 252/252 290/290
f 330/330 291/291 331/331
f 291/291 330/330 290/290
f 252/252 291/291 290/290
f 291/291 252/252 253/253
f 214/214 250/250 213/213
f 250/250 214/214 251/251
f 145/145 179/179 144/144
f 144/144 179/179 178/178
f 180/180 179/179 146/146
f 179/179 145/145 146/146
f 448/448 449/449 494/494
f 494/494 449/449 495/495
f 720/720 679/679 721/721
f 721/721 679/679 680/680
f 679/679 638/638 680/680
f 638/638 679/679 637/637
f 679/679 678/678 636/636
f 637/637 679/679 636/636
f 679/679 719/719 678/678
f 719/719 679/679 720/720
f 757/757 719/719 758/758
f 719/719 757/757 718/718
f 719/719 720/720 759/759
f 719/719 759/759 758/758
f 677/677 719/719 718/718
f 678/678 719/719 677/677
f 631/631 587/587 632/632
f 587/587 588/588 632/632
f 674/674 633/633 675/675
f 633/633 674/674 632/632
f 544/544 497/497 498/498
f 497/497 544/544 543/543
f 445/445 400/400 401/401
f 400/400 445/445 444/444
f 400/400 444/444 443/443
f 399/399 400/400 443/443
f 317/317 357/357 316/316
f 316/316 357/357 356/356
f 357/357 399/399 398/398
f 357/357 398/398 356/356
f 440/440 485/485 484/484
f 485/485 440/440 441/441
f 485/485 441/441 442/442
f 486/486 485/485 442/442
f 582/582 583/583 628/628
f 582/582 628/628 627/627
f 582/582 536/536 537/537
f 583/583 582/582 537/537
f 581/581 582/582 626/626
f 626/626 582/582 627/627
f 582/582 535/535 536/536
f 582/582 581/581 535/535
f 626/626 671/671 670/670
f 671/671 626/626 627/627
f 713/713 671/671 714/714
f 671/671 672/672 714/714
f 672/672 671/671 628/628
f 628/628 671/671 627/627
f 952/952 920/920 921/921
f 953/953 952/952 921/921
f 920/920 919/919 888/888
f 919/919 887/887 888/888
f 854/854 819/819 820/820
f 853/853 819/819 854/854
f 819/819 853/853 852/852
f 819/819 852/852 818/818
f 856/856 889/889 888/888
f 855/855 856/856 888/888
f 784/784 821/821 820/820
f 783/783 784/784 820/820
f 785/785 784/784 746/746
f 784/784 745/745 746/746
f 707/707 748/748 747/747
f 706/706 707/707 747/747
f 567/567 521/521 522/522
f 568/568 567/567 522/522
f 568/568 523/523 569/569
f 523/523 568/568 522/522
f 476/476 523/523 522/522
f 523/523 476/476 477/477
f 569/569 523/523 570/570
f 523/523 524/524 570/570
f 530/530 576/576 575/575
f 529/529 530/530 575/575
f 529/529 574/574 528/528
f 574/574 529/529 575/575
f 892/892 859/859 893/893
f 859/859 860/860 893/893
f 891/891 859/859 892/892
f 859/859 891/891 858/858
f 825/825 859/859 824/824
f 859/859 858/858 824/824
f 826/826 859/859 825/825
f 859/859 826/826 860/860
f 826/826 827/827 861/861
f 860/860 826/826 861/861
f 826/826 788/788 789/789
f 826/826 825/825 788/788
f 667/667 623/623 624/624
f 668/668 667/667 624/624
f 623/623 667/667 622/622
f 667/667 666/666 622/622
f 709/709 667/667 710/710
f 667/667 668/668 710/710
f 712/712 671/671 713/713
f 671/671 712/712 670/670
f 790/790 826/826 789/789
f 826/826 790/790 827/827
f 827/827 790/790 828/828
f 790/790 791/791 828/828
f 750/750 790/790 789/789
f 751/751 790/790 750/750
f 271/271 308/308 270/270
f 308/308 271/271 309/309
f 202/202 238/238 237/237
f 201/201 202/202 237/237
f 1164/1164 1131/1131 1132/1132
f 1131/1131 1164/1164 1163/1163
f 1162/1162 1131/1131 1163/1163
f 1131/1131 1162/1162 1130/1130
f 1098/1098 1131/1131 1130/1130
f 1099/1099 1131/1131 1098/1098
f 1000/1000 1031/1031 999/999
f 1031/1031 1000/1000 1032/1032
f 1000/1000 999/999 967/967
f 968/968 1000/1000 967/967
f 969/969 968/968 936/936
f 969/969 936/936 937/937
f 875/875 843/843 876/876
f 843/843 875/875 842/842
f 971/971 939/939 972/972
f 972/972 939/939 940/940
f 1069/1069 1038/1038 1070/1070
f 1038/1038 1069/1069 1037/1037
f 942/942 973/973 941/941
f 973/973 942/942 974/974
f 973/973 972/972 940/940
f 941/941 973/973 940/940
f 973/973 1004/1004 972/972
f 1004/1004 973/973 1005/1005
f 1003/1003 1004/1004 1035/1035
f 1035/1035 1004/1004 1036/1036
f 1004/1004 971/971 972/972
f 971/971 1004/1004 1003/1003
f 1004/1004 1037/1037 1036/1036
f 1004/1004 1005/1005 1037/1037
f 927/927 894/894 895/895
f 894/894 927/927 926/926
f 927/927 958/958 926/926
f 958/958 927/927 959/959
f 927/927 895/895 896/896
f 928/928 927/927 896/896
f 959/959 927/927 960/960
f 927/927 928/928 960/960
f 1787/1787 1760/1760 1788/1788
f 1760/1760 1761/1761 1788/1788
f 1696/1696 1729/1729 1695/1695
f 1729/1729 1696/1696 1730/1730
f 1762/1762 1727/1727 1728/1728
f 1727/1727 1762/1762 1761/1761
f 1761/1761 1762/1762 1788/1788
f 1762/1762 1789/1789 1788/1788
f 1585/1585 1617/1617 1584/1584
f 1617/1617 1585/1585 1618/1618
f 1619/1619 1652/1652 1618/1618
f 1652/1652 1619/1619 1653/1653
f 1585/1585 1619/1619 1618/1618
f 1619/1619 1585/1585 1586/1586
f 1395/1395 1362/1362 1363/1363
f 1396/1396 1395/1395 1363/1363
f 1395/1395 1396/1396 1429/1429
f 1428/1428 1395/1395 1429/1429
f 1395/1395 1427/1427 1394/1394
f 1427/1427 1395/1395 1428/1428
f 1295/1295 1327/1327 1294/1294
f 1294/1294 1327/1327 1326/1326
f 1361/1361 1330/1330 1362/1362
f 1330/1330 1361/1361 1329/1329
f 1361/1361 1395/1395 1394/1394
f 1395/1395 1361/1361 1362/1362
f 1532/1532 1498/1498 1499/1499
f 1498/1498 1532/1532 1531/1531
f 1590/1590 1556/1556 1557/1557
f 1556/1556 1590/1590 1589/1589
f 1590/1590 1622/1622 1589/1589
f 1622/1622 1590/1590 1623/1623
f 1590/1590 1557/1557 1558/1558
f 1591/1591 1590/1590 1558/1558
f 1525/1525 1492/1492 1526/1526
f 1492/1492 1493/1493 1526/1526
f 1656/1656 1622/1622 1623/1623
f 1657/1657 1656/1656 1623/1623
f 1729/1729 1694/1694 1695/1695
f 1694/1694 1729/1729 1728/1728
f 1727/1727 1694/1694 1728/1728
f 1694/1694 1727/1727 1693/1693
f 1694/1694 1661/1661 1695/1695
f 1694/1694 1660/1660 1661/1661
f 1660/1660 1694/1694 1659/1659
f 1659/1659 1694/1694 1693/1693
f 1594/1594 1628/1628 1627/1627
f 1628/1628 1594/1594 1595/1595
f 1594/1594 1560/1560 1561/1561
f 1594/1594 1593/1593 1560/1560
f 1626/1626 1594/1594 1627/1627
f 1593/1593 1594/1594 1626/1626
f 1337/1337 1306/1306 1338/1338
f 1306/1306 1337/1337 1305/1305
f 1430/1430 1431/1431 1463/1463
f 1431/1431 1464/1464 1463/1463
f 1431/1431 1430/1430 1397/1397
f 1398/1398 1431/1431 1397/1397
f 1431/1431 1398/1398 1399/1399
f 1431/1431 1399/1399 1432/1432
f 1466/1466 1433/1433 1467/1467
f 1433/1433 1434/1434 1467/1467
f 1369/1369 1401/1401 1368/1368
f 1401/1401 1369/1369 1402/1402
f 1401/1401 1402/1402 1435/1435
f 1434/1434 1401/1401 1435/1435
f 1767/1767 1791/1791 1766/1766
f 1791/1791 1790/1790 1766/1766
f 1791/1791 1767/1767 1768/1768
f 1792/1792 1791/1791 1768/1768
f 1774/1774 1797/1797 1773/1773
f 1797/1797 1774/1774 1798/1798
f 1705/1705 1672/1672 1706/1706
f 1672/1672 1705/1705 1671/1671
f 1567/1567 1533/1533 1534/1534
f 1533/1533 1567/1567 1566/1566
f 1567/1567 1599/1599 1566/1566
f 1599/1599 1567/1567 1600/1600
f 1533/1533 1565/1565 1532/1532
f 1565/1565 1533/1533 1566/1566
f 1599/1599 1565/1565 1566/1566
f 1565/1565 1599/1599 1598/1598
f 1532/1532 1565/1565 1531/1531
f 1565/1565 1564/1564 1531/1531
f 1597/1597 1565/1565 1598/1598
f 1564/1564 1565/1565 1597/1597
f 1496/1496 1529/1529 1495/1495
f 1529/1529 1528/1528 1495/1495
f 1161/1161 1194/1194 1193/1193
f 1162/1162 1194/1194 1161/1161
f 1291/1291 1260/1260 1292/1292
f 1260/1260 1291/1291 1259/1259
f 1231/1231 1263/1263 1262/1262
f 1230/1230 1231/1231 1262/1262
f 1716/1716 1717/1717 1751/1751
f 1750/1750 1716/1716 1751/1751
f 1647/1647 1681/1681 1680/1680
f 1646/1646 1647/1647 1680/1680
f 1743/1743 1744/1744 1776/1776
f 1744/1744 1777/1777 1776/1776
f 1777/1777 1744/1744 1778/1778
f 1744/1744 1745/1745 1778/1778
f 1440/1440 1474/1474 1473/1473
f 1474/1474 1440/1440 1441/1441
f 1582/1582 1549/1549 1583/1583
f 1583/1583 1549/1549 1550/1550
f 1581/1581 1549/1549 1582/1582
f 1549/1549 1581/1581 1548/1548
f 1581/1581 1615/1615 1614/1614
f 1581/1581 1582/1582 1615/1615
f 1452/1452 1486/1486 1485/1485
f 1486/1486 1452/1452 1453/1453
f 1484/1484 1452/1452 1485/1485
f 1452/1452 1484/1484 1451/1451
f 1386/1386 1385/1385 1353/1353
f 1385/1385 1352/1352 1353/1353
f 1452/1452 1420/1420 1453/1453
f 1420/1420 1452/1452 1419/1419
f 1420/1420 1386/1386 1387/1387
f 1420/1420 1419/1419 1386/1386
f 1388/1388 1420/1420 1387/1387
f 1420/1420 1388/1388 1421/1421
f 1420/1420 1454/1454 1453/1453
f 1454/1454 1420/1420 1421/1421
f 1324/1324 1291/1291 1292/1292
f 1291/1291 1324/1324 1323/1323
f 1325/1325 1324/1324 1293/1293
f 1324/1324 1292/1292 1293/1293
f 1324/1324 1355/1355 1323/1323
f 1355/1355 1324/1324 1356/1356
f 1322/1322 1355/1355 1354/1354
f 1355/1355 1322/1322 1323/1323
f 1355/1355 1356/1356 1389/1389
f 1388/1388 1355/1355 1389/1389
f 1354/1354 1355/1355 1387/1387
f 1355/1355 1388/1388 1387/1387
f 1225/1225 1257/1257 1224/1224
f 1224/1224 1257/1257 1256/1256
f 1257/1257 1289/1289 1288/1288
f 1257/1257 1288/1288 1256/1256
f 1158/1158 1189/1189 1157/1157
f 1189/1189 1158/1158 1190/1190
f 1407/1407 1375/1375 1408/1408
f 1375/1375 1407/1407 1374/1374
f 1440/1440 1407/1407 1441/1441
f 1407/1407 1408/1408 1441/1441
f 614/614 569/569 570/570
f 615/615 614/614 570/570
f 817/817 852/852 851/851
f 852/852 817/817 818/818
f 609/609 652/652 608/608
f 652/652 609/609 653/653
f 652/652 695/695 694/694
f 695/695 652/652 653/653
f 761/761 798/798 760/760
f 798/798 797/797 760/760
f 832/832 798/798 833/833
f 798/798 799/799 833/833
f 762/762 798/798 761/761
f 799/799 798/798 762/762
f 936/936 904/904 937/937
f 937/937 904/904 905/905
f 900/900 932/932 931/931
f 899/899 900/900 931/931
f 964/964 933/933 965/965
f 932/932 933/933 964/964
f 900/900 933/933 932/932
f 933/933 900/900 901/901
f 601/601 602/602 645/645
f 602/602 646/646 645/645
f 602/602 647/647 646/646
f 647/647 602/602 603/603
f 642/642 683/683 641/641
f 683/683 642/642 684/684
f 552/552 597/597 551/551
f 551/551 597/597 596/596
f 642/642 597/597 598/598
f 597/597 642/642 641/641
f 597/597 552/552 553/553
f 598/598 597/597 553/553
f 1072/1072 1104/1104 1071/1071
f 1071/1071 1104/1104 1103/1103
f 976/976 944/944 977/977
f 944/944 945/945 977/977
f 846/846 878/878 845/845
f 878/878 846/846 879/879
f 846/846 811/811 812/812
f 811/811 846/846 845/845
f 846/846 880/880 879/879
f 880/880 846/846 847/847
f 939/939 908/908 940/940
f 908/908 939/939 907/907
f 908/908 875/875 876/876
f 875/875 908/908 907/907
f 908/908 941/941 940/940
f 908/908 909/909 941/941
f 877/877 908/908 876/876
f 909/909 908/908 877/877
f 693/693 733/733 692/692
f 733/733 693/693 734/734
f 978/978 1010/1010 977/977
f 977/977 1010/1010 1009/1009
f 1146/1146 1115/1115 1147/1147
f 1115/1115 1146/1146 1114/1114
f 1083/1083 1115/1115 1082/1082
f 1082/1082 1115/1115 1114/1114
f 987/987 956/956 988/988
f 956/956 987/987 955/955
f 1020/1020 987/987 988/988
f 1019/1019 987/987 1020/1020
f 1244/1244 1243/1243 1212/1212
f 1243/1243 1211/1211 1212/1212
f 1272/1272 1239/1239 1240/1240
f 1239/1239 1272/1272 1271/1271
f 1207/1207 1239/1239 1206/1206
f 1206/1206 1239/1239 1238/1238
f 1304/1304 1337/1337 1336/1336
f 1337/1337 1304/1304 1305/1305
f 1335/1335 1304/1304 1336/1336
f 1304/1304 1335/1335 1303/1303
f 1272/1272 1304/1304 1271/1271
f 1271/1271 1304/1304 1303/1303
f 1273/1273 1304/1304 1272/1272
f 1304/1304 1273/1273 1305/1305
f 1273/1273 1306/1306 1305/1305
f 1306/1306 1273/1273 1274/1274
f 1273/1273 1272/1272 1240/1240
f 1273/1273 1240/1240 1241/1241
f 1269/1269 1300/1300 1268/1268
f 1300/1300 1269/1269 1301/1301
f 1300/1300 1299/1299 1267/1267
f 1300/1300 1267/1267 1268/1268
f 1331/1331 1300/1300 1332/1332
f 1299/1299 1300/1300 1331/1331
f 1173/1173 1142/1142 1174/1174
f 1142/1142 1173/1173 1141/1141
f 1206/1206 1173/1173 1174/1174
f 1205/1205 1173/1173 1206/1206
f 1237/1237 1206/1206 1238/1238
f 1237/1237 1205/1205 1206/1206
f 1239/1239 1270/1270 1238/1238
f 1270/1270 1239/1239 1271/1271
f 1270/1270 1271/1271 1303/1303
f 1302/1302 1270/1270 1303/1303
f 1269/1269 1270/1270 1301/1301
f 1301/1301 1270/1270 1302/1302
f 1270/1270 1237/1237 1238/1238
f 1237/1237 1270/1270 1269/1269
f 1470/1470 1504/1504 1503/1503
f 1504/1504 1470/1470 1471/1471
f 1471/1471 1470/1470 1438/1438
f 1470/1470 1437/1437 1438/1438
f 1403/1403 1369/1369 1370/1370
f 1369/1369 1403/1403 1402/1402
f 1405/1405 1439/1439 1438/1438
f 1405/1405 1406/1406 1439/1439
f 1405/1405 1372/1372 1373/1373
f 1406/1406 1405/1405 1373/1373
f 228/228 266/266 265/265
f 229/229 266/266 228/228
f 129/129 162/162 161/161
f 162/162 129/129 130/130
f 160/160 129/129 161/161
f 128/128 129/129 160/160
f 95/95 94/94 69/69
f 94/94 68/68 69/69
f 94/94 67/67 68/68
f 94/94 93/93 67/67
f 97/97 126/126 96/96
f 126/126 97/97 127/127
f 126/126 159/159 158/158
f 159/159 126/126 127/127
f 96/96 126/126 95/95
f 126/126 125/125 95/95
f 157/157 126/126 158/158
f 125/125 126/126 157/157
f 188/188 224/224 223/223
f 188/188 223/223 187/187
f 299/299 338/338 298/298
f 338/338 299/299 339/339
f 299/299 298/298 260/260
f 261/261 299/299 260/260
f 299/299 262/262 300/300
f 299/299 261/261 262/262
f 89/89 120/120 119/119
f 120/120 89/89 90/90
f 91/91 120/120 90/90
f 121/121 120/120 91/91
f 43/43 44/44 65/65
f 44/44 66/66 65/65
f 44/44 45/45 67/67
f 66/66 44/44 67/67
f 101/101 102/102 132/132
f 101/101 132/132 131/131
f 130/130 101/101 131/131
f 100/100 101/101 130/130
f 101/101 76/76 102/102
f 101/101 75/75 76/76
f 75/75 101/101 74/74
f 101/101 100/100 74/74
f 479/479 436/436 480/480
f 436/436 479/479 435/435
f 387/387 386/386 345/345
f 386/386 344/344 345/345
f 431/431 386/386 387/387
f 386/386 431/431 430/430
f 431/431 388/388 432/432
f 431/431 387/387 388/388
f 475/475 431/431 476/476
f 476/476 431/431 432/432
f 196/196 232/232 195/195
f 232/232 231/231 195/195
f 232/232 268/268 231/231
f 268/268 232/232 269/269
f 232/232 233/233 270/270
f 269/269 232/232 270/270
f 163/163 162/162 130/130
f 163/163 130/130 131/131
f 380/380 338/338 339/339
f 380/380 339/339 381/381
f 380/380 379/379 337/337
f 338/338 380/380 337/337
f 295/295 294/294 256/256
f 295/295 256/256 257/257
f 295/295 335/335 334/334
f 294/294 295/295 334/334
f 295/295 296/296 336/336
f 335/335 295/295 336/336
f 592/592 593/593 636/636
f 593/593 637/637 636/636
f 593/593 638/638 637/637
f 638/638 593/593 594/594
f 548/548 593/593 547/547
f 593/593 592/592 547/547
f 593/593 549/549 594/594
f 593/593 548/548 549/549
f 640/640 597/597 641/641
f 597/597 640/640 596/596
f 683/683 640/640 641/641
f 640/640 683/683 682/682
f 681/681 640/640 682/682
f 639/639 640/640 681/681
f 640/640 595/595 596/596
f 640/640 639/639 595/595
f 116/116 149/149 148/148
f 149/149 116/116 117/117
f 149/149 182/182 148/148
f 182/182 149/149 183/183
f 150/150 149/149 118/118
f 118/118 149/149 117/117
f 41/41 63/63 40/40
f 63/63 62/62 40/40
f 42/42 63/63 41/41
f 63/63 42/42 64/64
f 63/63 64/64 90/90
f 89/89 63/63 90/90
f 88/88 63/63 89/89
f 63/63 88/88 62/62
f 87/87 88/88 117/117
f 88/88 118/118 117/117
f 62/62 88/88 61/61
f 88/88 87/87 61/61
f 118/118 88/88 119/119
f 88/88 89/89 119/119
f 254/254 291/291 253/253
f 291/291 254/254 292/292
f 333/333 293/293 334/334
f 293/293 294/294 334/334
f 294/294 293/293 256/256
f 293/293 255/255 256/256
f 293/293 254/254 255/255
f 254/254 293/293 292/292
f 419/419 374/374 375/375
f 418/418 374/374 419/419
f 373/373 374/374 417/417
f 374/374 418/418 417/417
f 108/108 139/139 107/107
f 139/139 108/108 140/140
f 139/139 140/140 174/174
f 173/173 139/139 174/174
f 208/208 209/209 245/245
f 245/245 209/209 246/246
f 247/247 209/209 210/210
f 209/209 247/247 246/246
f 209/209 208/208 172/172
f 173/173 209/209 172/172
f 209/209 173/173 174/174
f 210/210 209/209 174/174
f 142/142 109/109 110/110
f 109/109 142/142 141/141
f 109/109 80/80 110/110
f 80/80 109/109 79/79
f 140/140 109/109 141/141
f 108/108 109/109 140/140
f 329/329 289/289 290/290
f 330/330 329/329 290/290
f 284/284 283/283 245/245
f 284/284 245/245 246/246
f 507/507 508/508 553/553
f 508/508 554/554 553/553
f 459/459 505/505 504/504
f 458/458 459/459 504/504
f 414/414 369/369 370/370
f 369/369 414/414 413/413
f 414/414 458/458 457/457
f 414/414 457/457 413/413
f 414/414 459/459 458/458
f 459/459 414/414 415/415
f 211/211 249/249 248/248
f 249/249 211/211 212/212
f 250/250 249/249 213/213
f 213/213 249/249 212/212
f 288/288 249/249 250/250
f 249/249 288/288 287/287
f 329/329 288/288 289/289
f 288/288 329/329 328/328
f 289/289 288/288 251/251
f 288/288 250/250 251/251
f 143/143 112/112 144/144
f 112/112 143/143 111/111
f 143/143 110/110 111/111
f 143/143 142/142 110/110
f 215/215 252/252 251/251
f 214/214 215/215 251/251
f 252/252 215/215 253/253
f 253/253 215/215 216/216
f 179/179 215/215 178/178
f 215/215 214/214 178/178
f 215/215 179/179 180/180
f 215/215 180/180 216/216
f 321/321 281/281 282/282
f 321/321 282/282 322/322
f 321/321 364/364 363/363
f 364/364 321/321 322/322
f 362/362 321/321 363/363
f 321/321 362/362 320/320
f 449/449 450/450 495/495
f 450/450 496/496 495/495
f 362/362 405/405 361/361
f 405/405 362/362 406/406
f 450/450 405/405 406/406
f 405/405 450/450 449/449
f 405/405 449/449 448/448
f 405/405 448/448 404/404
f 542/542 497/497 543/543
f 497/497 542/542 496/496
f 587/587 542/542 588/588
f 588/588 542/542 543/543
f 589/589 633/633 632/632
f 588/588 589/589 632/632
f 544/544 589/589 543/543
f 589/589 588/588 543/543
f 358/358 359/359 401/401
f 400/400 358/358 401/401
f 359/359 358/358 319/319
f 358/358 318/318 319/319
f 358/358 400/400 399/399
f 357/357 358/358 399/399
f 358/358 317/317 318/318
f 358/358 357/357 317/317
f 480/480 437/437 481/481
f 436/436 437/437 480/480
f 349/349 308/308 309/309
f 308/308 349/349 348/348
f 923/923 954/954 922/922
f 954/954 923/923 955/955
f 923/923 922/922 890/890
f 891/891 923/923 890/890
f 1016/1016 984/984 1017/1017
f 1017/1017 984/984 985/985
f 984/984 1015/1015 983/983
f 1015/1015 984/984 1016/1016
f 984/984 952/952 953/953
f 984/984 953/953 985/985
f 951/951 984/984 983/983
f 984/984 951/951 952/952
f 952/952 951/951 920/920
f 951/951 919/919 920/920
f 1208/1208 1239/1239 1207/1207
f 1239/1239 1208/1208 1240/1240
f 1240/1240 1208/1208 1241/1241
f 1208/1208 1209/1209 1241/1241
f 1208/1208 1207/1207 1175/1175
f 1176/1176 1208/1208 1175/1175
f 1211/1211 1178/1178 1179/1179
f 1178/1178 1211/1211 1210/1210
f 1179/1179 1178/1178 1147/1147
f 1178/1178 1146/1146 1147/1147
f 1146/1146 1113/1113 1114/1114
f 1113/1113 1146/1146 1145/1145
f 1143/1143 1144/1144 1175/1175
f 1144/1144 1176/1176 1175/1175
f 1113/1113 1144/1144 1112/1112
f 1144/1144 1113/1113 1145/1145
f 1111/1111 1144/1144 1143/1143
f 1112/1112 1144/1144 1111/1111
f 1047/1047 1014/1014 1015/1015
f 1014/1014 1047/1047 1046/1046
f 819/819 782/782 820/820
f 782/782 783/783 820/820
f 823/823 787/787 824/824
f 823/823 786/786 787/787
f 665/665 664/664 621/621
f 621/621 664/664 620/620
f 664/664 707/707 706/706
f 707/707 664/664 665/665
f 705/705 664/664 706/706
f 664/664 705/705 663/663
f 745/745 705/705 746/746
f 704/704 705/705 745/745
f 663/663 705/705 662/662
f 705/705 704/704 662/662
f 746/746 705/705 747/747
f 705/705 706/706 747/747
f 708/708 667/667 709/709
f 667/667 708/708 666/666
f 708/708 750/750 749/749
f 708/708 709/709 750/750
f 708/708 665/665 666/666
f 708/708 707/707 665/665
f 748/748 708/708 749/749
f 707/707 708/708 748/748
f 531/531 486/486 532/532
f 531/531 485/485 486/486
f 531/531 578/578 577/577
f 578/578 531/531 532/532
f 485/485 531/531 484/484
f 531/531 530/530 484/484
f 576/576 531/531 577/577
f 530/530 531/531 576/576
f 573/573 617/617 572/572
f 573/573 618/618 617/617
f 527/527 573/573 526/526
f 526/526 573/573 572/572
f 574/574 573/573 528/528
f 573/573 527/527 528/528
f 619/619 664/664 663/663
f 664/664 619/619 620/620
f 619/619 573/573 574/574
f 573/573 619/619 618/618
f 618/618 619/619 662/662
f 619/619 663/663 662/662
f 619/619 575/575 620/620
f 619/619 574/574 575/575
f 792/792 753/753 793/793
f 753/753 754/754 793/793
f 753/753 713/713 754/754
f 753/753 712/712 713/713
f 310/310 349/349 309/309
f 349/349 310/310 350/350
f 271/271 310/310 309/309
f 272/272 310/310 271/271
f 310/310 273/273 311/311
f 310/310 272/272 273/273
f 235/235 198/198 199/199
f 198/198 235/235 234/234
f 235/235 236/236 273/273
f 272/272 235/235 273/273
f 235/235 271/271 234/234
f 235/235 272/272 271/271
f 387/387 346/346 388/388
f 346/346 387/387 345/345
f 346/346 307/307 347/347
f 307/307 346/346 306/306
f 307/307 268/268 269/269
f 268/268 307/307 306/306
f 308/308 307/307 270/270
f 307/307 269/269 270/270
f 307/307 308/308 348/348
f 347/347 307/307 348/348
f 235/235 200/200 236/236
f 200/200 235/235 199/199
f 166/166 200/200 165/165
f 200/200 199/199 165/165
f 236/236 200/200 237/237
f 200/200 201/201 237/237
f 167/167 200/200 166/166
f 201/201 200/200 167/167
f 240/240 203/203 204/204
f 239/239 203/203 240/240
f 170/170 203/203 169/169
f 203/203 170/170 204/204
f 238/238 203/203 239/239
f 202/202 203/203 238/238
f 168/168 203/203 202/202
f 203/203 168/168 169/169
f 168/168 137/137 169/169
f 137/137 168/168 136/136
f 168/168 135/135 136/136
f 168/168 167/167 135/135
f 168/168 202/202 201/201
f 168/168 201/201 167/167
f 1035/1035 1068/1068 1067/1067
f 1068/1068 1035/1035 1036/1036
f 1069/1069 1068/1068 1037/1037
f 1037/1037 1068/1068 1036/1036
f 1102/1102 1071/1071 1103/1103
f 1071/1071 1102/1102 1070/1070
f 970/970 939/939 971/971
f 939/939 970/970 938/938
f 970/970 1003/1003 1002/1002
f 970/970 971/971 1003/1003
f 970/970 969/969 937/937
f 938/938 970/970 937/937
f 970/970 1001/1001 969/969
f 1001/1001 970/970 1002/1002
f 1033/1033 1001/1001 1034/1034
f 1034/1034 1001/1001 1002/1002
f 1001/1001 1033/1033 1032/1032
f 1000/1000 1001/1001 1032/1032
f 1001/1001 1000/1000 968/968
f 969/969 1001/1001 968/968
f 906/906 937/937 905/905
f 906/906 938/938 937/937
f 939/939 906/906 907/907
f 906/906 939/939 938/938
f 1006/1006 973/973 974/974
f 973/973 1006/1006 1005/1005
f 1006/1006 1038/1038 1037/1037
f 1005/1005 1006/1006 1037/1037
f 864/864 897/897 896/896
f 897/897 864/864 865/865
f 1023/1023 990/990 991/991
f 1023/1023 1022/1022 990/990
f 1742/1742 1708/1708 1743/1743
f 1743/1743 1708/1708 1709/1709
f 1759/1759 1785/1785 1758/1758
f 1759/1759 1786/1786 1785/1785
f 1759/1759 1760/1760 1787/1787
f 1759/1759 1787/1787 1786/1786
f 1760/1760 1726/1726 1761/1761
f 1726/1726 1727/1727 1761/1761
f 1698/1698 1733/1733 1732/1732
f 1733/1733 1698/1698 1699/1699
f 1731/1731 1732/1732 1766/1766
f 1765/1765 1731/1731 1766/1766
f 1731/1731 1764/1764 1730/1730
f 1731/1731 1765/1765 1764/1764
f 1698/1698 1731/1731 1697/1697
f 1731/1731 1698/1698 1732/1732
f 1696/1696 1731/1731 1730/1730
f 1697/1697 1731/1731 1696/1696
f 1763/1763 1762/1762 1728/1728
f 1729/1729 1763/1763 1728/1728
f 1763/1763 1729/1729 1730/1730
f 1764/1764 1763/1763 1730/1730
f 1620/1620 1654/1654 1653/1653
f 1619/1619 1620/1620 1653/1653
f 1620/1620 1619/1619 1586/1586
f 1587/1587 1620/1620 1586/1586
f 1620/1620 1588/1588 1621/1621
f 1620/1620 1587/1587 1588/1588
f 1492/1492 1460/1460 1493/1493
f 1460/1460 1492/1492 1459/1459
f 1494/1494 1460/1460 1461/1461
f 1493/1493 1460/1460 1494/1494
f 1460/1460 1428/1428 1461/1461
f 1460/1460 1427/1427 1428/1428
f 1393/1393 1361/1361 1394/1394
f 1361/1361 1393/1393 1360/1360
f 1263/1263 1296/1296 1295/1295
f 1296/1296 1263/1263 1264/1264
f 1297/1297 1296/1296 1265/1265
f 1265/1265 1296/1296 1264/1264
f 1465/1465 1431/1431 1432/1432
f 1431/1431 1465/1465 1464/1464
f 1465/1465 1433/1433 1466/1466
f 1433/1433 1465/1465 1432/1432
f 1465/1465 1466/1466 1499/1499
f 1498/1498 1465/1465 1499/1499
f 1587/1587 1555/1555 1588/1588
f 1555/1555 1587/1587 1554/1554
f 1588/1588 1555/1555 1589/1589
f 1555/1555 1556/1556 1589/1589
f 1557/1557 1523/1523 1524/1524
f 1556/1556 1523/1523 1557/1557
f 1491/1491 1525/1525 1524/1524
f 1491/1491 1492/1492 1525/1525
f 1492/1492 1491/1491 1459/1459
f 1491/1491 1458/1458 1459/1459
f 1523/1523 1491/1491 1524/1524
f 1491/1491 1523/1523 1490/1490
f 1388/1388 1422/1422 1421/1421
f 1422/1422 1388/1388 1389/1389
f 1422/1422 1454/1454 1421/1421
f 1454/1454 1422/1422 1455/1455
f 1357/1357 1324/1324 1325/1325
f 1324/1324 1357/1357 1356/1356
f 1356/1356 1357/1357 1389/1389
f 1357/1357 1390/1390 1389/1389
f 1690/1690 1656/1656 1657/1657
f 1690/1690 1657/1657 1691/1691
f 1620/1620 1655/1655 1654/1654
f 1655/1655 1620/1620 1621/1621
f 1622/1622 1655/1655 1621/1621
f 1656/1656 1655/1655 1622/1622
f 1624/1624 1591/1591 1592/1592
f 1625/1625 1624/1624 1592/1592
f 1590/1590 1624/1624 1623/1623
f 1624/1624 1590/1590 1591/1591
f 1624/1624 1625/1625 1659/1659
f 1658/1658 1624/1624 1659/1659
f 1624/1624 1657/1657 1623/1623
f 1624/1624 1658/1658 1657/1657
f 1333/1333 1300/1300 1301/1301
f 1300/1300 1333/1333 1332/1332
f 1399/1399 1400/1400 1432/1432
f 1400/1400 1433/1433 1432/1432
f 1400/1400 1366/1366 1367/1367
f 1366/1366 1400/1400 1399/1399
f 1433/1433 1400/1400 1434/1434
f 1400/1400 1401/1401 1434/1434
f 1400/1400 1367/1367 1368/1368
f 1401/1401 1400/1400 1368/1368
f 1771/1771 1794/1794 1770/1770
f 1794/1794 1771/1771 1795/1795
f 1739/1739 1774/1774 1773/1773
f 1774/1774 1739/1739 1740/1740
f 1739/1739 1705/1705 1706/1706
f 1740/1740 1739/1739 1706/1706
f 1797/1797 1772/1772 1773/1773
f 1772/1772 1797/1797 1796/1796
f 1795/1795 1772/1772 1796/1796
f 1771/1771 1772/1772 1795/1795
f 1794/1794 1769/1769 1770/1770
f 1769/1769 1794/1794 1793/1793
f 1769/1769 1792/1792 1768/1768
f 1769/1769 1793/1793 1792/1792
f 1700/1700 1665/1665 1666/1666
f 1665/1665 1700/1700 1699/1699
f 1602/1602 1636/1636 1635/1635
f 1636/1636 1602/1602 1603/1603
f 1599/1599 1632/1632 1598/1598
f 1598/1598 1632/1632 1631/1631
f 1632/1632 1665/1665 1631/1631
f 1665/1665 1632/1632 1666/1666
f 1632/1632 1599/1599 1600/1600
f 1633/1633 1632/1632 1600/1600
f 1562/1562 1594/1594 1561/1561
f 1594/1594 1562/1562 1595/1595
f 1528/1528 1562/1562 1561/1561
f 1529/1529 1562/1562 1528/1528
f 1497/1497 1496/1496 1463/1463
f 1464/1464 1497/1497 1463/1463
f 1465/1465 1497/1497 1464/1464
f 1497/1497 1465/1465 1498/1498
f 1226/1226 1225/1225 1193/1193
f 1194/1194 1226/1226 1193/1193
f 1294/1294 1261/1261 1262/1262
f 1293/1293 1261/1261 1294/1294
f 1230/1230 1261/1261 1229/1229
f 1261/1261 1230/1230 1262/1262
f 1292/1292 1261/1261 1293/1293
f 1260/1260 1261/1261 1292/1292
f 1261/1261 1228/1228 1229/1229
f 1261/1261 1260/1260 1228/1228
f 1201/1201 1232/1232 1200/1200
f 1233/1233 1232/1232 1201/1201
f 1232/1232 1265/1265 1264/1264
f 1232/1232 1233/1233 1265/1265
f 1263/1263 1232/1232 1264/1264
f 1231/1231 1232/1232 1263/1263
f 1199/1199 1232/1232 1231/1231
f 1232/1232 1199/1199 1200/1200
f 1166/1166 1199/1199 1198/1198
f 1199/1199 1166/1166 1167/1167
f 1199/1199 1168/1168 1200/1200
f 1168/1168 1199/1199 1167/1167
f 1199/1199 1230/1230 1198/1198
f 1199/1199 1231/1231 1230/1230
f 1647/1647 1682/1682 1681/1681
f 1682/1682 1647/1647 1648/1648
f 1682/1682 1649/1649 1683/1683
f 1682/1682 1648/1648 1649/1649
f 1717/1717 1682/1682 1683/1683
f 1716/1716 1682/1682 1717/1717
f 1782/1782 1749/1749 1750/1750
f 1749/1749 1782/1782 1781/1781
f 1710/1710 1675/1675 1676/1676
f 1675/1675 1710/1710 1709/1709
f 1710/1710 1744/1744 1743/1743
f 1710/1710 1743/1743 1709/1709
f 1375/1375 1409/1409 1408/1408
f 1409/1409 1375/1375 1376/1376
f 1409/1409 1377/1377 1410/1410
f 1377/1377 1409/1409 1376/1376
f 1613/1613 1581/1581 1614/1614
f 1581/1581 1613/1613 1580/1580
f 1648/1648 1613/1613 1614/1614
f 1647/1647 1613/1613 1648/1648
f 1613/1613 1647/1647 1646/1646
f 1612/1612 1613/1613 1646/1646
f 1518/1518 1484/1484 1485/1485
f 1484/1484 1518/1518 1517/1517
f 1351/1351 1320/1320 1352/1352
f 1351/1351 1319/1319 1320/1320
f 1418/1418 1452/1452 1451/1451
f 1452/1452 1418/1418 1419/1419
f 1418/1418 1385/1385 1386/1386
f 1419/1419 1418/1418 1386/1386
f 1487/1487 1454/1454 1455/1455
f 1487/1487 1455/1455 1488/1488
f 1487/1487 1486/1486 1453/1453
f 1454/1454 1487/1487 1453/1453
f 1290/1290 1322/1322 1321/1321
f 1289/1289 1290/1290 1321/1321
f 1290/1290 1291/1291 1323/1323
f 1322/1322 1290/1290 1323/1323
f 1222/1222 1221/1221 1190/1190
f 1221/1221 1189/1189 1190/1190
f 1188/1188 1155/1155 1156/1156
f 1188/1188 1187/1187 1155/1155
f 1157/1157 1188/1188 1156/1156
f 1189/1189 1188/1188 1157/1157
f 1151/1151 1118/1118 1119/1119
f 1118/1118 1151/1151 1150/1150
f 846/846 813/813 847/847
f 813/813 846/846 812/812
f 848/848 813/813 814/814
f 813/813 848/848 847/847
f 813/813 776/776 777/777
f 814/814 813/813 777/777
f 609/609 654/654 653/653
f 654/654 609/609 610/610
f 654/654 695/695 653/653
f 695/695 654/654 696/696
f 654/654 697/697 696/696
f 654/654 655/655 697/697
f 778/778 740/740 779/779
f 740/740 778/778 739/739
f 655/655 698/698 697/697
f 698/698 655/655 656/656
f 698/698 738/738 697/697
f 738/738 698/698 739/739
f 778/778 738/738 739/739
f 738/738 778/778 777/777
f 697/697 738/738 696/696
f 738/738 737/737 696/696
f 776/776 738/738 777/777
f 737/737 738/738 776/776
f 604/604 647/647 603/603
f 647/647 604/604 648/648
f 736/736 695/695 696/696
f 737/737 736/736 696/696
f 799/799 763/763 800/800
f 763/763 799/799 762/762
f 870/870 838/838 871/871
f 838/838 870/870 837/837
f 808/808 843/843 842/842
f 808/808 809/809 843/843
f 808/808 770/770 771/771
f 770/770 808/808 807/807
f 834/834 868/868 867/867
f 835/835 868/868 834/834
f 868/868 899/899 867/867
f 868/868 900/900 899/899
f 998/998 966/966 999/999
f 999/999 966/966 967/967
f 966/966 997/997 965/965
f 966/966 998/998 997/997
f 843/843 810/810 844/844
f 809/809 810/810 843/843
f 810/810 845/845 844/844
f 810/810 811/811 845/845
f 1136/1136 1168/1168 1167/1167
f 1135/1135 1136/1136 1167/1167
f 1104/1104 1136/1136 1103/1103
f 1136/1136 1135/1135 1103/1103
f 947/947 980/980 979/979
f 947/947 948/948 980/980
f 942/942 943/943 974/974
f 943/943 975/975 974/974
f 943/943 976/976 975/975
f 943/943 944/944 976/976
f 808/808 772/772 809/809
f 772/772 808/808 771/771
f 652/652 651/651 608/608
f 651/651 607/607 608/608
f 651/651 652/652 694/694
f 693/693 651/651 694/694
f 651/651 693/693 692/692
f 650/650 651/651 692/692
f 1142/1142 1109/1109 1110/1110
f 1109/1109 1142/1142 1141/1141
f 1138/1138 1107/1107 1139/1139
f 1106/1106 1107/1107 1138/1138
f 1045/1045 1014/1014 1046/1046
f 1014/1014 1045/1045 1013/1013
f 1116/1116 1149/1149 1148/1148
f 1149/1149 1116/1116 1117/1117
f 1147/1147 1116/1116 1148/1148
f 1115/1115 1116/1116 1147/1147
f 1018/1018 1051/1051 1050/1050
f 1018/1018 1019/1019 1051/1051
f 1308/1308 1341/1341 1340/1340
f 1341/1341 1308/1308 1309/1309
f 1242/1242 1273/1273 1241/1241
f 1273/1273 1242/1242 1274/1274
f 1209/1209 1242/1242 1241/1241
f 1210/1210 1242/1242 1209/1209
f 1243/1243 1242/1242 1211/1211
f 1211/1211 1242/1242 1210/1210
f 1203/1203 1172/1172 1204/1204
f 1172/1172 1203/1203 1171/1171
f 1172/1172 1171/1171 1139/1139
f 1172/1172 1139/1139 1140/1140
f 1172/1172 1173/1173 1205/1205
f 1172/1172 1205/1205 1204/1204
f 1173/1173 1172/1172 1141/1141
f 1141/1141 1172/1172 1140/1140
f 1236/1236 1269/1269 1268/1268
f 1236/1236 1237/1237 1269/1269
f 1237/1237 1236/1236 1205/1205
f 1205/1205 1236/1236 1204/1204
f 1502/1502 1503/1503 1536/1536
f 1535/1535 1502/1502 1536/1536
f 1501/1501 1502/1502 1534/1534
f 1502/1502 1535/1535 1534/1534
f 1402/1402 1436/1436 1435/1435
f 1403/1403 1436/1436 1402/1402
f 1637/1637 1672/1672 1671/1671
f 1672/1672 1637/1637 1638/1638
f 1637/1637 1603/1603 1604/1604
f 1637/1637 1636/1636 1603/1603
f 1637/1637 1670/1670 1636/1636
f 1670/1670 1637/1637 1671/1671
f 1705/1705 1670/1670 1671/1671
f 1670/1670 1705/1705 1704/1704
f 1636/1636 1670/1670 1635/1635
f 1635/1635 1670/1670 1669/1669
f 1404/1404 1436/1436 1403/1403
f 1436/1436 1404/1404 1437/1437
f 1371/1371 1404/1404 1370/1370
f 1404/1404 1403/1403 1370/1370
f 1437/1437 1404/1404 1438/1438
f 1404/1404 1405/1405 1438/1438
f 1372/1372 1404/1404 1371/1371
f 1405/1405 1404/1404 1372/1372
f 299/299 340/340 339/339
f 340/340 299/299 300/300
f 301/301 340/340 300/300
f 341/341 340/340 301/301
f 342/342 302/302 303/303
f 342/342 303/303 343/343
f 302/302 342/342 301/301
f 342/342 341/341 301/301
f 303/303 304/304 343/343
f 304/304 344/344 343/343
f 304/304 303/303 265/265
f 266/266 304/304 265/265
f 99/99 73/73 74/74
f 100/100 99/99 74/74
f 129/129 99/99 130/130
f 99/99 100/100 130/130
f 124/124 125/125 157/157
f 156/156 124/124 157/157
f 124/124 94/94 95/95
f 125/125 124/124 95/95
f 190/190 157/157 191/191
f 190/190 156/156 157/157
f 185/185 152/152 186/186
f 152/152 185/185 151/151
f 119/119 152/152 151/151
f 120/120 152/152 119/119
f 525/525 571/571 570/570
f 524/524 525/525 570/570
f 571/571 525/525 572/572
f 525/525 526/526 572/572
f 525/525 480/480 526/526
f 525/525 479/479 480/480
f 392/392 349/349 350/350
f 349/349 392/392 391/391
f 392/392 437/437 436/436
f 437/437 392/392 393/393
f 392/392 436/436 435/435
f 392/392 435/435 391/391
f 385/385 342/342 343/343
f 342/342 385/385 384/384
f 385/385 428/428 384/384
f 428/428 385/385 429/429
f 429/429 385/385 430/430
f 385/385 386/386 430/430
f 386/386 385/385 344/344
f 344/344 385/385 343/343
f 267/267 229/229 230/230
f 267/267 266/266 229/229
f 231/231 267/267 230/230
f 268/268 267/267 231/231
f 199/199 164/164 165/165
f 198/198 164/164 199/199
f 164/164 133/133 165/165
f 133/133 164/164 132/132
f 132/132 164/164 131/131
f 164/164 163/163 131/131
f 164/164 197/197 163/163
f 197/197 164/164 198/198
f 197/197 232/232 196/196
f 232/232 197/197 233/233
f 197/197 234/234 233/233
f 197/197 198/198 234/234
f 162/162 197/197 196/196
f 163/163 197/197 162/162
f 425/425 424/424 381/381
f 424/424 380/380 381/381
f 469/469 424/424 425/425
f 424/424 469/469 468/468
f 469/469 515/515 514/514
f 468/468 469/469 514/514
f 515/515 469/469 516/516
f 469/469 470/470 516/516
f 256/256 220/220 257/257
f 219/219 220/220 256/256
f 223/223 222/222 187/187
f 222/222 186/186 187/187
f 222/222 223/223 260/260
f 259/259 222/222 260/260
f 218/218 182/182 183/183
f 219/219 218/218 183/183
f 255/255 218/218 256/256
f 218/218 219/219 256/256
f 291/291 332/332 331/331
f 332/332 291/291 292/292
f 332/332 293/293 333/333
f 293/293 332/332 292/292
f 332/332 373/373 331/331
f 332/332 374/374 373/373
f 332/332 333/333 375/375
f 374/374 332/332 375/375
f 414/414 371/371 415/415
f 371/371 414/414 370/370
f 329/329 371/371 328/328
f 371/371 370/370 328/328
f 371/371 330/330 372/372
f 371/371 329/329 330/330
f 288/288 327/327 287/287
f 327/327 288/288 328/328
f 369/369 327/327 370/370
f 370/370 327/327 328/328
f 499/499 454/454 500/500
f 454/454 499/499 453/453
f 412/412 369/369 413/413
f 369/369 412/412 368/368
f 412/412 457/457 456/456
f 457/457 412/412 413/413
f 412/412 367/367 368/368
f 367/367 412/412 411/411
f 546/546 592/592 591/591
f 592/592 546/546 547/547
f 546/546 501/501 547/547
f 546/546 500/500 501/501
f 418/418 462/462 417/417
f 462/462 461/461 417/417
f 462/462 418/418 419/419
f 462/462 419/419 463/463
f 462/462 508/508 507/507
f 462/462 507/507 461/461
f 373/373 416/416 372/372
f 416/416 373/373 417/417
f 371/371 416/416 415/415
f 416/416 371/371 372/372
f 177/177 214/214 213/213
f 214/214 177/177 178/178
f 177/177 144/144 178/178
f 177/177 143/143 144/144
f 450/450 451/451 496/496
f 451/451 497/497 496/496
f 541/541 494/494 495/495
f 541/541 540/540 494/494
f 496/496 541/541 495/495
f 542/542 541/541 496/496
f 635/635 590/590 591/591
f 590/590 635/635 634/634
f 633/633 590/590 634/634
f 589/589 590/590 633/633
f 527/527 482/482 528/528
f 482/482 527/527 481/481
f 274/274 312/312 273/273
f 273/273 312/312 311/311
f 351/351 310/310 311/311
f 310/310 351/351 350/350
f 392/392 351/351 393/393
f 351/351 392/392 350/350
f 351/351 352/352 394/394
f 351/351 394/394 393/393
f 312/312 351/351 311/311
f 351/351 312/312 352/352
f 441/441 396/396 397/397
f 440/440 396/396 441/441
f 924/924 892/892 893/893
f 925/925 924/924 893/893
f 956/956 924/924 957/957
f 924/924 925/925 957/957
f 924/924 891/891 892/892
f 924/924 923/923 891/891
f 924/924 956/956 955/955
f 923/923 924/924 955/955
f 1015/1015 982/982 983/983
f 1014/1014 982/982 1015/1015
f 982/982 1014/1014 1013/1013
f 982/982 1013/1013 981/981
f 1177/1177 1144/1144 1145/1145
f 1144/1144 1177/1177 1176/1176
f 1208/1208 1177/1177 1209/1209
f 1177/1177 1208/1208 1176/1176
f 1146/1146 1177/1177 1145/1145
f 1178/1178 1177/1177 1146/1146
f 1177/1177 1210/1210 1209/1209
f 1177/1177 1178/1178 1210/1210
f 1079/1079 1111/1111 1110/1110
f 1078/1078 1079/1079 1110/1110
f 1047/1047 1079/1079 1046/1046
f 1079/1079 1078/1078 1046/1046
f 701/701 659/659 660/660
f 702/702 701/701 660/660
f 744/744 784/784 783/783
f 784/784 744/744 745/745
f 744/744 782/782 743/743
f 782/782 744/744 783/783
f 889/889 857/857 890/890
f 856/856 857/857 889/889
f 891/891 857/857 858/858
f 857/857 891/891 890/890
f 858/858 857/857 824/824
f 857/857 823/823 824/824
f 857/857 822/822 823/823
f 822/822 857/857 856/856
f 784/784 822/822 821/821
f 822/822 784/784 785/785
f 822/822 855/855 821/821
f 822/822 856/856 855/855
f 822/822 785/785 786/786
f 823/823 822/822 786/786
f 654/654 611/611 655/655
f 611/611 654/654 610/610
f 655/655 611/611 656/656
f 656/656 611/611 612/612
f 566/566 611/611 565/565
f 565/565 611/611 610/610
f 611/611 567/567 612/612
f 611/611 566/566 567/567
f 473/473 428/428 429/429
f 428/428 473/473 472/472
f 668/668 711/711 710/710
f 711/711 668/668 669/669
f 711/711 669/669 670/670
f 712/712 711/711 670/670
f 346/346 389/389 388/388
f 389/389 346/346 347/347
f 525/525 478/478 479/479
f 478/478 525/525 524/524
f 478/478 523/523 477/477
f 523/523 478/478 524/524
f 479/479 478/478 435/435
f 478/478 434/434 435/435
f 1131/1131 1100/1100 1132/1132
f 1100/1100 1131/1131 1099/1099
f 1100/1100 1099/1099 1067/1067
f 1068/1068 1100/1100 1067/1067
f 1133/1133 1164/1164 1132/1132
f 1164/1164 1133/1133 1165/1165
f 1038/1038 1039/1039 1070/1070
f 1039/1039 1071/1071 1070/1070
f 831/831 798/798 832/832
f 798/798 831/831 797/797
f 831/831 832/832 865/865
f 864/864 831/831 865/865
f 1089/1089 1056/1056 1057/1057
f 1088/1088 1056/1056 1089/1089
f 1658/1658 1692/1692 1657/1657
f 1657/1657 1692/1692 1691/1691
f 1692/1692 1659/1659 1693/1693
f 1692/1692 1658/1658 1659/1659
f 1727/1727 1692/1692 1693/1693
f 1726/1726 1692/1692 1727/1727
f 1725/1725 1692/1692 1726/1726
f 1692/1692 1725/1725 1691/1691
f 1725/1725 1690/1690 1691/1691
f 1690/1690 1725/1725 1724/1724
f 1724/1724 1725/1725 1758/1758
f 1725/1725 1759/1759 1758/1758
f 1759/1759 1725/1725 1760/1760
f 1725/1725 1726/1726 1760/1760
f 1629/1629 1628/1628 1595/1595
f 1629/1629 1595/1595 1596/1596
f 1361/1361 1328/1328 1329/1329
f 1328/1328 1361/1361 1360/1360
f 1328/1328 1327/1327 1295/1295
f 1296/1296 1328/1328 1295/1295
f 1328/1328 1297/1297 1329/1329
f 1328/1328 1296/1296 1297/1297
f 1521/1521 1522/1522 1554/1554
f 1522/1522 1555/1555 1554/1554
f 1522/1522 1488/1488 1489/1489
f 1522/1522 1521/1521 1488/1488
f 1555/1555 1522/1522 1556/1556
f 1522/1522 1523/1523 1556/1556
f 1490/1490 1522/1522 1489/1489
f 1523/1523 1522/1522 1490/1490
f 1689/1689 1724/1724 1723/1723
f 1689/1689 1690/1690 1724/1724
f 1689/1689 1722/1722 1688/1688
f 1722/1722 1689/1689 1723/1723
f 1690/1690 1689/1689 1656/1656
f 1689/1689 1655/1655 1656/1656
f 1654/1654 1689/1689 1688/1688
f 1655/1655 1689/1689 1654/1654
f 1398/1398 1365/1365 1399/1399
f 1365/1365 1366/1366 1399/1399
f 1364/1364 1365/1365 1397/1397
f 1365/1365 1398/1398 1397/1397
f 1365/1365 1364/1364 1332/1332
f 1333/1333 1365/1365 1332/1332
f 1334/1334 1365/1365 1333/1333
f 1365/1365 1334/1334 1366/1366
f 1335/1335 1334/1334 1303/1303
f 1334/1334 1302/1302 1303/1303
f 1334/1334 1335/1335 1367/1367
f 1366/1366 1334/1334 1367/1367
f 1334/1334 1301/1301 1302/1302
f 1334/1334 1333/1333 1301/1301
f 1703/1703 1670/1670 1704/1704
f 1670/1670 1703/1703 1669/1669
f 1769/1769 1736/1736 1770/1770
f 1736/1736 1769/1769 1735/1735
f 1736/1736 1771/1771 1770/1770
f 1736/1736 1737/1737 1771/1771
f 1738/1738 1739/1739 1773/1773
f 1772/1772 1738/1738 1773/1773
f 1739/1739 1738/1738 1705/1705
f 1705/1705 1738/1738 1704/1704
f 1738/1738 1772/1772 1771/1771
f 1737/1737 1738/1738 1771/1771
f 1738/1738 1703/1703 1704/1704
f 1703/1703 1738/1738 1737/1737
f 1734/1734 1769/1769 1768/1768
f 1769/1769 1734/1734 1735/1735
f 1733/1733 1734/1734 1767/1767
f 1767/1767 1734/1734 1768/1768
f 1735/1735 1734/1734 1701/1701
f 1734/1734 1700/1700 1701/1701
f 1734/1734 1733/1733 1699/1699
f 1700/1700 1734/1734 1699/1699
f 1568/1568 1567/1567 1534/1534
f 1535/1535 1568/1568 1534/1534
f 1634/1634 1635/1635 1669/1669
f 1668/1668 1634/1634 1669/1669
f 1667/1667 1632/1632 1633/1633
f 1632/1632 1667/1667 1666/1666
f 1667/1667 1700/1700 1666/1666
f 1700/1700 1667/1667 1701/1701
f 1667/1667 1634/1634 1668/1668
f 1634/1634 1667/1667 1633/1633
f 1530/1530 1498/1498 1531/1531
f 1530/1530 1497/1497 1498/1498
f 1530/1530 1529/1529 1496/1496
f 1497/1497 1530/1530 1496/1496
f 1164/1164 1195/1195 1163/1163
f 1195/1195 1164/1164 1196/1196
f 1195/1195 1162/1162 1163/1163
f 1195/1195 1194/1194 1162/1162
f 1265/1265 1234/1234 1266/1266
f 1233/1233 1234/1234 1265/1265
f 1679/1679 1714/1714 1713/1713
f 1714/1714 1679/1679 1680/1680
f 1711/1711 1712/1712 1746/1746
f 1745/1745 1711/1711 1746/1746
f 1744/1744 1711/1711 1745/1745
f 1710/1710 1711/1711 1744/1744
f 1711/1711 1710/1710 1676/1676
f 1677/1677 1711/1711 1676/1676
f 1381/1381 1413/1413 1380/1380
f 1413/1413 1381/1381 1414/1414
f 1576/1576 1608/1608 1575/1575
f 1608/1608 1576/1576 1609/1609
f 1344/1344 1378/1378 1377/1377
f 1378/1378 1344/1344 1345/1345
f 1541/1541 1509/1509 1542/1542
f 1509/1509 1541/1541 1508/1508
f 1645/1645 1646/1646 1680/1680
f 1679/1679 1645/1645 1680/1680
f 1645/1645 1612/1612 1646/1646
f 1612/1612 1645/1645 1611/1611
f 1645/1645 1610/1610 1611/1611
f 1610/1610 1645/1645 1644/1644
f 1576/1576 1610/1610 1609/1609
f 1610/1610 1576/1576 1577/1577
f 1610/1610 1643/1643 1609/1609
f 1610/1610 1644/1644 1643/1643
f 1678/1678 1711/1711 1677/1677
f 1711/1711 1678/1678 1712/1712
f 1645/1645 1678/1678 1644/1644
f 1678/1678 1645/1645 1679/1679
f 1678/1678 1713/1713 1712/1712
f 1678/1678 1679/1679 1713/1713
f 1644/1644 1678/1678 1643/1643
f 1643/1643 1678/1678 1677/1677
f 1583/1583 1551/1551 1584/1584
f 1551/1551 1583/1583 1550/1550
f 1518/1518 1551/1551 1517/1517
f 1517/1517 1551/1551 1550/1550
f 1385/1385 1384/1384 1352/1352
f 1384/1384 1351/1351 1352/1352
f 1254/1254 1222/1222 1223/1223
f 1255/1255 1254/1254 1223/1223
f 1254/1254 1221/1221 1222/1222
f 1221/1221 1254/1254 1253/1253
f 1287/1287 1254/1254 1255/1255
f 1254/1254 1287/1287 1286/1286
f 1287/1287 1255/1255 1256/1256
f 1288/1288 1287/1287 1256/1256
f 1320/1320 1287/1287 1288/1288
f 1319/1319 1287/1287 1320/1320
f 1258/1258 1257/1257 1225/1225
f 1226/1226 1258/1258 1225/1225
f 1257/1257 1258/1258 1289/1289
f 1258/1258 1290/1290 1289/1289
f 1291/1291 1258/1258 1259/1259
f 1290/1290 1258/1258 1291/1291
f 1252/1252 1220/1220 1253/1253
f 1220/1220 1221/1221 1253/1253
f 1220/1220 1251/1251 1219/1219
f 1251/1251 1220/1220 1252/1252
f 1221/1221 1220/1220 1189/1189
f 1220/1220 1188/1188 1189/1189
f 1188/1188 1220/1220 1187/1187
f 1187/1187 1220/1220 1219/1219
f 1152/1152 1119/1119 1120/1120
f 1152/1152 1151/1151 1119/1119
f 1123/1123 1154/1154 1122/1122
f 1154/1154 1123/1123 1155/1155
f 1347/1347 1381/1381 1380/1380
f 1381/1381 1347/1347 1348/1348
f 1315/1315 1314/1314 1283/1283
f 1314/1314 1282/1282 1283/1283
f 1281/1281 1314/1314 1313/1313
f 1314/1314 1281/1281 1282/1282
f 1310/1310 1279/1279 1311/1311
f 1279/1279 1310/1310 1278/1278
f 850/850 851/851 884/884
f 883/883 850/850 884/884
f 881/881 880/880 847/847
f 848/848 881/881 847/847
f 613/613 568/568 569/569
f 614/614 613/613 569/569
f 613/613 567/567 568/568
f 567/567 613/613 612/612
f 613/613 656/656 612/612
f 613/613 657/657 656/656
f 613/613 658/658 657/657
f 658/658 613/613 614/614
f 701/701 658/658 659/659
f 658/658 701/701 700/700
f 659/659 658/658 615/615
f 658/658 614/614 615/615
f 699/699 658/658 700/700
f 658/658 699/699 657/657
f 699/699 740/740 739/739
f 698/698 699/699 739/739
f 699/699 698/698 656/656
f 657/657 699/699 656/656
f 606/606 651/651 650/650
f 651/651 606/606 607/607
f 693/693 735/735 734/734
f 735/735 693/693 694/694
f 695/695 735/735 694/694
f 736/736 735/735 695/695
f 775/775 735/735 736/736
f 735/735 775/775 774/774
f 775/775 813/813 812/812
f 813/813 775/775 776/776
f 811/811 775/775 812/812
f 775/775 811/811 774/774
f 775/775 737/737 776/776
f 775/775 736/736 737/737
f 724/724 683/683 684/684
f 725/725 724/724 684/684
f 724/724 723/723 682/682
f 683/683 724/724 682/682
f 723/723 724/724 762/762
f 724/724 763/763 762/762
f 904/904 873/873 905/905
f 872/872 873/873 904/904
f 687/687 644/644 645/645
f 644/644 687/687 686/686
f 769/769 731/731 770/770
f 731/731 769/769 730/730
f 900/900 869/869 901/901
f 868/868 869/869 900/900
f 968/968 935/935 936/936
f 935/935 968/968 967/967
f 464/464 419/419 420/420
f 419/419 464/464 463/463
f 376/376 421/421 420/420
f 421/421 376/376 377/377
f 378/378 421/421 377/377
f 421/421 378/378 422/422
f 464/464 421/421 465/465
f 421/421 464/464 420/420
f 421/421 466/466 465/465
f 466/466 421/421 422/422
f 600/600 601/601 645/645
f 644/644 600/600 645/645
f 1137/1137 1138/1138 1170/1170
f 1169/1169 1137/1137 1170/1170
f 1168/1168 1137/1137 1169/1169
f 1136/1136 1137/1137 1168/1168
f 915/915 883/883 884/884
f 916/916 915/915 884/884
f 948/948 915/915 916/916
f 947/947 915/915 948/948
f 878/878 911/911 910/910
f 911/911 878/878 879/879
f 911/911 942/942 910/910
f 911/911 943/943 942/942
f 773/773 735/735 774/774
f 735/735 773/773 734/734
f 810/810 773/773 811/811
f 811/811 773/773 774/774
f 773/773 810/810 809/809
f 772/772 773/773 809/809
f 773/773 733/733 734/734
f 773/773 772/772 733/733
f 1108/1108 1109/1109 1141/1141
f 1108/1108 1141/1141 1140/1140
f 1139/1139 1108/1108 1140/1140
f 1107/1107 1108/1108 1139/1139
f 1108/1108 1077/1077 1109/1109
f 1077/1077 1108/1108 1076/1076
f 1109/1109 1077/1077 1110/1110
f 1077/1077 1078/1078 1110/1110
f 1078/1078 1077/1077 1046/1046
f 1077/1077 1045/1045 1046/1046
f 1011/1011 1010/1010 978/978
f 1011/1011 978/978 979/979
f 1084/1084 1083/1083 1051/1051
f 1084/1084 1051/1051 1052/1052
f 1053/1053 1084/1084 1052/1052
f 1085/1085 1084/1084 1053/1053
f 1084/1084 1115/1115 1083/1083
f 1084/1084 1116/1116 1115/1115
f 1116/1116 1084/1084 1117/1117
f 1084/1084 1085/1085 1117/1117
f 987/987 986/986 955/955
f 986/986 954/954 955/955
f 986/986 953/953 954/954
f 953/953 986/986 985/985
f 986/986 987/987 1019/1019
f 1018/1018 986/986 1019/1019
f 986/986 1017/1017 985/985
f 986/986 1018/1018 1017/1017
f 1307/1307 1339/1339 1338/1338
f 1306/1306 1307/1307 1338/1338
f 1307/1307 1340/1340 1339/1339
f 1307/1307 1308/1308 1340/1340
f 1469/1469 1470/1470 1503/1503
f 1502/1502 1469/1469 1503/1503
f 1470/1470 1469/1469 1437/1437
f 1469/1469 1436/1436 1437/1437
f 98/98 128/128 127/127
f 97/97 98/98 127/127
f 98/98 71/71 72/72
f 98/98 97/97 71/71
f 98/98 129/129 128/128
f 98/98 99/99 129/129
f 73/73 98/98 72/72
f 99/99 98/98 73/73
f 123/123 122/122 92/92
f 93/93 123/123 92/92
f 123/123 155/155 154/154
f 122/122 123/123 154/154
f 94/94 123/123 93/93
f 124/124 123/123 94/94
f 123/123 124/124 156/156
f 123/123 156/156 155/155
f 226/226 264/264 263/263
f 264/264 226/226 227/227
f 227/227 226/226 191/191
f 226/226 190/190 191/191
f 153/153 121/121 122/122
f 153/153 122/122 154/154
f 153/153 188/188 187/187
f 188/188 153/153 154/154
f 153/153 120/120 121/121
f 153/153 152/152 120/120
f 152/152 153/153 186/186
f 186/186 153/153 187/187
f 344/344 305/305 345/345
f 304/304 305/305 344/344
f 305/305 346/346 345/345
f 346/346 305/305 306/306
f 305/305 304/304 266/266
f 267/267 305/305 266/266
f 305/305 268/268 306/306
f 305/305 267/267 268/268
f 423/423 378/378 379/379
f 378/378 423/423 422/422
f 423/423 466/466 422/422
f 466/466 423/423 467/467
f 380/380 423/423 379/379
f 424/424 423/423 380/380
f 423/423 424/424 468/468
f 423/423 468/468 467/467
f 607/607 563/563 608/608
f 562/562 563/563 607/607
f 427/427 428/428 472/472
f 471/471 427/427 472/472
f 184/184 150/150 151/151
f 185/185 184/184 151/151
f 184/184 149/149 150/150
f 149/149 184/184 183/183
f 184/184 220/220 219/219
f 184/184 219/219 183/183
f 221/221 184/184 185/185
f 184/184 221/221 220/220
f 221/221 185/185 186/186
f 222/222 221/221 186/186
f 217/217 254/254 253/253
f 217/217 253/253 216/216
f 217/217 180/180 181/181
f 180/180 217/217 216/216
f 254/254 217/217 255/255
f 217/217 218/218 255/255
f 182/182 217/217 181/181
f 218/218 217/217 182/182
f 323/323 364/364 322/322
f 364/364 323/323 365/365
f 283/283 323/323 282/282
f 282/282 323/323 322/322
f 365/365 323/323 366/366
f 323/323 324/324 366/366
f 284/284 323/323 283/283
f 324/324 323/323 284/284
f 286/286 249/249 287/287
f 249/249 286/286 248/248
f 410/410 365/365 366/366
f 410/410 409/409 365/365
f 410/410 367/367 411/411
f 367/367 410/410 366/366
f 410/410 454/454 453/453
f 409/409 410/410 453/453
f 412/412 455/455 411/411
f 455/455 412/412 456/456
f 410/410 455/455 454/454
f 455/455 410/410 411/411
f 502/502 455/455 456/456
f 501/501 455/455 502/502
f 454/454 455/455 500/500
f 500/500 455/455 501/501
f 505/505 460/460 506/506
f 459/459 460/460 505/505
f 460/460 507/507 506/506
f 507/507 460/460 461/461
f 460/460 459/459 415/415
f 416/416 460/460 415/415
f 461/461 460/460 417/417
f 460/460 416/416 417/417
f 176/176 175/175 141/141
f 142/142 176/176 141/141
f 176/176 211/211 175/175
f 211/211 176/176 212/212
f 143/143 176/176 142/142
f 177/177 176/176 143/143
f 176/176 213/213 212/212
f 176/176 177/177 213/213
f 362/362 407/407 406/406
f 407/407 362/362 363/363
f 407/407 450/450 406/406
f 407/407 451/451 450/450
f 499/499 452/452 453/453
f 452/452 499/499 498/498
f 497/497 452/452 498/498
f 451/451 452/452 497/497
f 586/586 587/587 631/631
f 586/586 631/631 630/630
f 586/586 542/542 587/587
f 586/586 541/541 542/542
f 541/541 586/586 540/540
f 586/586 585/585 540/540
f 545/545 499/499 500/500
f 546/546 545/545 500/500
f 545/545 544/544 498/498
f 499/499 545/545 498/498
f 545/545 546/546 591/591
f 590/590 545/545 591/591
f 545/545 589/589 544/544
f 545/545 590/590 589/589
f 530/530 483/483 484/484
f 483/483 530/530 529/529
f 483/483 529/529 528/528
f 482/482 483/483 528/528
f 314/314 313/313 276/276
f 313/313 275/275 276/276
f 313/313 274/274 275/275
f 313/313 312/312 274/274
f 917/917 916/916 884/884
f 885/885 917/917 884/884
f 1080/1080 1112/1112 1111/1111
f 1079/1079 1080/1080 1111/1111
f 781/781 819/819 818/818
f 781/781 782/782 819/819
f 661/661 703/703 660/660
f 703/703 702/702 660/660
f 703/703 661/661 662/662
f 704/704 703/703 662/662
f 703/703 744/744 743/743
f 702/702 703/703 743/743
f 703/703 704/704 745/745
f 744/744 703/703 745/745
f 567/567 520/520 521/521
f 566/566 520/520 567/567
f 752/752 753/753 792/792
f 752/752 792/792 791/791
f 790/790 752/752 791/791
f 752/752 790/790 751/751
f 753/753 752/752 712/712
f 752/752 711/711 712/712
f 752/752 751/751 710/710
f 711/711 752/752 710/710
f 478/478 433/433 434/434
f 433/433 478/478 477/477
f 433/433 476/476 432/432
f 476/476 433/433 477/477
f 388/388 433/433 432/432
f 389/389 433/433 388/388
f 390/390 433/433 389/389
f 433/433 390/390 434/434
f 349/349 390/390 348/348
f 390/390 349/349 391/391
f 435/435 390/390 391/391
f 434/434 390/390 435/435
f 390/390 347/347 348/348
f 390/390 389/389 347/347
f 1134/1134 1102/1102 1103/1103
f 1135/1135 1134/1134 1103/1103
f 1166/1166 1134/1134 1167/1167
f 1134/1134 1135/1135 1167/1167
f 1134/1134 1166/1166 1165/1165
f 1133/1133 1134/1134 1165/1165
f 1101/1101 1134/1134 1133/1133
f 1134/1134 1101/1101 1102/1102
f 1101/1101 1069/1069 1070/1070
f 1102/1102 1101/1101 1070/1070
f 1101/1101 1068/1068 1069/1069
f 1101/1101 1100/1100 1068/1068
f 1100/1100 1101/1101 1132/1132
f 1101/1101 1133/1133 1132/1132
f 1008/1008 977/977 1009/1009
f 1008/1008 976/976 977/977
f 796/796 830/830 795/795
f 795/795 830/830 829/829
f 830/830 796/796 797/797
f 831/831 830/830 797/797
f 992/992 1024/1024 991/991
f 1024/1024 1023/1023 991/991
f 1024/1024 992/992 993/993
f 1025/1025 1024/1024 993/993
f 1024/1024 1025/1025 1057/1057
f 1056/1056 1024/1024 1057/1057
f 1055/1055 1024/1024 1056/1056
f 1024/1024 1055/1055 1023/1023
f 1055/1055 1087/1087 1086/1086
f 1055/1055 1086/1086 1054/1054
f 1023/1023 1055/1055 1022/1022
f 1022/1022 1055/1055 1054/1054
f 1055/1055 1088/1088 1087/1087
f 1055/1055 1056/1056 1088/1088
f 1707/1707 1708/1708 1742/1742
f 1741/1741 1707/1707 1742/1742
f 1708/1708 1674/1674 1709/1709
f 1674/1674 1675/1675 1709/1709
f 1707/1707 1674/1674 1708/1708
f 1674/1674 1707/1707 1673/1673
f 1640/1640 1674/1674 1639/1639
f 1674/1674 1673/1673 1639/1639
f 1698/1698 1664/1664 1699/1699
f 1664/1664 1665/1665 1699/1699
f 1427/1427 1426/1426 1394/1394
f 1426/1426 1393/1393 1394/1394
f 1460/1460 1426/1426 1427/1427
f 1426/1426 1460/1460 1459/1459
f 1458/1458 1426/1426 1459/1459
f 1425/1425 1426/1426 1458/1458
f 1390/1390 1423/1423 1389/1389
f 1423/1423 1422/1422 1389/1389
f 1328/1328 1359/1359 1327/1327
f 1359/1359 1328/1328 1360/1360
f 1702/1702 1667/1667 1668/1668
f 1667/1667 1702/1702 1701/1701
f 1703/1703 1702/1702 1669/1669
f 1702/1702 1668/1668 1669/1669
f 1736/1736 1702/1702 1737/1737
f 1702/1702 1703/1703 1737/1737
f 1702/1702 1736/1736 1735/1735
f 1702/1702 1735/1735 1701/1701
f 1603/1603 1569/1569 1570/1570
f 1602/1602 1569/1569 1603/1603
f 1570/1570 1569/1569 1537/1537
f 1537/1537 1569/1569 1536/1536
f 1569/1569 1535/1535 1536/1536
f 1569/1569 1568/1568 1535/1535
f 1569/1569 1601/1601 1568/1568
f 1601/1601 1569/1569 1602/1602
f 1567/1567 1601/1601 1600/1600
f 1568/1568 1601/1601 1567/1567
f 1601/1601 1602/1602 1635/1635
f 1634/1634 1601/1601 1635/1635
f 1601/1601 1633/1633 1600/1600
f 1601/1601 1634/1634 1633/1633
f 1562/1562 1563/1563 1595/1595
f 1595/1595 1563/1563 1596/1596
f 1563/1563 1564/1564 1597/1597
f 1563/1563 1597/1597 1596/1596
f 1563/1563 1562/1562 1529/1529
f 1530/1530 1563/1563 1529/1529
f 1564/1564 1563/1563 1531/1531
f 1563/1563 1530/1530 1531/1531
f 1258/1258 1227/1227 1259/1259
f 1227/1227 1258/1258 1226/1226
f 1227/1227 1260/1260 1259/1259
f 1260/1260 1227/1227 1228/1228
f 1227/1227 1226/1226 1194/1194
f 1195/1195 1227/1227 1194/1194
f 1228/1228 1227/1227 1196/1196
f 1227/1227 1195/1195 1196/1196
f 1235/1235 1203/1203 1204/1204
f 1236/1236 1235/1235 1204/1204
f 1267/1267 1235/1235 1268/1268
f 1235/1235 1236/1236 1268/1268
f 1235/1235 1267/1267 1266/1266
f 1234/1234 1235/1235 1266/1266
f 1202/1202 1235/1235 1234/1234
f 1235/1235 1202/1202 1203/1203
f 1202/1202 1201/1201 1169/1169
f 1202/1202 1169/1169 1170/1170
f 1171/1171 1202/1202 1170/1170
f 1203/1203 1202/1202 1171/1171
f 1202/1202 1233/1233 1201/1201
f 1202/1202 1234/1234 1233/1233
f 1715/1715 1716/1716 1750/1750
f 1749/1749 1715/1715 1750/1750
f 1715/1715 1682/1682 1716/1716
f 1682/1682 1715/1715 1681/1681
f 1681/1681 1715/1715 1680/1680
f 1715/1715 1714/1714 1680/1680
f 1715/1715 1748/1748 1714/1714
f 1748/1748 1715/1715 1749/1749
f 1747/1747 1748/1748 1779/1779
f 1779/1779 1748/1748 1780/1780
f 1748/1748 1749/1749 1781/1781
f 1748/1748 1781/1781 1780/1780
f 1713/1713 1748/1748 1747/1747
f 1714/1714 1748/1748 1713/1713
f 1674/1674 1641/1641 1675/1675
f 1641/1641 1674/1674 1640/1640
f 1540/1540 1507/1507 1541/1541
f 1541/1541 1507/1507 1508/1508
f 1539/1539 1507/1507 1540/1540
f 1507/1507 1539/1539 1506/1506
f 1474/1474 1507/1507 1473/1473
f 1507/1507 1506/1506 1473/1473
f 1413/1413 1447/1447 1446/1446
f 1447/1447 1413/1413 1414/1414
f 1447/1447 1415/1415 1448/1448
f 1415/1415 1447/1447 1414/1414
f 1512/1512 1478/1478 1479/1479
f 1478/1478 1512/1512 1511/1511
f 1512/1512 1544/1544 1511/1511
f 1544/1544 1512/1512 1545/1545
f 1579/1579 1613/1613 1612/1612
f 1613/1613 1579/1579 1580/1580
f 1344/1344 1312/1312 1345/1345
f 1312/1312 1313/1313 1345/1345
f 1343/1343 1310/1310 1311/1311
f 1310/1310 1343/1343 1342/1342
f 1375/1375 1343/1343 1376/1376
f 1342/1342 1343/1343 1375/1375
f 1343/1343 1312/1312 1344/1344
f 1312/1312 1343/1343 1311/1311
f 1343/1343 1377/1377 1376/1376
f 1343/1343 1344/1344 1377/1377
f 1475/1475 1507/1507 1474/1474
f 1507/1507 1475/1475 1508/1508
f 1552/1552 1585/1585 1584/1584
f 1551/1551 1552/1552 1584/1584
f 1318/1318 1287/1287 1319/1319
f 1287/1287 1318/1318 1286/1286
f 1152/1152 1153/1153 1184/1184
f 1153/1153 1185/1185 1184/1184
f 1121/1121 1153/1153 1120/1120
f 1153/1153 1152/1152 1120/1120
f 1153/1153 1121/1121 1122/1122
f 1154/1154 1153/1153 1122/1122
f 1314/1314 1346/1346 1313/1313
f 1313/1313 1346/1346 1345/1345
f 1346/1346 1314/1314 1315/1315
f 1347/1347 1346/1346 1315/1315
f 816/816 817/817 851/851
f 850/850 816/816 851/851
f 849/849 881/881 848/848
f 881/881 849/849 882/882
f 849/849 850/850 883/883
f 849/849 883/883 882/882
f 724/724 764/764 763/763
f 764/764 724/724 725/725
f 803/803 838/838 837/837
f 838/838 803/803 804/804
f 808/808 841/841 807/807
f 841/841 808/808 842/842
f 729/729 769/769 768/768
f 769/769 729/729 730/730
f 729/729 767/767 728/728
f 767/767 729/729 768/768
f 690/690 647/647 648/648
f 647/647 690/690 689/689
f 690/690 731/731 730/730
f 690/690 730/730 689/689
f 803/803 836/836 802/802
f 836/836 803/803 837/837
f 836/836 868/868 835/835
f 836/836 869/869 868/868
f 870/870 836/836 837/837
f 869/869 836/836 870/870
f 903/903 872/872 904/904
f 872/872 903/903 871/871
f 903/903 904/904 936/936
f 935/935 903/903 936/936
f 513/513 468/468 514/514
f 468/468 513/513 467/467
f 560/560 513/513 514/514
f 513/513 560/560 559/559
f 508/508 509/509 554/554
f 554/554 509/509 555/555
f 509/509 462/462 463/463
f 462/462 509/509 508/508
f 554/554 599/599 553/553
f 599/599 598/598 553/553
f 599/599 554/554 555/555
f 600/600 599/599 555/555
f 1105/1105 1074/1074 1106/1106
f 1074/1074 1105/1105 1073/1073
f 1105/1105 1104/1104 1072/1072
f 1105/1105 1072/1072 1073/1073
f 1105/1105 1136/1136 1104/1104
f 1105/1105 1137/1137 1136/1136
f 1105/1105 1106/1106 1138/1138
f 1137/1137 1105/1105 1138/1138
f 946/946 978/978 977/977
f 945/945 946/946 977/977
f 946/946 947/947 979/979
f 978/978 946/946 979/979
f 881/881 912/912 880/880
f 912/912 881/881 913/913
f 944/944 912/912 945/945
f 945/945 912/912 913/913
f 880/880 912/912 879/879
f 912/912 911/911 879/879
f 943/943 912/912 944/944
f 911/911 912/912 943/943
f 1010/1010 1042/1042 1009/1009
f 1042/1042 1041/1041 1009/1009
f 1042/1042 1074/1074 1073/1073
f 1041/1041 1042/1042 1073/1073
f 1075/1075 1108/1108 1107/1107
f 1108/1108 1075/1075 1076/1076
f 1075/1075 1107/1107 1106/1106
f 1074/1074 1075/1075 1106/1106
f 1077/1077 1044/1044 1045/1045
f 1044/1044 1077/1077 1076/1076
f 1242/1242 1275/1275 1274/1274
f 1275/1275 1242/1242 1243/1243
f 1275/1275 1306/1306 1274/1274
f 1275/1275 1307/1307 1306/1306
f 1468/1468 1500/1500 1467/1467
f 1468/1468 1501/1501 1500/1500
f 1434/1434 1468/1468 1467/1467
f 1468/1468 1434/1434 1435/1435
f 1468/1468 1502/1502 1501/1501
f 1468/1468 1469/1469 1502/1502
f 1436/1436 1468/1468 1435/1435
f 1469/1469 1468/1468 1436/1436
f 155/155 189/189 154/154
f 189/189 188/188 154/154
f 190/190 189/189 156/156
f 156/156 189/189 155/155
f 564/564 565/565 610/610
f 609/609 564/564 610/610
f 564/564 609/609 608/608
f 563/563 564/564 608/608
f 339/339 382/382 381/381
f 340/340 382/382 339/339
f 258/258 297/297 296/296
f 258/258 259/259 297/297
f 258/258 295/295 257/257
f 295/295 258/258 296/296
f 258/258 222/222 259/259
f 258/258 221/221 222/222
f 220/220 258/258 257/257
f 221/221 258/258 220/220
f 324/324 325/325 366/366
f 325/325 367/367 366/366
f 364/364 408/408 363/363
f 408/408 407/407 363/363
f 408/408 364/364 365/365
f 409/409 408/408 365/365
f 407/407 408/408 451/451
f 408/408 452/452 451/451
f 408/408 409/409 453/453
f 452/452 408/408 453/453
f 439/439 440/440 484/484
f 483/483 439/439 484/484
f 354/354 314/314 315/315
f 355/355 354/354 315/315
f 354/354 355/355 397/397
f 396/396 354/354 397/397
f 887/887 918/918 886/886
f 919/919 918/918 887/887
f 918/918 885/885 886/886
f 918/918 917/917 885/885
f 1018/1018 1049/1049 1017/1017
f 1049/1049 1018/1018 1050/1050
f 816/816 780/780 817/817
f 780/780 816/816 779/779
f 817/817 780/780 818/818
f 780/780 781/781 818/818
f 519/519 566/566 565/565
f 519/519 520/520 566/566
f 474/474 429/429 430/430
f 474/474 473/473 429/429
f 474/474 431/431 475/475
f 431/431 474/474 430/430
f 519/519 474/474 520/520
f 474/474 519/519 473/473
f 474/474 475/475 521/521
f 520/520 474/474 521/521
f 1040/1040 1072/1072 1071/1071
f 1039/1039 1040/1040 1071/1071
f 1040/1040 1041/1041 1073/1073
f 1072/1072 1040/1040 1073/1073
f 1040/1040 1008/1008 1009/1009
f 1041/1041 1040/1040 1009/1009
f 1040/1040 1007/1007 1008/1008
f 1007/1007 1040/1040 1039/1039
f 1007/1007 1006/1006 974/974
f 975/975 1007/1007 974/974
f 1006/1006 1007/1007 1038/1038
f 1007/1007 1039/1039 1038/1038
f 976/976 1007/1007 975/975
f 1008/1008 1007/1007 976/976
f 895/895 863/863 896/896
f 863/863 864/864 896/896
f 894/894 863/863 895/895
f 862/862 863/863 894/894
f 863/863 831/831 864/864
f 863/863 830/830 831/831
f 830/830 863/863 829/829
f 863/863 862/862 829/829
f 1630/1630 1629/1629 1596/1596
f 1597/1597 1630/1630 1596/1596
f 1630/1630 1598/1598 1631/1631
f 1630/1630 1597/1597 1598/1598
f 1665/1665 1630/1630 1631/1631
f 1664/1664 1630/1630 1665/1665
f 1663/1663 1630/1630 1664/1664
f 1630/1630 1663/1663 1629/1629
f 1663/1663 1696/1696 1662/1662
f 1663/1663 1697/1697 1696/1696
f 1628/1628 1663/1663 1662/1662
f 1629/1629 1663/1663 1628/1628
f 1663/1663 1698/1698 1697/1697
f 1663/1663 1664/1664 1698/1698
f 1488/1488 1456/1456 1489/1489
f 1455/1455 1456/1456 1488/1488
f 1422/1422 1456/1456 1455/1455
f 1423/1423 1456/1456 1422/1422
f 1358/1358 1325/1325 1326/1326
f 1358/1358 1357/1357 1325/1325
f 1327/1327 1358/1358 1326/1326
f 1359/1359 1358/1358 1327/1327
f 1392/1392 1426/1426 1425/1425
f 1426/1426 1392/1392 1393/1393
f 1393/1393 1392/1392 1360/1360
f 1392/1392 1359/1359 1360/1360
f 1606/1606 1640/1640 1639/1639
f 1605/1605 1606/1606 1639/1639
f 1642/1642 1677/1677 1676/1676
f 1642/1642 1643/1643 1677/1677
f 1642/1642 1608/1608 1609/1609
f 1643/1643 1642/1642 1609/1609
f 1675/1675 1642/1642 1676/1676
f 1641/1641 1642/1642 1675/1675
f 1349/1349 1382/1382 1348/1348
f 1382/1382 1381/1381 1348/1348
f 1381/1381 1382/1382 1414/1414
f 1382/1382 1415/1415 1414/1414
f 1516/1516 1517/1517 1550/1550
f 1549/1549 1516/1516 1550/1550
f 1543/1543 1576/1576 1575/1575
f 1543/1543 1575/1575 1542/1542
f 1576/1576 1543/1543 1577/1577
f 1543/1543 1544/1544 1577/1577
f 1610/1610 1578/1578 1611/1611
f 1578/1578 1610/1610 1577/1577
f 1578/1578 1544/1544 1545/1545
f 1544/1544 1578/1578 1577/1577
f 1578/1578 1612/1612 1611/1611
f 1578/1578 1579/1579 1612/1612
f 1280/1280 1281/1281 1313/1313
f 1312/1312 1280/1280 1313/1313
f 1279/1279 1280/1280 1311/1311
f 1280/1280 1312/1312 1311/1311
f 1377/1377 1411/1411 1410/1410
f 1378/1378 1411/1411 1377/1377
f 1478/1478 1445/1445 1479/1479
f 1479/1479 1445/1445 1446/1446
f 1445/1445 1413/1413 1446/1446
f 1445/1445 1412/1412 1413/1413
f 1408/1408 1442/1442 1441/1441
f 1409/1409 1442/1442 1408/1408
f 1442/1442 1474/1474 1441/1441
f 1442/1442 1475/1475 1474/1474
f 1587/1587 1553/1553 1554/1554
f 1553/1553 1587/1587 1586/1586
f 1585/1585 1553/1553 1586/1586
f 1552/1552 1553/1553 1585/1585
f 1284/1284 1251/1251 1252/1252
f 1251/1251 1284/1284 1283/1283
f 1350/1350 1382/1382 1349/1349
f 1382/1382 1350/1350 1383/1383
f 1384/1384 1350/1350 1351/1351
f 1350/1350 1384/1384 1383/1383
f 1351/1351 1350/1350 1319/1319
f 1350/1350 1318/1318 1319/1319
f 1185/1185 1216/1216 1184/1184
f 1217/1217 1216/1216 1185/1185
f 1247/1247 1280/1280 1279/1279
f 1280/1280 1247/1247 1248/1248
f 1247/1247 1216/1216 1248/1248
f 1216/1216 1247/1247 1215/1215
f 1282/1282 1250/1250 1283/1283
f 1250/1250 1251/1251 1283/1283
f 1251/1251 1250/1250 1219/1219
f 1250/1250 1218/1218 1219/1219
f 1186/1186 1153/1153 1154/1154
f 1153/1153 1186/1186 1185/1185
f 1187/1187 1186/1186 1155/1155
f 1186/1186 1154/1154 1155/1155
f 1186/1186 1217/1217 1185/1185
f 1186/1186 1218/1218 1217/1217
f 1186/1186 1187/1187 1219/1219
f 1218/1218 1186/1186 1219/1219
f 1379/1379 1411/1411 1378/1378
f 1411/1411 1379/1379 1412/1412
f 1413/1413 1379/1379 1380/1380
f 1412/1412 1379/1379 1413/1413
f 1379/1379 1378/1378 1345/1345
f 1346/1346 1379/1379 1345/1345
f 1379/1379 1347/1347 1380/1380
f 1379/1379 1346/1346 1347/1347
f 815/815 778/778 779/779
f 816/816 815/815 779/779
f 778/778 815/815 777/777
f 815/815 814/814 777/777
f 815/815 816/816 850/850
f 849/849 815/815 850/850
f 815/815 848/848 814/814
f 815/815 849/849 848/848
f 606/606 561/561 607/607
f 561/561 562/562 607/607
f 561/561 515/515 516/516
f 562/562 561/561 516/516
f 515/515 561/561 514/514
f 561/561 560/560 514/514
f 561/561 605/605 560/560
f 605/605 561/561 606/606
f 604/604 605/605 648/648
f 648/648 605/605 649/649
f 605/605 606/606 650/650
f 605/605 650/650 649/649
f 560/560 605/605 559/559
f 605/605 604/604 559/559
f 801/801 836/836 835/835
f 836/836 801/801 802/802
f 801/801 834/834 800/800
f 801/801 835/835 834/834
f 763/763 801/801 800/800
f 764/764 801/801 763/763
f 687/687 727/727 686/686
f 727/727 687/687 728/728
f 874/874 906/906 905/905
f 873/873 874/874 905/905
f 874/874 875/875 907/907
f 906/906 874/874 907/907
f 875/875 874/874 842/842
f 874/874 841/841 842/842
f 806/806 770/770 807/807
f 806/806 769/769 770/770
f 646/646 688/688 645/645
f 688/688 687/687 645/645
f 647/647 688/688 646/646
f 688/688 647/647 689/689
f 687/687 688/688 728/728
f 688/688 729/729 728/728
f 730/730 688/688 689/689
f 729/729 688/688 730/730
f 732/732 772/772 771/771
f 772/772 732/732 733/733
f 770/770 732/732 771/771
f 731/731 732/732 770/770
f 869/869 902/902 901/901
f 902/902 869/869 870/870
f 902/902 870/870 871/871
f 903/903 902/902 871/871
f 643/643 644/644 686/686
f 685/685 643/643 686/686
f 642/642 643/643 684/684
f 643/643 685/685 684/684
f 643/643 600/600 644/644
f 643/643 599/599 600/600
f 643/643 642/642 598/598
f 599/599 643/643 598/598
f 915/915 914/914 883/883
f 883/883 914/914 882/882
f 914/914 881/881 882/882
f 881/881 914/914 913/913
f 914/914 915/915 947/947
f 946/946 914/914 947/947
f 914/914 945/945 913/913
f 914/914 946/946 945/945
f 1042/1042 1043/1043 1074/1074
f 1043/1043 1075/1075 1074/1074
f 1011/1011 1043/1043 1010/1010
f 1043/1043 1042/1042 1010/1010
f 1075/1075 1043/1043 1076/1076
f 1043/1043 1044/1044 1076/1076
f 1043/1043 1012/1012 1044/1044
f 1012/1012 1043/1043 1011/1011
f 1013/1013 1012/1012 981/981
f 981/981 1012/1012 980/980
f 980/980 1012/1012 979/979
f 1012/1012 1011/1011 979/979
f 1045/1045 1012/1012 1013/1013
f 1044/1044 1012/1012 1045/1045
f 1308/1308 1276/1276 1309/1309
f 1309/1309 1276/1276 1277/1277
f 1276/1276 1244/1244 1245/1245
f 1276/1276 1245/1245 1277/1277
f 1307/1307 1276/1276 1308/1308
f 1275/1275 1276/1276 1307/1307
f 1276/1276 1243/1243 1244/1244
f 1276/1276 1275/1275 1243/1243
f 262/262 225/225 263/263
f 225/225 226/226 263/263
f 261/261 225/225 262/262
f 225/225 261/261 224/224
f 226/226 225/225 190/190
f 225/225 189/189 190/190
f 188/188 225/225 224/224
f 189/189 225/225 188/188
f 470/470 517/517 516/516
f 471/471 517/517 470/470
f 517/517 563/563 562/562
f 517/517 562/562 516/516
f 426/426 427/427 471/471
f 426/426 471/471 470/470
f 469/469 426/426 470/470
f 426/426 469/469 425/425
f 426/426 425/425 381/381
f 382/382 426/426 381/381
f 383/383 426/426 382/382
f 426/426 383/383 427/427
f 383/383 342/342 384/384
f 342/342 383/383 341/341
f 428/428 383/383 384/384
f 427/427 383/383 428/428
f 383/383 340/340 341/341
f 383/383 382/382 340/340
f 285/285 247/247 248/248
f 286/286 285/285 248/248
f 247/247 285/285 246/246
f 285/285 284/284 246/246
f 285/285 324/324 284/284
f 285/285 325/325 324/324
f 285/285 326/326 325/325
f 326/326 285/285 286/286
f 326/326 369/369 368/368
f 326/326 327/327 369/369
f 327/327 326/326 287/287
f 326/326 286/286 287/287
f 367/367 326/326 368/368
f 325/325 326/326 367/367
f 437/437 438/438 481/481
f 438/438 482/482 481/481
f 438/438 437/437 393/393
f 394/394 438/438 393/393
f 438/438 483/483 482/482
f 438/438 439/439 483/483
f 312/312 353/353 352/352
f 313/313 353/353 312/312
f 353/353 313/313 314/314
f 354/354 353/353 314/314
f 948/948 949/949 980/980
f 949/949 981/981 980/980
f 949/949 948/948 916/916
f 917/917 949/949 916/916
f 1081/1081 1113/1113 1112/1112
f 1080/1080 1081/1081 1112/1112
f 1081/1081 1082/1082 1114/1114
f 1113/1113 1081/1081 1114/1114
f 1082/1082 1081/1081 1050/1050
f 1081/1081 1049/1049 1050/1050
f 1081/1081 1048/1048 1049/1049
f 1048/1048 1081/1081 1080/1080
f 1048/1048 1015/1015 1016/1016
f 1048/1048 1047/1047 1015/1015
f 1048/1048 1079/1079 1047/1047
f 1048/1048 1080/1080 1079/1079
f 1048/1048 1016/1016 1017/1017
f 1049/1049 1048/1048 1017/1017
f 699/699 741/741 740/740
f 741/741 699/699 700/700
f 740/740 741/741 779/779
f 741/741 780/780 779/779
f 1573/1573 1539/1539 1540/1540
f 1539/1539 1573/1573 1572/1572
f 1573/1573 1606/1606 1605/1605
f 1573/1573 1605/1605 1572/1572
f 1382/1382 1416/1416 1415/1415
f 1416/1416 1382/1382 1383/1383
f 1483/1483 1484/1484 1517/1517
f 1516/1516 1483/1483 1517/1517
f 1484/1484 1483/1483 1451/1451
f 1483/1483 1450/1450 1451/1451
f 1510/1510 1478/1478 1511/1511
f 1478/1478 1510/1510 1477/1477
f 1509/1509 1510/1510 1542/1542
f 1510/1510 1543/1543 1542/1542
f 1544/1544 1510/1510 1511/1511
f 1543/1543 1510/1510 1544/1544
f 1546/1546 1578/1578 1545/1545
f 1578/1578 1546/1546 1579/1579
f 1515/1515 1483/1483 1516/1516
f 1483/1483 1515/1515 1482/1482
f 1515/1515 1549/1549 1548/1548
f 1515/1515 1516/1516 1549/1549
f 1481/1481 1515/1515 1514/1514
f 1515/1515 1481/1481 1482/1482
f 1444/1444 1445/1445 1478/1478
f 1444/1444 1478/1478 1477/1477
f 1445/1445 1444/1444 1412/1412
f 1444/1444 1411/1411 1412/1412
f 1520/1520 1487/1487 1488/1488
f 1521/1521 1520/1520 1488/1488
f 1520/1520 1521/1521 1554/1554
f 1553/1553 1520/1520 1554/1554
f 1316/1316 1347/1347 1315/1315
f 1347/1347 1316/1316 1348/1348
f 1316/1316 1315/1315 1283/1283
f 1284/1284 1316/1316 1283/1283
f 1246/1246 1279/1279 1278/1278
f 1246/1246 1247/1247 1279/1279
f 1247/1247 1246/1246 1215/1215
f 1215/1215 1246/1246 1214/1214
f 1216/1216 1183/1183 1184/1184
f 1183/1183 1216/1216 1215/1215
f 1152/1152 1183/1183 1151/1151
f 1183/1183 1152/1152 1184/1184
f 1183/1183 1215/1215 1214/1214
f 1182/1182 1183/1183 1214/1214
f 1151/1151 1183/1183 1150/1150
f 1183/1183 1182/1182 1150/1150
f 1280/1280 1249/1249 1281/1281
f 1249/1249 1280/1280 1248/1248
f 1249/1249 1216/1216 1217/1217
f 1216/1216 1249/1249 1248/1248
f 1281/1281 1249/1249 1282/1282
f 1249/1249 1250/1250 1282/1282
f 1250/1250 1249/1249 1218/1218
f 1218/1218 1249/1249 1217/1217
f 726/726 725/725 684/684
f 685/685 726/726 684/684
f 727/727 726/726 686/686
f 726/726 685/685 686/686
f 838/838 839/839 871/871
f 839/839 872/872 871/871
f 691/691 690/690 648/648
f 691/691 648/648 649/649
f 691/691 650/650 692/692
f 650/650 691/691 649/649
f 690/690 691/691 731/731
f 691/691 732/732 731/731
f 733/733 691/691 692/692
f 732/732 691/691 733/733
f 966/966 934/934 967/967
f 934/934 935/935 967/967
f 933/933 934/934 965/965
f 934/934 966/966 965/965
f 934/934 903/903 935/935
f 934/934 902/902 903/903
f 934/934 933/933 901/901
f 902/902 934/934 901/901
f 512/512 466/466 467/467
f 513/513 512/512 467/467
f 466/466 512/512 465/465
f 512/512 511/511 465/465
f 564/564 518/518 565/565
f 518/518 519/519 565/565
f 473/473 518/518 472/472
f 519/519 518/518 473/473
f 518/518 564/564 563/563
f 517/517 518/518 563/563
f 518/518 471/471 472/472
f 518/518 517/517 471/471
f 395/395 396/396 440/440
f 439/439 395/395 440/440
f 395/395 438/438 394/394
f 438/438 395/395 439/439
f 395/395 354/354 396/396
f 395/395 353/353 354/354
f 352/352 395/395 394/394
f 353/353 395/395 352/352
f 951/951 950/950 919/919
f 950/950 918/918 919/919
f 950/950 951/951 983/983
f 982/982 950/950 983/983
f 918/918 950/950 917/917
f 950/950 949/949 917/917
f 950/950 982/982 981/981
f 949/949 950/950 981/981
f 782/782 742/742 743/743
f 781/781 742/742 782/782
f 742/742 701/701 702/702
f 742/742 702/702 743/743
f 780/780 742/742 781/781
f 741/741 742/742 780/780
f 701/701 742/742 700/700
f 742/742 741/741 700/700
f 1457/1457 1490/1490 1489/1489
f 1456/1456 1457/1457 1489/1489
f 1457/1457 1491/1491 1490/1490
f 1491/1491 1457/1457 1458/1458
f 1457/1457 1456/1456 1423/1423
f 1424/1424 1457/1457 1423/1423
f 1457/1457 1425/1425 1458/1458
f 1457/1457 1424/1424 1425/1425
f 1391/1391 1358/1358 1359/1359
f 1392/1392 1391/1391 1359/1359
f 1357/1357 1391/1391 1390/1390
f 1358/1358 1391/1391 1357/1357
f 1391/1391 1392/1392 1425/1425
f 1424/1424 1391/1391 1425/1425
f 1391/1391 1423/1423 1390/1390
f 1391/1391 1424/1424 1423/1423
f 1574/1574 1541/1541 1542/1542
f 1575/1575 1574/1574 1542/1542
f 1574/1574 1540/1540 1541/1541
f 1574/1574 1573/1573 1540/1540
f 1417/1417 1418/1418 1451/1451
f 1450/1450 1417/1417 1451/1451
f 1418/1418 1417/1417 1385/1385
f 1417/1417 1384/1384 1385/1385
f 1384/1384 1417/1417 1383/1383
f 1417/1417 1416/1416 1383/1383
f 1449/1449 1483/1483 1482/1482
f 1483/1483 1449/1449 1450/1450
f 1417/1417 1449/1449 1416/1416
f 1449/1449 1417/1417 1450/1450
f 1481/1481 1449/1449 1482/1482
f 1449/1449 1481/1481 1448/1448
f 1415/1415 1449/1449 1448/1448
f 1416/1416 1449/1449 1415/1415
f 1512/1512 1513/1513 1545/1545
f 1513/1513 1546/1546 1545/1545
f 1515/1515 1547/1547 1514/1514
f 1547/1547 1515/1515 1548/1548
f 1581/1581 1547/1547 1548/1548
f 1547/1547 1581/1581 1580/1580
f 1513/1513 1547/1547 1546/1546
f 1547/1547 1513/1513 1514/1514
f 1579/1579 1547/1547 1580/1580
f 1546/1546 1547/1547 1579/1579
f 1443/1443 1409/1409 1410/1410
f 1443/1443 1442/1442 1409/1409
f 1411/1411 1443/1443 1410/1410
f 1444/1444 1443/1443 1411/1411
f 1519/1519 1551/1551 1518/1518
f 1519/1519 1552/1552 1551/1551
f 1486/1486 1519/1519 1485/1485
f 1519/1519 1518/1518 1485/1485
f 1519/1519 1553/1553 1552/1552
f 1519/1519 1520/1520 1553/1553
f 1487/1487 1519/1519 1486/1486
f 1520/1520 1519/1519 1487/1487
f 1317/1317 1350/1350 1349/1349
f 1350/1350 1317/1317 1318/1318
f 1317/1317 1349/1349 1348/1348
f 1316/1316 1317/1317 1348/1348
f 765/765 801/801 764/764
f 801/801 765/765 802/802
f 765/765 764/764 725/725
f 726/726 765/765 725/725
f 769/769 805/805 768/768
f 806/806 805/805 769/769
f 805/805 767/767 768/768
f 767/767 805/805 804/804
f 805/805 838/838 804/804
f 805/805 839/839 838/838
f 805/805 840/840 839/839
f 840/840 805/805 806/806
f 874/874 840/840 841/841
f 840/840 874/874 873/873
f 841/841 840/840 807/807
f 840/840 806/806 807/807
f 840/840 873/873 872/872
f 839/839 840/840 872/872
f 556/556 600/600 555/555
f 600/600 556/556 601/601
f 556/556 602/602 601/601
f 556/556 557/557 602/602
f 558/558 513/513 559/559
f 558/558 512/512 513/513
f 558/558 604/604 603/603
f 604/604 558/558 559/559
f 512/512 558/558 511/511
f 558/558 557/557 511/511
f 602/602 558/558 603/603
f 557/557 558/558 602/602
f 1607/1607 1641/1641 1640/1640
f 1606/1606 1607/1607 1640/1640
f 1642/1642 1607/1607 1608/1608
f 1607/1607 1642/1642 1641/1641
f 1573/1573 1607/1607 1606/1606
f 1574/1574 1607/1607 1573/1573
f 1608/1608 1607/1607 1575/1575
f 1607/1607 1574/1574 1575/1575
f 1480/1480 1447/1447 1448/1448
f 1481/1481 1480/1480 1448/1448
f 1447/1447 1480/1480 1446/1446
f 1480/1480 1479/1479 1446/1446
f 1480/1480 1481/1481 1514/1514
f 1513/1513 1480/1480 1514/1514
f 1480/1480 1512/1512 1479/1479
f 1480/1480 1513/1513 1512/1512
f 1476/1476 1509/1509 1508/1508
f 1475/1475 1476/1476 1508/1508
f 1510/1510 1476/1476 1477/1477
f 1476/1476 1510/1510 1509/1509
f 1442/1442 1476/1476 1475/1475
f 1443/1443 1476/1476 1442/1442
f 1476/1476 1444/1444 1477/1477
f 1476/1476 1443/1443 1444/1444
f 1285/1285 1252/1252 1253/1253
f 1285/1285 1284/1284 1252/1252
f 1285/1285 1254/1254 1286/1286
f 1254/1254 1285/1285 1253/1253
f 1285/1285 1316/1316 1284/1284
f 1285/1285 1317/1317 1316/1316
f 1318/1318 1285/1285 1286/1286
f 1317/1317 1285/1285 1318/1318
f 767/767 766/766 728/728
f 766/766 727/727 728/728
f 803/803 766/766 804/804
f 766/766 767/767 804/804
f 766/766 726/726 727/727
f 766/766 765/765 726/726
f 766/766 803/803 802/802
f 765/765 766/766 802/802
f 510/510 464/464 465/465
f 511/511 510/510 465/465
f 464/464 510/510 463/463
f 510/510 509/509 463/463
f 557/557 510/510 511/511
f 556/556 510/510 557/557
f 509/509 510/510 555/555
f 510/510 556/556 555/555
f 1817/1817 2204/2204 1816/1816
f 1815/1815 1816/1816 2430/2430
f 1817/1817 1879/1879 1907/1907
f 1803/1803 2340/2340 2294/2294
f 2045/2045 2008/2008 2044/2044
f 1815/1815 2556/2556 2594/2594
f 1816/1816 2385/2385 2430/2430
f 1816/1816 2204/2204 2248/2248
f 1816/1816 2248/2248 2293/2293
f 2204/2204 2007/2007 2161/2161
f 1817/1817 2007/2007 2204/2204
f 2006/2006 2007/2007 1972/1972
f 1817/1817 1972/1972 2007/2007
f 2081/2081 2120/2120 2007/2007
f 2161/2161 2007/2007 2120/2120
f 2204/2204 2161/2161 2203/2203
f 1937/1937 1938/1938 1907/1907
f 1879/1879 1906/1906 1907/1907
f 1817/1817 1855/1855 1879/1879
f 1815/1815 2430/2430 2474/2474
f 1816/1816 2293/2293 2339/2339
f 1816/1816 2339/2339 2385/2385
f 2293/2293 2248/2248 2292/2292
f 2161/2161 2120/2120 2160/2160
f 1817/1817 1907/1907 1939/1939
f 1907/1907 1938/1938 1939/1939
f 1805/1805 1806/1806 3576/3576
f 1806/1806 3577/3577 3576/3576
f 1806/1806 3579/3579 3578/3578
f 1806/1806 3578/3578 3577/3577
f 3585/3585 3556/3556 1809/1809
f 1810/1810 3586/3586 3585/3585
f 1818/1818 1835/1835 1817/1817
f 1817/1817 1835/1835 1855/1855
f 2008/2008 1802/1802 2044/2044
f 1856/1856 1836/1836 1802/1802
f 1820/1820 1802/1802 1836/1836
f 1815/1815 2516/2516 2556/2556
f 1815/1815 2474/2474 2516/2516
f 2081/2081 2043/2043 2080/2080
f 2081/2081 2007/2007 2043/2043
f 2594/2594 2556/2556 2555/2555
f 1817/1817 1971/1971 1972/1972
f 1817/1817 1939/1939 1971/1971
f 1879/1879 1855/1855 1878/1878
f 2044/2044 2121/2121 2082/2082
f 3585/3585 3557/3557 3556/3556
f 1810/1810 3587/3587 3586/3586
f 3439/3439 3306/3306 3339/3339
f 3439/3439 3339/3339 3372/3372
f 1855/1855 1835/1835 1854/1854
f 1820/1820 1836/1836 1822/1822
f 2081/2081 2119/2119 2120/2120
f 2662/2662 2629/2629 2628/2628
f 2662/2662 2726/2726 2758/2758
f 3585/3585 3558/3558 3557/3557
f 1809/1809 3556/3556 3555/3555
f 1813/1813 3439/3439 3473/3473
f 1813/1813 3473/3473 3507/3507
f 1808/1808 3581/3581 3580/3580
f 1808/1808 1809/1809 3584/3584
f 3439/3439 3372/3372 3405/3405
f 3439/3439 3174/3174 3207/3207
f 3439/3439 3207/3207 3240/3240
f 3439/3439 3273/3273 3306/3306
f 3439/3439 3240/3240 3273/3273
f 1835/1835 1853/1853 1854/1854
f 1820/1820 1827/1827 1828/1828
f 1818/1818 1829/1829 1830/1830
f 1818/1818 1833/1833 1834/1834
f 1818/1818 1834/1834 1835/1835
f 1818/1818 1832/1832 1833/1833
f 2557/2557 2595/2595 2558/2558
f 1836/1836 1837/1837 1822/1822
f 1856/1856 1802/1802 1880/1880
f 1856/1856 1857/1857 1836/1836
f 1803/1803 2294/2294 2205/2205
f 1803/1803 2205/2205 1802/1802
f 2044/2044 1802/1802 2205/2205
f 2556/2556 2516/2516 2515/2515
f 2694/2694 2726/2726 1814/1814
f 2662/2662 2661/2661 1814/1814
f 2694/2694 1814/1814 2661/2661
f 1879/1879 1905/1905 1906/1906
f 1809/1809 3553/3553 3584/3584
f 3552/3552 3584/3584 3553/3553
f 1812/1812 1813/1813 3602/3602
f 3547/3547 1807/1807 3548/3548
f 3580/3580 3548/3548 1807/1807
f 1808/1808 3582/3582 3581/3581
f 1820/1820 1826/1826 1827/1827
f 1820/1820 1825/1825 1826/1826
f 1818/1818 1830/1830 1831/1831
f 1818/1818 1831/1831 1832/1832
f 1847/1847 1829/1829 1846/1846
f 1819/1819 1846/1846 1829/1829
f 1855/1855 1877/1877 1878/1878
f 1820/1820 1822/1822 1823/1823
f 1822/1822 1837/1837 1838/1838
f 1836/1836 1857/1857 1858/1858
f 2008/2008 2009/2009 1973/1973
f 2294/2294 2295/2295 2249/2249
f 2294/2294 2249/2249 2205/2205
f 2340/2340 2386/2386 2341/2341
f 1803/1803 2386/2386 2340/2340
f 1803/1803 2431/2431 2386/2386
f 2517/2517 2557/2557 2518/2518
f 2594/2594 2593/2593 2629/2629
f 2629/2629 2593/2593 2592/2592
f 1810/1810 3588/3588 3587/3587
f 1810/1810 3589/3589 3588/3588
f 3567/3567 3566/3566 3591/3591
f 3591/3591 3566/3566 1811/1811
f 3565/3565 1811/1811 3566/3566
f 1810/1810 3590/3590 3589/3589
f 1809/1809 3554/3554 3553/3553
f 1809/1809 3555/3555 3554/3554
f 1812/1812 3602/3602 3601/3601
f 1812/1812 3601/3601 3600/3600
f 1813/1813 3507/3507 3541/3541
f 1813/1813 3599/3599 3598/3598
f 1813/1813 3598/3598 3602/3602
f 1808/1808 3583/3583 3582/3582
f 1808/1808 3584/3584 3583/3583
f 3579/3579 1807/1807 3546/3546
f 3547/3547 3546/3546 1807/1807
f 2595/2595 1804/1804 2596/2596
f 2630/2630 2596/2596 1804/1804
f 1856/1856 1881/1881 1882/1882
f 1856/1856 1880/1880 1881/1881
f 1820/1820 1824/1824 1825/1825
f 1820/1820 1823/1823 1824/1824
f 2008/2008 1908/1908 1802/1802
f 2008/2008 1973/1973 1908/1908
f 1802/1802 1909/1909 1880/1880
f 1802/1802 1908/1908 1909/1909
f 2044/2044 2162/2162 2121/2121
f 2044/2044 2205/2205 2162/2162
f 2517/2517 2476/2476 2475/2475
f 2433/2433 2432/2432 2475/2475
f 2517/2517 2475/2475 2431/2431
f 2431/2431 2475/2475 2432/2432
f 2630/2630 1804/1804 2663/2663
f 2595/2595 2695/2695 2663/2663
f 3576/3576 3543/3543 3542/3542
f 1805/1805 3576/3576 3542/3542
f 1805/1805 3406/3406 3373/3373
f 1805/1805 3440/3440 3406/3406
f 3600/3600 3593/3593 3592/3592
f 3591/3591 3600/3600 3592/3592
f 3600/3600 3594/3594 3593/3593
f 1813/1813 3575/3575 3599/3599
f 1813/1813 3541/3541 3575/3575
f 1819/1819 1845/1845 1846/1846
f 1828/1828 1844/1844 1845/1845
f 1819/1819 1828/1828 1845/1845
f 1973/1973 1940/1940 1908/1908
f 1973/1973 1974/1974 1940/1940
f 1880/1880 1909/1909 1910/1910
f 2121/2121 2122/2122 2082/2082
f 2121/2121 2162/2162 2163/2163
f 2205/2205 2206/2206 2162/2162
f 3590/3590 3564/3564 3563/3563
f 1811/1811 3564/3564 3590/3590
f 3565/3565 3564/3564 1811/1811
f 3600/3600 3596/3596 3595/3595
f 3600/3600 3595/3595 3594/3594
f 3175/3175 3176/3176 3143/3143
f 3439/3439 3405/3405 3438/3438
f 1805/1805 3474/3474 3440/3440
f 3175/3175 3111/3111 3079/3079
f 3175/3175 3143/3143 3111/3111
f 2431/2431 2387/2387 2386/2386
f 1805/1805 3508/3508 3474/3474
f 1805/1805 3542/3542 3508/3508
f 1805/1805 3373/3373 3340/3340
f 1805/1805 3340/3340 3307/3307
f 2951/2951 3175/3175 2983/2983
f 3175/3175 3015/3015 2983/2983
f 3175/3175 3079/3079 3047/3047
f 3175/3175 3047/3047 3015/3015
f 2247/2247 2248/2248 2203/2203
f 2204/2204 2203/2203 2248/2248
f 2293/2293 2292/2292 2339/2339
f 2338/2338 2339/2339 2292/2292
f 2161/2161 2160/2160 2203/2203
f 2202/2202 2203/2203 2160/2160
f 2006/2006 2042/2042 2043/2043
f 2006/2006 2043/2043 2007/2007
f 2006/2006 1971/1971 2005/2005
f 2006/2006 1972/1972 1971/1971
f 1938/1938 1971/1971 1939/1939
f 1970/1970 1971/1971 1938/1938
f 1937/1937 1907/1907 1936/1936
f 1907/1907 1906/1906 1936/1936
f 2895/2895 2894/2894 2927/2927
f 2926/2926 2927/2927 2894/2894
f 2895/2895 2863/2863 2894/2894
f 2862/2862 2894/2894 2863/2863
f 2864/2864 2863/2863 2896/2896
f 2895/2895 2896/2896 2863/2863
f 2045/2045 2082/2082 2083/2083
f 2045/2045 2044/2044 2082/2082
f 2981/2981 2950/2950 2949/2949
f 2981/2981 2982/2982 2950/2950
f 3372/3372 3339/3339 3371/3371
f 3338/3338 3371/3371 3339/3339
f 2042/2042 2079/2079 2043/2043
f 2080/2080 2043/2043 2079/2079
f 2247/2247 2291/2291 2248/2248
f 2248/2248 2291/2291 2292/2292
f 2338/2338 2292/2292 2291/2291
f 2338/2338 2291/2291 2337/2337
f 2691/2691 2690/2690 2723/2723
f 2722/2722 2723/2723 2690/2690
f 2722/2722 2690/2690 2721/2721
f 2689/2689 2721/2721 2690/2690
f 2621/2621 2655/2655 2656/2656
f 2621/2621 2656/2656 2622/2622
f 2588/2588 2589/2589 2549/2549
f 2550/2550 2549/2549 2589/2589
f 2042/2042 2041/2041 2079/2079
f 2078/2078 2079/2079 2041/2041
f 2006/2006 2041/2041 2042/2042
f 2006/2006 2005/2005 2041/2041
f 2078/2078 2116/2116 2079/2079
f 2117/2117 2079/2079 2116/2116
f 2957/2957 2958/2958 2925/2925
f 2926/2926 2925/2925 2958/2958
f 2858/2858 2890/2890 2891/2891
f 2858/2858 2891/2891 2859/2859
f 2923/2923 2891/2891 2922/2922
f 2890/2890 2922/2922 2891/2891
f 2859/2859 2891/2891 2860/2860
f 2892/2892 2860/2860 2891/2891
f 2898/2898 2930/2930 2899/2899
f 2931/2931 2899/2899 2930/2930
f 2866/2866 2898/2898 2867/2867
f 2898/2898 2899/2899 2867/2867
f 2797/2797 2765/2765 2796/2796
f 2764/2764 2796/2796 2765/2765
f 2797/2797 2798/2798 2765/2765
f 2766/2766 2765/2765 2798/2798
f 2898/2898 2897/2897 2930/2930
f 2929/2929 2930/2930 2897/2897
f 2895/2895 2927/2927 2928/2928
f 2895/2895 2928/2928 2896/2896
f 2929/2929 2897/2897 2928/2928
f 2896/2896 2928/2928 2897/2897
f 3559/3559 3558/3558 3586/3586
f 3585/3585 3586/3586 3558/3558
f 3559/3559 3525/3525 3558/3558
f 3524/3524 3558/3558 3525/3525
f 3188/3188 3155/3155 3187/3187
f 3154/3154 3187/3187 3155/3155
f 2931/2931 2930/2930 2963/2963
f 2930/2930 2962/2962 2963/2963
f 2929/2929 2928/2928 2961/2961
f 2960/2960 2961/2961 2928/2928
f 2929/2929 2961/2961 2930/2930
f 2930/2930 2961/2961 2962/2962
f 2561/2561 2523/2523 2522/2522
f 2561/2561 2562/2562 2523/2523
f 2981/2981 3013/3013 2982/2982
f 2982/2982 3013/3013 3014/3014
f 3014/3014 3013/3013 3045/3045
f 3046/3046 3014/3014 3045/3045
f 3239/3239 3272/3272 3273/3273
f 3239/3239 3273/3273 3240/3240
f 1871/1871 1849/1849 1848/1848
f 1870/1870 1871/1871 1848/1848
f 1847/1847 1848/1848 1829/1829
f 1830/1830 1829/1829 1848/1848
f 1870/1870 1848/1848 1869/1869
f 1869/1869 1848/1848 1847/1847
f 1833/1833 1832/1832 1851/1851
f 1850/1850 1851/1851 1832/1832
f 1871/1871 1872/1872 1849/1849
f 1850/1850 1849/1849 1872/1872
f 1850/1850 1872/1872 1851/1851
f 1873/1873 1851/1851 1872/1872
f 1870/1870 1897/1897 1871/1871
f 1870/1870 1896/1896 1897/1897
f 1904/1904 1903/1903 1934/1934
f 1933/1933 1934/1934 1903/1903
f 2352/2352 2353/2353 2306/2306
f 2307/2307 2306/2306 2353/2353
f 2352/2352 2306/2306 2351/2351
f 2305/2305 2351/2351 2306/2306
f 1883/1883 1857/1857 1882/1882
f 1856/1856 1882/1882 1857/1857
f 2045/2045 2083/2083 2084/2084
f 2045/2045 2084/2084 2046/2046
f 2257/2257 2303/2303 2258/2258
f 2304/2304 2258/2258 2303/2303
f 2304/2304 2259/2259 2258/2258
f 2305/2305 2259/2259 2304/2304
f 2294/2294 2341/2341 2295/2295
f 2294/2294 2340/2340 2341/2341
f 2561/2561 2522/2522 2521/2521
f 2561/2561 2521/2521 2560/2560
f 2080/2080 2079/2079 2118/2118
f 2117/2117 2118/2118 2079/2079
f 2081/2081 2080/2080 2118/2118
f 2081/2081 2118/2118 2119/2119
f 2378/2378 2424/2424 2379/2379
f 2423/2423 2424/2424 2378/2378
f 2198/2198 2242/2242 2199/2199
f 2243/2243 2199/2199 2242/2242
f 2247/2247 2203/2203 2246/2246
f 2202/2202 2246/2246 2203/2203
f 2334/2334 2380/2380 2335/2335
f 2381/2381 2335/2335 2380/2380
f 2381/2381 2380/2380 2426/2426
f 2425/2425 2426/2426 2380/2380
f 2379/2379 2424/2424 2380/2380
f 2425/2425 2380/2380 2424/2424
f 2333/2333 2380/2380 2334/2334
f 2333/2333 2379/2379 2380/2380
f 2244/2244 2288/2288 2245/2245
f 2289/2289 2245/2245 2288/2288
f 2334/2334 2335/2335 2288/2288
f 2289/2289 2288/2288 2335/2335
f 2338/2338 2384/2384 2339/2339
f 2385/2385 2339/2339 2384/2384
f 2430/2430 2385/2385 2384/2384
f 2430/2430 2384/2384 2429/2429
f 2790/2790 2757/2757 2789/2789
f 2790/2790 2758/2758 2757/2757
f 2655/2655 2688/2688 2656/2656
f 2689/2689 2656/2656 2688/2688
f 2588/2588 2549/2549 2587/2587
f 2548/2548 2587/2587 2549/2549
f 2426/2426 2470/2470 2427/2427
f 2471/2471 2427/2427 2470/2470
f 2550/2550 2589/2589 2551/2551
f 2590/2590 2551/2551 2589/2589
f 2078/2078 2115/2115 2116/2116
f 2078/2078 2077/2077 2115/2115
f 2078/2078 2041/2041 2040/2040
f 2078/2078 2040/2040 2077/2077
f 1904/1904 1905/1905 1878/1878
f 1879/1879 1878/1878 1905/1905
f 2960/2960 2928/2928 2959/2959
f 2927/2927 2959/2959 2928/2928
f 2960/2960 2959/2959 2992/2992
f 2991/2991 2992/2992 2959/2959
f 2926/2926 2959/2959 2927/2927
f 2926/2926 2958/2958 2959/2959
f 2862/2862 2893/2893 2894/2894
f 2861/2861 2893/2893 2862/2862
f 2892/2892 2893/2893 2860/2860
f 2861/2861 2860/2860 2893/2893
f 2926/2926 2894/2894 2893/2893
f 2926/2926 2893/2893 2925/2925
f 2892/2892 2891/2891 2924/2924
f 2923/2923 2924/2924 2891/2891
f 2925/2925 2893/2893 2924/2924
f 2892/2892 2924/2924 2893/2893
f 2957/2957 2925/2925 2924/2924
f 2957/2957 2924/2924 2956/2956
f 2868/2868 2836/2836 2835/2835
f 2868/2868 2835/2835 2867/2867
f 2887/2887 2919/2919 2888/2888
f 2920/2920 2888/2888 2919/2919
f 2764/2764 2765/2765 2733/2733
f 2732/2732 2764/2764 2733/2733
f 2861/2861 2862/2862 2830/2830
f 2861/2861 2830/2830 2829/2829
f 2862/2862 2863/2863 2830/2830
f 2831/2831 2830/2830 2863/2863
f 2797/2797 2830/2830 2798/2798
f 2797/2797 2829/2829 2830/2830
f 2831/2831 2799/2799 2830/2830
f 2798/2798 2830/2830 2799/2799
f 2797/2797 2796/2796 2828/2828
f 2797/2797 2828/2828 2829/2829
f 2861/2861 2828/2828 2860/2860
f 2861/2861 2829/2829 2828/2828
f 3521/3521 3555/3555 3522/3522
f 3556/3556 3522/3522 3555/3555
f 3519/3519 3518/3518 3553/3553
f 3552/3552 3553/3553 3518/3518
f 3519/3519 3485/3485 3518/3518
f 3484/3484 3518/3518 3485/3485
f 3262/3262 3295/3295 3263/3263
f 3296/3296 3263/3263 3295/3295
f 3264/3264 3231/3231 3263/3263
f 3230/3230 3263/3263 3231/3231
f 3390/3390 3389/3389 3423/3423
f 3422/3422 3423/3423 3389/3389
f 3296/3296 3297/3297 3263/3263
f 3264/3264 3263/3263 3297/3297
f 3268/3268 3267/3267 3301/3301
f 3300/3300 3301/3301 3267/3267
f 2998/2998 3031/3031 2999/2999
f 3030/3030 3031/3031 2998/2998
f 3415/3415 3449/3449 3416/3416
f 3450/3450 3416/3416 3449/3449
f 3154/3154 3155/3155 3123/3123
f 3154/3154 3123/3123 3122/3122
f 2991/2991 3023/3023 2992/2992
f 3024/3024 2992/2992 3023/3023
f 3024/3024 2993/2993 2992/2992
f 3024/3024 3025/3025 2993/2993
f 2994/2994 2993/2993 3026/3026
f 3025/3025 3026/3026 2993/2993
f 2960/2960 2992/2992 2993/2993
f 2960/2960 2993/2993 2961/2961
f 2962/2962 2961/2961 2993/2993
f 2994/2994 2962/2962 2993/2993
f 2998/2998 2999/2999 2967/2967
f 2998/2998 2967/2967 2966/2966
f 2685/2685 2686/2686 2653/2653
f 2685/2685 2653/2653 2652/2652
f 2864/2864 2896/2896 2865/2865
f 2896/2896 2897/2897 2865/2865
f 2866/2866 2865/2865 2898/2898
f 2898/2898 2865/2865 2897/2897
f 2864/2864 2865/2865 2832/2832
f 2833/2833 2832/2832 2865/2865
f 2864/2864 2832/2832 2863/2863
f 2831/2831 2863/2863 2832/2832
f 2831/2831 2832/2832 2799/2799
f 2800/2800 2799/2799 2832/2832
f 2677/2677 2678/2678 2644/2644
f 2645/2645 2644/2644 2678/2678
f 3230/3230 3231/3231 3197/3197
f 3198/3198 3197/3197 3231/3231
f 3169/3169 3136/3136 3168/3168
f 3169/3169 3137/3137 3136/3136
f 3171/3171 3172/3172 3139/3139
f 3139/3139 3172/3172 3140/3140
f 1841/1841 1842/1842 1826/1826
f 1841/1841 1826/1826 1825/1825
f 1830/1830 1848/1848 1831/1831
f 1849/1849 1831/1831 1848/1848
f 1850/1850 1832/1832 1831/1831
f 1850/1850 1831/1831 1849/1849
f 2028/2028 2065/2065 2029/2029
f 2066/2066 2029/2029 2065/2065
f 1871/1871 1898/1898 1872/1872
f 1871/1871 1897/1897 1898/1898
f 1962/1962 1961/1961 1995/1995
f 1962/1962 1995/1995 1996/1996
f 1961/1961 1960/1960 1995/1995
f 1994/1994 1995/1995 1960/1960
f 2064/2064 2063/2063 2102/2102
f 2101/2101 2102/2102 2063/2063
f 1891/1891 1892/1892 1865/1865
f 1865/1865 1892/1892 1866/1866
f 1869/1869 1847/1847 1846/1846
f 1869/1869 1846/1846 1868/1868
f 1833/1833 1851/1851 1852/1852
f 1833/1833 1852/1852 1834/1834
f 1835/1835 1852/1852 1853/1853
f 1835/1835 1834/1834 1852/1852
f 1873/1873 1852/1852 1851/1851
f 1873/1873 1874/1874 1852/1852
f 1875/1875 1853/1853 1852/1852
f 1875/1875 1852/1852 1874/1874
f 1904/1904 1877/1877 1903/1903
f 1904/1904 1878/1878 1877/1877
f 1996/1996 1997/1997 1963/1963
f 1962/1962 1996/1996 1963/1963
f 1996/1996 1995/1995 2032/2032
f 2031/2031 2032/2032 1995/1995
f 2558/2558 2595/2595 2596/2596
f 2559/2559 2558/2558 2596/2596
f 2305/2305 2350/2350 2351/2351
f 2305/2305 2304/2304 2350/2350
f 2352/2352 2351/2351 2396/2396
f 2397/2397 2352/2352 2396/2396
f 2351/2351 2350/2350 2396/2396
f 2395/2395 2396/2396 2350/2350
f 2522/2522 2523/2523 2482/2482
f 2481/2481 2522/2522 2482/2482
f 1839/1839 1823/1823 1838/1838
f 1822/1822 1838/1838 1823/1823
f 1862/1862 1863/1863 1840/1840
f 1841/1841 1840/1840 1863/1863
f 1947/1947 1948/1948 1915/1915
f 1916/1916 1915/1915 1948/1948
f 1839/1839 1838/1838 1861/1861
f 1860/1860 1861/1861 1838/1838
f 1862/1862 1840/1840 1861/1861
f 1839/1839 1861/1861 1840/1840
f 1862/1862 1861/1861 1888/1888
f 1887/1887 1888/1888 1861/1861
f 1916/1916 1948/1948 1917/1917
f 1949/1949 1917/1917 1948/1948
f 1887/1887 1917/1917 1888/1888
f 1918/1918 1888/1888 1917/1917
f 1916/1916 1886/1886 1915/1915
f 1885/1885 1915/1915 1886/1886
f 1887/1887 1886/1886 1917/1917
f 1916/1916 1917/1917 1886/1886
f 1887/1887 1861/1861 1886/1886
f 1860/1860 1886/1886 1861/1861
f 2137/2137 2098/2098 2097/2097
f 2137/2137 2138/2138 2098/2098
f 1942/1942 1941/1941 1976/1976
f 1975/1975 1976/1976 1941/1941
f 2045/2045 2046/2046 2009/2009
f 2045/2045 2009/2009 2008/2008
f 2478/2478 2436/2436 2477/2477
f 2435/2435 2477/2477 2436/2436
f 2392/2392 2436/2436 2393/2393
f 2437/2437 2393/2393 2436/2436
f 1947/1947 1981/1981 1948/1948
f 1982/1982 1948/1948 1981/1981
f 1947/1947 1915/1915 1946/1946
f 1914/1914 1946/1946 1915/1915
f 1883/1883 1882/1882 1913/1913
f 1912/1912 1913/1913 1882/1882
f 1914/1914 1913/1913 1946/1946
f 1945/1945 1946/1946 1913/1913
f 2557/2557 2558/2558 2518/2518
f 2519/2519 2518/2518 2558/2558
f 2478/2478 2477/2477 2518/2518
f 2519/2519 2478/2478 2518/2518
f 2517/2517 2518/2518 2476/2476
f 2477/2477 2476/2476 2518/2518
f 2478/2478 2479/2479 2436/2436
f 2437/2437 2436/2436 2479/2479
f 2435/2435 2434/2434 2477/2477
f 2477/2477 2434/2434 2476/2476
f 2243/2243 2200/2200 2199/2199
f 2243/2243 2244/2244 2200/2200
f 2244/2244 2287/2287 2288/2288
f 2243/2243 2287/2287 2244/2244
f 2333/2333 2334/2334 2287/2287
f 2334/2334 2288/2288 2287/2287
f 2289/2289 2335/2335 2290/2290
f 2336/2336 2290/2290 2335/2335
f 2337/2337 2291/2291 2290/2290
f 2337/2337 2290/2290 2336/2336
f 2247/2247 2290/2290 2291/2291
f 2247/2247 2246/2246 2290/2290
f 2289/2289 2290/2290 2245/2245
f 2245/2245 2290/2290 2246/2246
f 2381/2381 2382/2382 2335/2335
f 2336/2336 2335/2335 2382/2382
f 2381/2381 2426/2426 2382/2382
f 2426/2426 2427/2427 2382/2382
f 2556/2556 2514/2514 2555/2555
f 2556/2556 2515/2515 2514/2514
f 2430/2430 2429/2429 2473/2473
f 2430/2430 2473/2473 2474/2474
f 2474/2474 2473/2473 2516/2516
f 2516/2516 2473/2473 2515/2515
f 2790/2790 2789/2789 2822/2822
f 2789/2789 2821/2821 2822/2822
f 2853/2853 2854/2854 2822/2822
f 2853/2853 2822/2822 2821/2821
f 2722/2722 2754/2754 2723/2723
f 2723/2723 2754/2754 2755/2755
f 2944/2944 2912/2912 2943/2943
f 2911/2911 2943/2943 2912/2912
f 2976/2976 2943/2943 2975/2975
f 2976/2976 2944/2944 2943/2943
f 2548/2548 2586/2586 2587/2587
f 2548/2548 2547/2547 2586/2586
f 2423/2423 2422/2422 2466/2466
f 2423/2423 2466/2466 2467/2467
f 2461/2461 2462/2462 2417/2417
f 2418/2418 2417/2417 2462/2462
f 2373/2373 2417/2417 2418/2418
f 2373/2373 2372/2372 2417/2417
f 2371/2371 2417/2417 2372/2372
f 2371/2371 2416/2416 2417/2417
f 2423/2423 2378/2378 2377/2377
f 2423/2423 2377/2377 2422/2422
f 2421/2421 2377/2377 2376/2376
f 2421/2421 2422/2422 2377/2377
f 2418/2418 2462/2462 2419/2419
f 2463/2463 2419/2419 2462/2462
f 2588/2588 2626/2626 2589/2589
f 2625/2625 2626/2626 2588/2588
f 2425/2425 2469/2469 2426/2426
f 2426/2426 2469/2469 2470/2470
f 2511/2511 2510/2510 2552/2552
f 2551/2551 2552/2552 2510/2510
f 2034/2034 2072/2072 2035/2035
f 2071/2071 2072/2072 2034/2034
f 2198/2198 2199/2199 2156/2156
f 2157/2157 2156/2156 2199/2199
f 2117/2117 2116/2116 2156/2156
f 2157/2157 2117/2117 2156/2156
f 2076/2076 2039/2039 2075/2075
f 2038/2038 2075/2075 2039/2039
f 2077/2077 2040/2040 2039/2039
f 2077/2077 2039/2039 2076/2076
f 1966/1966 1935/1935 1934/1934
f 1966/1966 1967/1967 1935/1935
f 1967/1967 1968/1968 1935/1935
f 1936/1936 1935/1935 1968/1968
f 1904/1904 1934/1934 1935/1935
f 1904/1904 1935/1935 1905/1905
f 1906/1906 1935/1935 1936/1936
f 1906/1906 1905/1905 1935/1935
f 2899/2899 2900/2900 2867/2867
f 2868/2868 2867/2867 2900/2900
f 2998/2998 2966/2966 2965/2965
f 2998/2998 2965/2965 2997/2997
f 2866/2866 2834/2834 2865/2865
f 2833/2833 2865/2865 2834/2834
f 2866/2866 2867/2867 2834/2834
f 2867/2867 2835/2835 2834/2834
f 2836/2836 2804/2804 2835/2835
f 2803/2803 2835/2835 2804/2804
f 2731/2731 2700/2700 2699/2699
f 2732/2732 2700/2700 2731/2731
f 2731/2731 2699/2699 2698/2698
f 2730/2730 2731/2731 2698/2698
f 2699/2699 2667/2667 2698/2698
f 2666/2666 2698/2698 2667/2667
f 2634/2634 2633/2633 2667/2667
f 2666/2666 2667/2667 2633/2633
f 2668/2668 2635/2635 2667/2667
f 2634/2634 2667/2667 2635/2635
f 2699/2699 2700/2700 2667/2667
f 2668/2668 2667/2667 2700/2700
f 2730/2730 2729/2729 2762/2762
f 2761/2761 2762/2762 2729/2729
f 2730/2730 2698/2698 2729/2729
f 2697/2697 2729/2729 2698/2698
f 2890/2890 2889/2889 2922/2922
f 2921/2921 2922/2922 2889/2889
f 2920/2920 2889/2889 2888/2888
f 2921/2921 2889/2889 2920/2920
f 2760/2760 2791/2791 2792/2792
f 2760/2760 2759/2759 2791/2791
f 2761/2761 2793/2793 2762/2762
f 2794/2794 2762/2762 2793/2793
f 2760/2760 2792/2792 2793/2793
f 2761/2761 2760/2760 2793/2793
f 2764/2764 2763/2763 2796/2796
f 2796/2796 2763/2763 2795/2795
f 2732/2732 2763/2763 2764/2764
f 2732/2732 2731/2731 2763/2763
f 2794/2794 2763/2763 2762/2762
f 2794/2794 2795/2795 2763/2763
f 2730/2730 2762/2762 2763/2763
f 2730/2730 2763/2763 2731/2731
f 2794/2794 2827/2827 2795/2795
f 2794/2794 2826/2826 2827/2827
f 2858/2858 2859/2859 2827/2827
f 2858/2858 2827/2827 2826/2826
f 2796/2796 2795/2795 2827/2827
f 2796/2796 2827/2827 2828/2828
f 2859/2859 2860/2860 2827/2827
f 2860/2860 2828/2828 2827/2827
f 3577/3577 3544/3544 3543/3543
f 3577/3577 3543/3543 3576/3576
f 3496/3496 3497/3497 3462/3462
f 3463/3463 3462/3462 3497/3497
f 3524/3524 3523/3523 3558/3558
f 3557/3557 3558/3558 3523/3523
f 3556/3556 3523/3523 3522/3522
f 3556/3556 3557/3557 3523/3523
f 3385/3385 3384/3384 3418/3418
f 3417/3417 3418/3418 3384/3384
f 3519/3519 3553/3553 3554/3554
f 3519/3519 3554/3554 3520/3520
f 3521/3521 3554/3554 3555/3555
f 3521/3521 3520/3520 3554/3554
f 3452/3452 3453/3453 3418/3418
f 3419/3419 3418/3418 3453/3453
f 3522/3522 3523/3523 3488/3488
f 3489/3489 3488/3488 3523/3523
f 3487/3487 3488/3488 3453/3453
f 3454/3454 3453/3453 3488/3488
f 3489/3489 3455/3455 3488/3488
f 3454/3454 3488/3488 3455/3455
f 3521/3521 3522/3522 3488/3488
f 3521/3521 3488/3488 3487/3487
f 3452/3452 3418/3418 3451/3451
f 3417/3417 3451/3451 3418/3418
f 3450/3450 3451/3451 3416/3416
f 3417/3417 3416/3416 3451/3451
f 3484/3484 3485/3485 3451/3451
f 3484/3484 3451/3451 3450/3450
f 3487/3487 3453/3453 3486/3486
f 3452/3452 3486/3486 3453/3453
f 3485/3485 3486/3486 3451/3451
f 3452/3452 3451/3451 3486/3486
f 3521/3521 3487/3487 3486/3486
f 3521/3521 3486/3486 3520/3520
f 3519/3519 3486/3486 3485/3485
f 3519/3519 3520/3520 3486/3486
f 3262/3262 3263/3263 3229/3229
f 3230/3230 3229/3229 3263/3263
f 3325/3325 3358/3358 3326/3326
f 3359/3359 3326/3326 3358/3358
f 3428/3428 3427/3427 3461/3461
f 3428/3428 3461/3461 3462/3462
f 3460/3460 3461/3461 3426/3426
f 3427/3427 3426/3426 3461/3461
f 3359/3359 3392/3392 3360/3360
f 3393/3393 3360/3360 3392/3392
f 3359/3359 3360/3360 3326/3326
f 3327/3327 3326/3326 3360/3360
f 3295/3295 3294/3294 3328/3328
f 3327/3327 3328/3328 3294/3294
f 3327/3327 3360/3360 3328/3328
f 3361/3361 3328/3328 3360/3360
f 3427/3427 3394/3394 3426/3426
f 3393/3393 3426/3426 3394/3394
f 3393/3393 3394/3394 3360/3360
f 3361/3361 3360/3360 3394/3394
f 3463/3463 3429/3429 3462/3462
f 3428/3428 3462/3462 3429/3429
f 3296/3296 3295/3295 3329/3329
f 3295/3295 3328/3328 3329/3329
f 3361/3361 3329/3329 3328/3328
f 3362/3362 3329/3329 3361/3361
f 3133/3133 3132/3132 3165/3165
f 3164/3164 3165/3165 3132/3132
f 3198/3198 3165/3165 3197/3197
f 3164/3164 3197/3197 3165/3165
f 3171/3171 3139/3139 3170/3170
f 3139/3139 3138/3138 3170/3170
f 3169/3169 3170/3170 3137/3137
f 3137/3137 3170/3170 3138/3138
f 3597/3597 3596/3596 3601/3601
f 3600/3600 3601/3601 3596/3596
f 3597/3597 3601/3601 3598/3598
f 3602/3602 3598/3598 3601/3601
f 3567/3567 3568/3568 3534/3534
f 3567/3567 3534/3534 3533/3533
f 3300/3300 3334/3334 3301/3301
f 3300/3300 3333/3333 3334/3334
f 3030/3030 2998/2998 3029/3029
f 2998/2998 2997/2997 3029/3029
f 3067/3067 3066/3066 3098/3098
f 3067/3067 3098/3098 3099/3099
f 2970/2970 2969/2969 3002/3002
f 3001/3001 3002/3002 2969/2969
f 3095/3095 3096/3096 3064/3064
f 3063/3063 3095/3095 3064/3064
f 3547/3547 3514/3514 3513/3513
f 3547/3547 3548/3548 3514/3514
f 3552/3552 3551/3551 3583/3583
f 3552/3552 3583/3583 3584/3584
f 3417/3417 3384/3384 3383/3383
f 3417/3417 3383/3383 3416/3416
f 3154/3154 3122/3122 3121/3121
f 3154/3154 3121/3121 3153/3153
f 3095/3095 3094/3094 3126/3126
f 3127/3127 3095/3095 3126/3126
f 3122/3122 3090/3090 3121/3121
f 3089/3089 3121/3121 3090/3090
f 3024/3024 3056/3056 3025/3025
f 3057/3057 3025/3025 3056/3056
f 2655/2655 2654/2654 2688/2688
f 2687/2687 2688/2688 2654/2654
f 2687/2687 2654/2654 2686/2686
f 2686/2686 2654/2654 2653/2653
f 2461/2461 2417/2417 2460/2460
f 2416/2416 2460/2460 2417/2417
f 2523/2523 2524/2524 2482/2482
f 2483/2483 2482/2482 2524/2524
f 2562/2562 2524/2524 2523/2523
f 2562/2562 2563/2563 2524/2524
f 2634/2634 2635/2635 2600/2600
f 2601/2601 2600/2600 2635/2635
f 2645/2645 2678/2678 2679/2679
f 2645/2645 2679/2679 2646/2646
f 2678/2678 2710/2710 2679/2679
f 2711/2711 2679/2679 2710/2710
f 2711/2711 2710/2710 2743/2743
f 2742/2742 2743/2743 2710/2710
f 3099/3099 3098/3098 3131/3131
f 3130/3130 3131/3131 3098/3098
f 3164/3164 3132/3132 3131/3131
f 3164/3164 3131/3131 3163/3163
f 2851/2851 2883/2883 2884/2884
f 2851/2851 2884/2884 2852/2852
f 2853/2853 2821/2821 2820/2820
f 2853/2853 2820/2820 2852/2852
f 2981/2981 2949/2949 2980/2980
f 2949/2949 2948/2948 2980/2980
f 2981/2981 3012/3012 3013/3013
f 2981/2981 2980/2980 3012/3012
f 2976/2976 2975/2975 3008/3008
f 2975/2975 3007/3007 3008/3008
f 3099/3099 3131/3131 3100/3100
f 3132/3132 3100/3100 3131/3131
f 3067/3067 3100/3100 3068/3068
f 3067/3067 3099/3099 3100/3100
f 2971/2971 2972/2972 2939/2939
f 2940/2940 2939/2939 2972/2972
f 3272/3272 3305/3305 3273/3273
f 3306/3306 3273/3273 3305/3305
f 3338/3338 3339/3339 3305/3305
f 3306/3306 3305/3305 3339/3339
f 3337/3337 3338/3338 3305/3305
f 3337/3337 3305/3305 3304/3304
f 3301/3301 3334/3334 3302/3302
f 3335/3335 3302/3302 3334/3334
f 3372/3372 3371/3371 3404/3404
f 3372/3372 3404/3404 3405/3405
f 3141/3141 3173/3173 3142/3142
f 3174/3174 3142/3142 3173/3173
f 3140/3140 3173/3173 3141/3141
f 3140/3140 3172/3172 3173/3173
f 1994/1994 2030/2030 1995/1995
f 2031/2031 1995/1995 2030/2030
f 1994/1994 1960/1960 1993/1993
f 1959/1959 1993/1993 1960/1960
f 1959/1959 1958/1958 1993/1993
f 1992/1992 1993/1993 1958/1958
f 1994/1994 1993/1993 2030/2030
f 2029/2029 2030/2030 1993/1993
f 1992/1992 2028/2028 1993/1993
f 2028/2028 2029/2029 1993/1993
f 1961/1961 1929/1929 1960/1960
f 1928/1928 1960/1960 1929/1929
f 2061/2061 2062/2062 2024/2024
f 2024/2024 2062/2062 2025/2025
f 1893/1893 1892/1892 1922/1922
f 1893/1893 1922/1922 1923/1923
f 1842/1842 1843/1843 1826/1826
f 1827/1827 1826/1826 1843/1843
f 1865/1865 1866/1866 1843/1843
f 1866/1866 1844/1844 1843/1843
f 1827/1827 1843/1843 1828/1828
f 1828/1828 1843/1843 1844/1844
f 1866/1866 1892/1892 1867/1867
f 1893/1893 1867/1867 1892/1892
f 1893/1893 1894/1894 1867/1867
f 1868/1868 1867/1867 1894/1894
f 1875/1875 1876/1876 1853/1853
f 1854/1854 1853/1853 1876/1876
f 1855/1855 1854/1854 1876/1876
f 1855/1855 1876/1876 1877/1877
f 2282/2282 2281/2281 2328/2328
f 2327/2327 2328/2328 2281/2281
f 2323/2323 2276/2276 2322/2322
f 2323/2323 2277/2277 2276/2276
f 2064/2064 2102/2102 2103/2103
f 2064/2064 2103/2103 2065/2065
f 2066/2066 2065/2065 2103/2103
f 2066/2066 2103/2103 2104/2104
f 2038/2038 2037/2037 2075/2075
f 2074/2074 2075/2075 2037/2037
f 2221/2221 2177/2177 2220/2220
f 2176/2176 2220/2220 2177/2177
f 2176/2176 2177/2177 2134/2134
f 2135/2135 2134/2134 2177/2177
f 2135/2135 2177/2177 2136/2136
f 2178/2178 2136/2136 2177/2177
f 2561/2561 2560/2560 2597/2597
f 2561/2561 2597/2597 2598/2598
f 2559/2559 2596/2596 2597/2597
f 2559/2559 2597/2597 2560/2560
f 2348/2348 2349/2349 2302/2302
f 2303/2303 2302/2302 2349/2349
f 2304/2304 2303/2303 2349/2349
f 2304/2304 2349/2349 2350/2350
f 2395/2395 2440/2440 2396/2396
f 2395/2395 2439/2439 2440/2440
f 2481/2481 2482/2482 2440/2440
f 2481/2481 2440/2440 2439/2439
f 1912/1912 1881/1881 1911/1911
f 1912/1912 1882/1882 1881/1881
f 1841/1841 1825/1825 1824/1824
f 1841/1841 1824/1824 1840/1840
f 1839/1839 1824/1824 1823/1823
f 1839/1839 1840/1840 1824/1824
f 1952/1952 1920/1920 1951/1951
f 1920/1920 1919/1919 1951/1951
f 1949/1949 1948/1948 1983/1983
f 1982/1982 1983/1983 1948/1948
f 1860/1860 1859/1859 1886/1886
f 1885/1885 1886/1886 1859/1859
f 1860/1860 1838/1838 1859/1859
f 1837/1837 1859/1859 1838/1838
f 1836/1836 1859/1859 1837/1837
f 1836/1836 1858/1858 1859/1859
f 1914/1914 1915/1915 1884/1884
f 1885/1885 1884/1884 1915/1915
f 1914/1914 1884/1884 1913/1913
f 1883/1883 1913/1913 1884/1884
f 1858/1858 1884/1884 1859/1859
f 1885/1885 1859/1859 1884/1884
f 1883/1883 1884/1884 1857/1857
f 1857/1857 1884/1884 1858/1858
f 2173/2173 2174/2174 2131/2131
f 2132/2132 2131/2131 2174/2174
f 2099/2099 2060/2060 2098/2098
f 2061/2061 2060/2060 2099/2099
f 2178/2178 2179/2179 2136/2136
f 2137/2137 2136/2136 2179/2179
f 2137/2137 2179/2179 2138/2138
f 2138/2138 2179/2179 2180/2180
f 2138/2138 2139/2139 2098/2098
f 2099/2099 2098/2098 2139/2139
f 1975/1975 2012/2012 1976/1976
f 1975/1975 2011/2011 2012/2012
f 2011/2011 2048/2048 2012/2012
f 2049/2049 2012/2012 2048/2048
f 2307/2307 2353/2353 2308/2308
f 2354/2354 2308/2308 2353/2353
f 2052/2052 2090/2090 2053/2053
f 2091/2091 2053/2053 2090/2090
f 2132/2132 2092/2092 2131/2131
f 2091/2091 2131/2131 2092/2092
f 2091/2091 2092/2092 2053/2053
f 2054/2054 2053/2053 2092/2092
f 2014/2014 2051/2051 2015/2015
f 2052/2052 2015/2015 2051/2051
f 1945/1945 1980/1980 1946/1946
f 1979/1979 1980/1980 1945/1945
f 1947/1947 1980/1980 1981/1981
f 1947/1947 1946/1946 1980/1980
f 2295/2295 2250/2250 2249/2249
f 2296/2296 2250/2250 2295/2295
f 2522/2522 2480/2480 2521/2521
f 2481/2481 2480/2480 2522/2522
f 2481/2481 2439/2439 2480/2480
f 2438/2438 2480/2480 2439/2439
f 2437/2437 2479/2479 2480/2480
f 2437/2437 2480/2480 2438/2438
f 2479/2479 2520/2520 2480/2480
f 2521/2521 2480/2480 2520/2520
f 2559/2559 2520/2520 2558/2558
f 2519/2519 2558/2558 2520/2520
f 2560/2560 2521/2521 2520/2520
f 2559/2559 2560/2560 2520/2520
f 2519/2519 2520/2520 2478/2478
f 2478/2478 2520/2520 2479/2479
f 2433/2433 2388/2388 2432/2432
f 2433/2433 2389/2389 2388/2388
f 2476/2476 2434/2434 2475/2475
f 2433/2433 2475/2475 2434/2434
f 2299/2299 2298/2298 2345/2345
f 2344/2344 2345/2345 2298/2298
f 2202/2202 2201/2201 2246/2246
f 2245/2245 2246/2246 2201/2201
f 2244/2244 2245/2245 2201/2201
f 2244/2244 2201/2201 2200/2200
f 2117/2117 2158/2158 2118/2118
f 2157/2157 2158/2158 2117/2117
f 2199/2199 2200/2200 2158/2158
f 2157/2157 2199/2199 2158/2158
f 2285/2285 2286/2286 2241/2241
f 2242/2242 2241/2241 2286/2286
f 2243/2243 2242/2242 2286/2286
f 2243/2243 2286/2286 2287/2287
f 2429/2429 2384/2384 2383/2383
f 2428/2428 2429/2429 2383/2383
f 2338/2338 2337/2337 2383/2383
f 2338/2338 2383/2383 2384/2384
f 2427/2427 2383/2383 2382/2382
f 2428/2428 2383/2383 2427/2427
f 2337/2337 2336/2336 2383/2383
f 2336/2336 2382/2382 2383/2383
f 2471/2471 2472/2472 2427/2427
f 2428/2428 2427/2427 2472/2472
f 2515/2515 2472/2472 2514/2514
f 2515/2515 2473/2473 2472/2472
f 2429/2429 2472/2472 2473/2473
f 2428/2428 2472/2472 2429/2429
f 2722/2722 2721/2721 2753/2753
f 2722/2722 2753/2753 2754/2754
f 2689/2689 2720/2720 2721/2721
f 2689/2689 2688/2688 2720/2720
f 2621/2621 2620/2620 2655/2655
f 2655/2655 2620/2620 2654/2654
f 2653/2653 2654/2654 2620/2620
f 2619/2619 2653/2653 2620/2620
f 2689/2689 2690/2690 2657/2657
f 2689/2689 2657/2657 2656/2656
f 2621/2621 2622/2622 2585/2585
f 2621/2621 2585/2585 2584/2584
f 2547/2547 2585/2585 2586/2586
f 2547/2547 2546/2546 2585/2585
f 2548/2548 2549/2549 2508/2508
f 2548/2548 2508/2508 2507/2507
f 2323/2323 2322/2322 2368/2368
f 2323/2323 2368/2368 2369/2369
f 2370/2370 2324/2324 2369/2369
f 2323/2323 2369/2369 2324/2324
f 2323/2323 2324/2324 2277/2277
f 2278/2278 2277/2277 2324/2324
f 2371/2371 2324/2324 2370/2370
f 2371/2371 2325/2325 2324/2324
f 2376/2376 2377/2377 2331/2331
f 2376/2376 2331/2331 2330/2330
f 2329/2329 2375/2375 2330/2330
f 2376/2376 2330/2330 2375/2375
f 2694/2694 2660/2660 2693/2693
f 2694/2694 2661/2661 2660/2660
f 2693/2693 2660/2660 2692/2692
f 2659/2659 2692/2692 2660/2660
f 2625/2625 2660/2660 2626/2626
f 2625/2625 2659/2659 2660/2660
f 2626/2626 2660/2660 2627/2627
f 2661/2661 2627/2627 2660/2660
f 2662/2662 2628/2628 2627/2627
f 2662/2662 2627/2627 2661/2661
f 2590/2590 2589/2589 2627/2627
f 2589/2589 2626/2626 2627/2627
f 2425/2425 2424/2424 2468/2468
f 2425/2425 2468/2468 2469/2469
f 2423/2423 2468/2468 2424/2424
f 2423/2423 2467/2467 2468/2468
f 2511/2511 2468/2468 2510/2510
f 2511/2511 2469/2469 2468/2468
f 2514/2514 2472/2472 2513/2513
f 2471/2471 2513/2513 2472/2472
f 2590/2590 2627/2627 2591/2591
f 2628/2628 2591/2591 2627/2627
f 2629/2629 2591/2591 2628/2628
f 2629/2629 2592/2592 2591/2591
f 2590/2590 2591/2591 2551/2551
f 2551/2551 2591/2591 2552/2552
f 2071/2071 2109/2109 2072/2072
f 2110/2110 2072/2072 2109/2109
f 2038/2038 2039/2039 2003/2003
f 2038/2038 2003/2003 2002/2002
f 2933/2933 2932/2932 2965/2965
f 2964/2964 2965/2965 2932/2932
f 2964/2964 2932/2932 2963/2963
f 2931/2931 2963/2963 2932/2932
f 2931/2931 2932/2932 2899/2899
f 2899/2899 2932/2932 2900/2900
f 2800/2800 2832/2832 2801/2801
f 2833/2833 2801/2801 2832/2832
f 2768/2768 2800/2800 2801/2801
f 2768/2768 2801/2801 2769/2769
f 2737/2737 2769/2769 2770/2770
f 2738/2738 2737/2737 2770/2770
f 2677/2677 2644/2644 2676/2676
f 2643/2643 2676/2676 2644/2644
f 2773/2773 2740/2740 2772/2772
f 2741/2741 2740/2740 2773/2773
f 2871/2871 2839/2839 2870/2870
f 2838/2838 2870/2870 2839/2839
f 2742/2742 2774/2774 2743/2743
f 2775/2775 2743/2743 2774/2774
f 2741/2741 2773/2773 2774/2774
f 2741/2741 2774/2774 2742/2742
f 2773/2773 2805/2805 2774/2774
f 2806/2806 2774/2774 2805/2805
f 2836/2836 2805/2805 2804/2804
f 2837/2837 2805/2805 2836/2836
f 2773/2773 2772/2772 2805/2805
f 2804/2804 2805/2805 2772/2772
f 2837/2837 2838/2838 2805/2805
f 2838/2838 2806/2806 2805/2805
f 2696/2696 2695/2695 2728/2728
f 2727/2727 2728/2728 2695/2695
f 2727/2727 2759/2759 2728/2728
f 2760/2760 2728/2728 2759/2759
f 2697/2697 2696/2696 2728/2728
f 2697/2697 2728/2728 2729/2729
f 2761/2761 2728/2728 2760/2760
f 2761/2761 2729/2729 2728/2728
f 3589/3589 3561/3561 3588/3588
f 3589/3589 3562/3562 3561/3561
f 3496/3496 3530/3530 3497/3497
f 3531/3531 3497/3497 3530/3530
f 3529/3529 3528/3528 3563/3563
f 3562/3562 3563/3563 3528/3528
f 3589/3589 3563/3563 3562/3562
f 3589/3589 3590/3590 3563/3563
f 3385/3385 3418/3418 3386/3386
f 3419/3419 3386/3386 3418/3418
f 3419/3419 3453/3453 3420/3420
f 3454/3454 3420/3420 3453/3453
f 3419/3419 3420/3420 3386/3386
f 3387/3387 3386/3386 3420/3420
f 3164/3164 3163/3163 3196/3196
f 3164/3164 3196/3196 3197/3197
f 3230/3230 3197/3197 3196/3196
f 3230/3230 3196/3196 3229/3229
f 3195/3195 3228/3228 3196/3196
f 3229/3229 3196/3196 3228/3228
f 3095/3095 3128/3128 3096/3096
f 3127/3127 3128/3128 3095/3095
f 3163/3163 3131/3131 3162/3162
f 3130/3130 3162/3162 3131/3131
f 3195/3195 3196/3196 3162/3162
f 3163/3163 3162/3162 3196/3196
f 3300/3300 3299/3299 3333/3333
f 3332/3332 3333/3333 3299/3299
f 3358/3358 3357/3357 3391/3391
f 3390/3390 3391/3391 3357/3357
f 3390/3390 3423/3423 3391/3391
f 3424/3424 3391/3391 3423/3423
f 3359/3359 3358/3358 3391/3391
f 3359/3359 3391/3391 3392/3392
f 3327/3327 3293/3293 3326/3326
f 3327/3327 3294/3294 3293/3293
f 3424/3424 3423/3423 3457/3457
f 3424/3424 3457/3457 3458/3458
f 3496/3496 3495/3495 3530/3530
f 3529/3529 3530/3530 3495/3495
f 3529/3529 3495/3495 3528/3528
f 3494/3494 3528/3528 3495/3495
f 3496/3496 3462/3462 3495/3495
f 3462/3462 3461/3461 3495/3495
f 3460/3460 3495/3495 3461/3461
f 3494/3494 3495/3495 3460/3460
f 3428/3428 3429/3429 3395/3395
f 3396/3396 3395/3395 3429/3429
f 3362/3362 3361/3361 3395/3395
f 3361/3361 3394/3394 3395/3395
f 3428/3428 3395/3395 3427/3427
f 3427/3427 3395/3395 3394/3394
f 3139/3139 3107/3107 3138/3138
f 3106/3106 3138/3138 3107/3107
f 3264/3264 3232/3232 3231/3231
f 3264/3264 3265/3265 3232/3232
f 3198/3198 3231/3231 3232/3232
f 3198/3198 3232/3232 3199/3199
f 3200/3200 3199/3199 3232/3232
f 3233/3233 3200/3200 3232/3232
f 3268/3268 3234/3234 3267/3267
f 3268/3268 3235/3235 3234/3234
f 3169/3169 3202/3202 3170/3170
f 3203/3203 3170/3170 3202/3202
f 3236/3236 3203/3203 3202/3202
f 3236/3236 3202/3202 3235/3235
f 3567/3567 3592/3592 3568/3568
f 3567/3567 3591/3591 3592/3592
f 3569/3569 3568/3568 3592/3592
f 3569/3569 3592/3592 3593/3593
f 3574/3574 3598/3598 3575/3575
f 3599/3599 3575/3575 3598/3598
f 3507/3507 3473/3473 3506/3506
f 3472/3472 3506/3506 3473/3473
f 3335/3335 3334/3334 3368/3368
f 3367/3367 3368/3368 3334/3334
f 3367/3367 3400/3400 3368/3368
f 3401/3401 3368/3368 3400/3400
f 3333/3333 3366/3366 3334/3334
f 3367/3367 3334/3334 3366/3366
f 3367/3367 3366/3366 3400/3400
f 3399/3399 3400/3400 3366/3366
f 3332/3332 3366/3366 3333/3333
f 3332/3332 3365/3365 3366/3366
f 3399/3399 3366/3366 3398/3398
f 3398/3398 3366/3366 3365/3365
f 3296/3296 3330/3330 3297/3297
f 3296/3296 3329/3329 3330/3330
f 2994/2994 2995/2995 2962/2962
f 2962/2962 2995/2995 2963/2963
f 3093/3093 3061/3061 3092/3092
f 3060/3060 3092/3092 3061/3061
f 3063/3063 3064/3064 3032/3032
f 3063/3063 3032/3032 3031/3031
f 3552/3552 3518/3518 3517/3517
f 3552/3552 3517/3517 3551/3551
f 3481/3481 3482/3482 3448/3448
f 3481/3481 3448/3448 3447/3447
f 3577/3577 3545/3545 3544/3544
f 3577/3577 3578/3578 3545/3545
f 3579/3579 3545/3545 3578/3578
f 3579/3579 3546/3546 3545/3545
f 3274/3274 3275/3275 3241/3241
f 3242/3242 3241/3241 3275/3275
f 3384/3384 3350/3350 3383/3383
f 3351/3351 3350/3350 3384/3384
f 3383/3383 3350/3350 3382/3382
f 3349/3349 3382/3382 3350/3350
f 3415/3415 3416/3416 3382/3382
f 3416/3416 3383/3383 3382/3382
f 3286/3286 3287/3287 3253/3253
f 3254/3254 3253/3253 3287/3287
f 3286/3286 3253/3253 3285/3285
f 3252/3252 3285/3285 3253/3253
f 3154/3154 3186/3186 3187/3187
f 3154/3154 3153/3153 3186/3186
f 3254/3254 3221/3221 3253/3253
f 3220/3220 3253/3253 3221/3221
f 3188/3188 3187/3187 3221/3221
f 3187/3187 3220/3220 3221/3221
f 3188/3188 3221/3221 3189/3189
f 3222/3222 3189/3189 3221/3221
f 3254/3254 3255/3255 3221/3221
f 3222/3222 3221/3221 3255/3255
f 3093/3093 3092/3092 3125/3125
f 3124/3124 3125/3125 3092/3092
f 3094/3094 3125/3125 3126/3126
f 3094/3094 3093/3093 3125/3125
f 3124/3124 3156/3156 3125/3125
f 3157/3157 3125/3125 3156/3156
f 3155/3155 3156/3156 3123/3123
f 3124/3124 3123/3123 3156/3156
f 3190/3190 3157/3157 3156/3156
f 3190/3190 3156/3156 3189/3189
f 3188/3188 3156/3156 3155/3155
f 3188/3188 3189/3189 3156/3156
f 3025/3025 3058/3058 3026/3026
f 3057/3057 3058/3058 3025/3025
f 3089/3089 3090/3090 3058/3058
f 3057/3057 3089/3089 3058/3058
f 2958/2958 2990/2990 2959/2959
f 2991/2991 2959/2959 2990/2990
f 3209/3209 3176/3176 3208/3208
f 3175/3175 3208/3208 3176/3176
f 3242/3242 3208/3208 3241/3241
f 3242/3242 3209/3209 3208/3208
f 2371/2371 2370/2370 2415/2415
f 2371/2371 2415/2415 2416/2416
f 2652/2652 2653/2653 2618/2618
f 2619/2619 2618/2618 2653/2653
f 2409/2409 2453/2453 2410/2410
f 2454/2454 2410/2410 2453/2453
f 2495/2495 2496/2496 2453/2453
f 2454/2454 2453/2453 2496/2496
f 2561/2561 2599/2599 2562/2562
f 2561/2561 2598/2598 2599/2599
f 2634/2634 2599/2599 2633/2633
f 2634/2634 2600/2600 2599/2599
f 2562/2562 2599/2599 2563/2563
f 2563/2563 2599/2599 2600/2600
f 2738/2738 2705/2705 2737/2737
f 2706/2706 2705/2705 2738/2738
f 2732/2732 2733/2733 2701/2701
f 2732/2732 2701/2701 2700/2700
f 2766/2766 2734/2734 2765/2765
f 2765/2765 2734/2734 2733/2733
f 2733/2733 2734/2734 2701/2701
f 2702/2702 2701/2701 2734/2734
f 2446/2446 2403/2403 2402/2402
f 2446/2446 2447/2447 2403/2403
f 2447/2447 2448/2448 2403/2403
f 2404/2404 2403/2403 2448/2448
f 2442/2442 2484/2484 2443/2443
f 2485/2485 2443/2443 2484/2484
f 2352/2352 2398/2398 2353/2353
f 2397/2397 2398/2398 2352/2352
f 2399/2399 2398/2398 2443/2443
f 2442/2442 2443/2443 2398/2398
f 2354/2354 2353/2353 2398/2398
f 2354/2354 2398/2398 2399/2399
f 2872/2872 2905/2905 2873/2873
f 2904/2904 2905/2905 2872/2872
f 2778/2778 2745/2745 2777/2777
f 2778/2778 2746/2746 2745/2745
f 2646/2646 2679/2679 2647/2647
f 2680/2680 2647/2647 2679/2679
f 2613/2613 2612/2612 2647/2647
f 2646/2646 2647/2647 2612/2612
f 2680/2680 2681/2681 2647/2647
f 2648/2648 2647/2647 2681/2681
f 2741/2741 2709/2709 2740/2740
f 2708/2708 2740/2740 2709/2709
f 2677/2677 2676/2676 2709/2709
f 2708/2708 2709/2709 2676/2676
f 2741/2741 2742/2742 2709/2709
f 2742/2742 2710/2710 2709/2709
f 2677/2677 2709/2709 2678/2678
f 2678/2678 2709/2709 2710/2710
f 2493/2493 2534/2534 2494/2494
f 2535/2535 2494/2494 2534/2534
f 2778/2778 2811/2811 2779/2779
f 2810/2810 2811/2811 2778/2778
f 2948/2948 2916/2916 2947/2947
f 2915/2915 2947/2947 2916/2916
f 2883/2883 2916/2916 2884/2884
f 2915/2915 2916/2916 2883/2883
f 2789/2789 2757/2757 2788/2788
f 2756/2756 2788/2788 2757/2757
f 2789/2789 2788/2788 2821/2821
f 2821/2821 2788/2788 2820/2820
f 3013/3013 3044/3044 3045/3045
f 3013/3013 3012/3012 3044/3044
f 3041/3041 3040/3040 3073/3073
f 3072/3072 3073/3073 3040/3040
f 3007/3007 3040/3040 3008/3008
f 3039/3039 3040/3040 3007/3007
f 3137/3137 3138/3138 3105/3105
f 3106/3106 3105/3105 3138/3138
f 3137/3137 3105/3105 3136/3136
f 3104/3104 3136/3136 3105/3105
f 3072/3072 3105/3105 3073/3073
f 3104/3104 3105/3105 3072/3072
f 3073/3073 3105/3105 3074/3074
f 3106/3106 3074/3074 3105/3105
f 3106/3106 3107/3107 3074/3074
f 3075/3075 3074/3074 3107/3107
f 3041/3041 3073/3073 3074/3074
f 3042/3042 3041/3041 3074/3074
f 3069/3069 3101/3101 3070/3070
f 3102/3102 3070/3070 3101/3101
f 3068/3068 3100/3100 3101/3101
f 3069/3069 3068/3068 3101/3101
f 3133/3133 3101/3101 3132/3132
f 3132/3132 3101/3101 3100/3100
f 2975/2975 2943/2943 2974/2974
f 2942/2942 2974/2974 2943/2943
f 2975/2975 2974/2974 3007/3007
f 3007/3007 2974/2974 3006/3006
f 3039/3039 3007/3007 3038/3038
f 3007/3007 3006/3006 3038/3038
f 3039/3039 3071/3071 3040/3040
f 3072/3072 3040/3040 3071/3071
f 3104/3104 3072/3072 3071/3071
f 3104/3104 3071/3071 3103/3103
f 3102/3102 3071/3071 3070/3070
f 3103/3103 3071/3071 3102/3102
f 3039/3039 3038/3038 3071/3071
f 3070/3070 3071/3071 3038/3038
f 3304/3304 3305/3305 3271/3271
f 3272/3272 3271/3271 3305/3305
f 3239/3239 3271/3271 3272/3272
f 3239/3239 3238/3238 3271/3271
f 3171/3171 3170/3170 3204/3204
f 3203/3203 3204/3204 3170/3170
f 3239/3239 3240/3240 3206/3206
f 3240/3240 3207/3207 3206/3206
f 3174/3174 3173/3173 3206/3206
f 3174/3174 3206/3206 3207/3207
f 2066/2066 2067/2067 2029/2029
f 2029/2029 2067/2067 2030/2030
f 1962/1962 1963/1963 1930/1930
f 1931/1931 1930/1930 1963/1963
f 1962/1962 1930/1930 1961/1961
f 1961/1961 1930/1930 1929/1929
f 1870/1870 1895/1895 1896/1896
f 1870/1870 1869/1869 1895/1895
f 1869/1869 1868/1868 1895/1895
f 1868/1868 1894/1894 1895/1895
f 1897/1897 1927/1927 1898/1898
f 1928/1928 1898/1898 1927/1927
f 1959/1959 1960/1960 1927/1927
f 1928/1928 1927/1927 1960/1960
f 1896/1896 1927/1927 1897/1897
f 1896/1896 1926/1926 1927/1927
f 1959/1959 1927/1927 1958/1958
f 1958/1958 1927/1927 1926/1926
f 2024/2024 2025/2025 1989/1989
f 1988/1988 2024/2024 1989/1989
f 2099/2099 2139/2139 2100/2100
f 2140/2140 2100/2100 2139/2139
f 2061/2061 2099/2099 2100/2100
f 2061/2061 2100/2100 2062/2062
f 2101/2101 2063/2063 2100/2100
f 2063/2063 2062/2062 2100/2100
f 1920/1920 1921/1921 1890/1890
f 1891/1891 1890/1890 1921/1921
f 1891/1891 1921/1921 1892/1892
f 1892/1892 1921/1921 1922/1922
f 1866/1866 1845/1845 1844/1844
f 1866/1866 1867/1867 1845/1845
f 1868/1868 1846/1846 1845/1845
f 1868/1868 1845/1845 1867/1867
f 1933/1933 1903/1903 1902/1902
f 1932/1932 1933/1933 1902/1902
f 1932/1932 1902/1902 1931/1931
f 1931/1931 1902/1902 1901/1901
f 1903/1903 1877/1877 1902/1902
f 1877/1877 1876/1876 1902/1902
f 1875/1875 1902/1902 1876/1876
f 1875/1875 1901/1901 1902/1902
f 2281/2281 2237/2237 2280/2280
f 2236/2236 2280/2280 2237/2237
f 2146/2146 2187/2187 2188/2188
f 2146/2146 2145/2145 2187/2187
f 2188/2188 2187/2187 2232/2232
f 2231/2231 2232/2232 2187/2187
f 2233/2233 2189/2189 2232/2232
f 2189/2189 2188/2188 2232/2232
f 2277/2277 2232/2232 2276/2276
f 2233/2233 2232/2232 2277/2277
f 1996/1996 2033/2033 1997/1997
f 1996/1996 2032/2032 2033/2033
f 2032/2032 2069/2069 2033/2033
f 2070/2070 2033/2033 2069/2069
f 2071/2071 2034/2034 2033/2033
f 2071/2071 2033/2033 2070/2070
f 1931/1931 1963/1963 1964/1964
f 1932/1932 1931/1931 1964/1964
f 2140/2140 2139/2139 2181/2181
f 2182/2182 2140/2140 2181/2181
f 2138/2138 2180/2180 2181/2181
f 2138/2138 2181/2181 2139/2139
f 2057/2057 2095/2095 2096/2096
f 2058/2058 2057/2057 2096/2096
f 2135/2135 2136/2136 2096/2096
f 2135/2135 2096/2096 2095/2095
f 2137/2137 2097/2097 2096/2096
f 2137/2137 2096/2096 2136/2136
f 2437/2437 2394/2394 2393/2393
f 2437/2437 2438/2438 2394/2394
f 2438/2438 2439/2439 2394/2394
f 2395/2395 2394/2394 2439/2439
f 2348/2348 2394/2394 2349/2349
f 2348/2348 2393/2393 2394/2394
f 2395/2395 2350/2350 2394/2394
f 2350/2350 2349/2349 2394/2394
f 2442/2442 2398/2398 2441/2441
f 2397/2397 2441/2441 2398/2398
f 2442/2442 2441/2441 2484/2484
f 2483/2483 2484/2484 2441/2441
f 2483/2483 2441/2441 2482/2482
f 2482/2482 2441/2441 2440/2440
f 2397/2397 2396/2396 2441/2441
f 2396/2396 2440/2440 2441/2441
f 1949/1949 1950/1950 1917/1917
f 1918/1918 1917/1917 1950/1950
f 1949/1949 1983/1983 1950/1950
f 1984/1984 1950/1950 1983/1983
f 1919/1919 1950/1950 1951/1951
f 1918/1918 1950/1950 1919/1919
f 1841/1841 1864/1864 1842/1842
f 1841/1841 1863/1863 1864/1864
f 1842/1842 1864/1864 1843/1843
f 1865/1865 1843/1843 1864/1864
f 1891/1891 1865/1865 1864/1864
f 1891/1891 1864/1864 1890/1890
f 1890/1890 1864/1864 1889/1889
f 1863/1863 1889/1889 1864/1864
f 1918/1918 1889/1889 1888/1888
f 1918/1918 1919/1919 1889/1889
f 1862/1862 1889/1889 1863/1863
f 1862/1862 1888/1888 1889/1889
f 1920/1920 1889/1889 1919/1919
f 1920/1920 1890/1890 1889/1889
f 2054/2054 2092/2092 2055/2055
f 2093/2093 2055/2055 2092/2092
f 2135/2135 2094/2094 2134/2134
f 2135/2135 2095/2095 2094/2094
f 2057/2057 2094/2094 2095/2095
f 2057/2057 2056/2056 2094/2094
f 2056/2056 2055/2055 2094/2094
f 2093/2093 2094/2094 2055/2055
f 2176/2176 2175/2175 2220/2220
f 2220/2220 2175/2175 2219/2219
f 2218/2218 2175/2175 2174/2174
f 2218/2218 2219/2219 2175/2175
f 1908/1908 1940/1940 1909/1909
f 1941/1941 1909/1909 1940/1940
f 1975/1975 1941/1941 1940/1940
f 1975/1975 1940/1940 1974/1974
f 2046/2046 2010/2010 2009/2009
f 2047/2047 2010/2010 2046/2046
f 2011/2011 2010/2010 2048/2048
f 2047/2047 2048/2048 2010/2010
f 1973/1973 2009/2009 2010/2010
f 1973/1973 2010/2010 1974/1974
f 1975/1975 1974/1974 2010/2010
f 1975/1975 2010/2010 2011/2011
f 1911/1911 1910/1910 1943/1943
f 1942/1942 1943/1943 1910/1910
f 1911/1911 1881/1881 1910/1910
f 1880/1880 1910/1910 1881/1881
f 1942/1942 1910/1910 1941/1941
f 1941/1941 1910/1910 1909/1909
f 2091/2091 2090/2090 2130/2130
f 2091/2091 2130/2130 2131/2131
f 2046/2046 2084/2084 2085/2085
f 2047/2047 2046/2046 2085/2085
f 2354/2354 2309/2309 2308/2308
f 2354/2354 2355/2355 2309/2309
f 2305/2305 2306/2306 2260/2260
f 2305/2305 2260/2260 2259/2259
f 2171/2171 2170/2170 2215/2215
f 2214/2214 2215/2215 2170/2170
f 2258/2258 2259/2259 2215/2215
f 2214/2214 2258/2258 2215/2215
f 2259/2259 2260/2260 2215/2215
f 2216/2216 2215/2215 2260/2260
f 2049/2049 2050/2050 2012/2012
f 2013/2013 2012/2012 2050/2050
f 2014/2014 2050/2050 2051/2051
f 2013/2013 2050/2050 2014/2014
f 2051/2051 2050/2050 2089/2089
f 2088/2088 2089/2089 2050/2050
f 2090/2090 2089/2089 2130/2130
f 2129/2129 2130/2130 2089/2089
f 2052/2052 2089/2089 2090/2090
f 2052/2052 2051/2051 2089/2089
f 1945/1945 1913/1913 1944/1944
f 1912/1912 1944/1944 1913/1913
f 1912/1912 1911/1911 1944/1944
f 1911/1911 1943/1943 1944/1944
f 2052/2052 2053/2053 2016/2016
f 2052/2052 2016/2016 2015/2015
f 2054/2054 2016/2016 2053/2053
f 2017/2017 2016/2016 2054/2054
f 1979/1979 2016/2016 1980/1980
f 1979/1979 2015/2015 2016/2016
f 1981/1981 1980/1980 2016/2016
f 2017/2017 1981/1981 2016/2016
f 2083/2083 2082/2082 2122/2122
f 2123/2123 2083/2083 2122/2122
f 2164/2164 2165/2165 2122/2122
f 2123/2123 2122/2122 2165/2165
f 2164/2164 2122/2122 2163/2163
f 2121/2121 2163/2163 2122/2122
f 2296/2296 2251/2251 2250/2250
f 2296/2296 2297/2297 2251/2251
f 2162/2162 2206/2206 2163/2163
f 2207/2207 2163/2163 2206/2206
f 2207/2207 2206/2206 2251/2251
f 2250/2250 2251/2251 2206/2206
f 2249/2249 2250/2250 2206/2206
f 2205/2205 2249/2249 2206/2206
f 2344/2344 2298/2298 2343/2343
f 2297/2297 2343/2343 2298/2298
f 2389/2389 2343/2343 2388/2388
f 2344/2344 2343/2343 2389/2389
f 2433/2433 2434/2434 2390/2390
f 2433/2433 2390/2390 2389/2389
f 2344/2344 2390/2390 2345/2345
f 2344/2344 2389/2389 2390/2390
f 2202/2202 2160/2160 2159/2159
f 2202/2202 2159/2159 2201/2201
f 2120/2120 2159/2159 2160/2160
f 2120/2120 2119/2119 2159/2159
f 2200/2200 2201/2201 2159/2159
f 2200/2200 2159/2159 2158/2158
f 2119/2119 2118/2118 2159/2159
f 2118/2118 2158/2158 2159/2159
f 2282/2282 2238/2238 2281/2281
f 2281/2281 2238/2238 2237/2237
f 2110/2110 2109/2109 2150/2150
f 2149/2149 2150/2150 2109/2109
f 2723/2723 2755/2755 2724/2724
f 2756/2756 2724/2724 2755/2755
f 2691/2691 2723/2723 2724/2724
f 2691/2691 2724/2724 2692/2692
f 2818/2818 2785/2785 2817/2817
f 2786/2786 2785/2785 2818/2818
f 2784/2784 2816/2816 2785/2785
f 2817/2817 2785/2785 2816/2816
f 2754/2754 2753/2753 2785/2785
f 2786/2786 2754/2754 2785/2785
f 2784/2784 2785/2785 2752/2752
f 2753/2753 2752/2752 2785/2785
f 2721/2721 2752/2752 2753/2753
f 2721/2721 2720/2720 2752/2752
f 3008/3008 3040/3040 3009/3009
f 3041/3041 3009/3009 3040/3040
f 3042/3042 3009/3009 3041/3041
f 3042/3042 3010/3010 3009/3009
f 2976/2976 3008/3008 3009/3009
f 2976/2976 3009/3009 2977/2977
f 2980/2980 2979/2979 3012/3012
f 3011/3011 3012/3012 2979/2979
f 2948/2948 2979/2979 2980/2980
f 2948/2948 2947/2947 2979/2979
f 2915/2915 2914/2914 2947/2947
f 2946/2946 2947/2947 2914/2914
f 2976/2976 2945/2945 2944/2944
f 2976/2976 2977/2977 2945/2945
f 2913/2913 2945/2945 2914/2914
f 2946/2946 2914/2914 2945/2945
f 2944/2944 2945/2945 2912/2912
f 2912/2912 2945/2945 2913/2913
f 2816/2816 2815/2815 2848/2848
f 2847/2847 2848/2848 2815/2815
f 2621/2621 2583/2583 2620/2620
f 2621/2621 2584/2584 2583/2583
f 2625/2625 2588/2588 2624/2624
f 2588/2588 2587/2587 2624/2624
f 2422/2422 2465/2465 2466/2466
f 2421/2421 2465/2465 2422/2422
f 2507/2507 2508/2508 2465/2465
f 2466/2466 2465/2465 2508/2508
f 2507/2507 2465/2465 2506/2506
f 2464/2464 2506/2506 2465/2465
f 2547/2547 2506/2506 2546/2546
f 2546/2546 2506/2506 2505/2505
f 2463/2463 2506/2506 2464/2464
f 2463/2463 2505/2505 2506/2506
f 2548/2548 2506/2506 2547/2547
f 2548/2548 2507/2507 2506/2506
f 2510/2510 2468/2468 2509/2509
f 2467/2467 2509/2509 2468/2468
f 2550/2550 2551/2551 2509/2509
f 2551/2551 2510/2510 2509/2509
f 2467/2467 2466/2466 2509/2509
f 2466/2466 2508/2508 2509/2509
f 2550/2550 2509/2509 2549/2549
f 2549/2549 2509/2509 2508/2508
f 2333/2333 2287/2287 2332/2332
f 2287/2287 2286/2286 2332/2332
f 2378/2378 2379/2379 2332/2332
f 2333/2333 2332/2332 2379/2379
f 2285/2285 2332/2332 2286/2286
f 2285/2285 2331/2331 2332/2332
f 2378/2378 2332/2332 2377/2377
f 2377/2377 2332/2332 2331/2331
f 2373/2373 2418/2418 2374/2374
f 2418/2418 2419/2419 2374/2374
f 2327/2327 2374/2374 2328/2328
f 2373/2373 2374/2374 2327/2327
f 2329/2329 2374/2374 2375/2375
f 2329/2329 2328/2328 2374/2374
f 2464/2464 2465/2465 2420/2420
f 2421/2421 2420/2420 2465/2465
f 2375/2375 2374/2374 2420/2420
f 2419/2419 2420/2420 2374/2374
f 2463/2463 2420/2420 2419/2419
f 2463/2463 2464/2464 2420/2420
f 2421/2421 2376/2376 2420/2420
f 2376/2376 2375/2375 2420/2420
f 2594/2594 2554/2554 2593/2593
f 2594/2594 2555/2555 2554/2554
f 2555/2555 2514/2514 2554/2554
f 2514/2514 2513/2513 2554/2554
f 2110/2110 2150/2150 2111/2111
f 2151/2151 2111/2111 2150/2150
f 2110/2110 2111/2111 2072/2072
f 2072/2072 2111/2111 2073/2073
f 2112/2112 2074/2074 2111/2111
f 2074/2074 2073/2073 2111/2111
f 2000/2000 1999/1999 2036/2036
f 2035/2035 2036/2036 1999/1999
f 2074/2074 2037/2037 2036/2036
f 2074/2074 2036/2036 2073/2073
f 2035/2035 2072/2072 2036/2036
f 2072/2072 2073/2073 2036/2036
f 2189/2189 2147/2147 2188/2188
f 2146/2146 2188/2188 2147/2147
f 2148/2148 2108/2108 2147/2147
f 2107/2107 2147/2147 2108/2108
f 2070/2070 2069/2069 2108/2108
f 2107/2107 2108/2108 2069/2069
f 2071/2071 2108/2108 2109/2109
f 2071/2071 2070/2070 2108/2108
f 2149/2149 2109/2109 2108/2108
f 2149/2149 2108/2108 2148/2148
f 2037/2037 2001/2001 2036/2036
f 2000/2000 2036/2036 2001/2001
f 1966/1966 2001/2001 1967/1967
f 1966/1966 2000/2000 2001/2001
f 2038/2038 2001/2001 2037/2037
f 2038/2038 2002/2002 2001/2001
f 1967/1967 2001/2001 1968/1968
f 1968/1968 2001/2001 2002/2002
f 2005/2005 2004/2004 2041/2041
f 2041/2041 2004/2004 2040/2040
f 1970/1970 2004/2004 1971/1971
f 2005/2005 1971/1971 2004/2004
f 2040/2040 2004/2004 2039/2039
f 2039/2039 2004/2004 2003/2003
f 2003/2003 2004/2004 1969/1969
f 1970/1970 1969/1969 2004/2004
f 1970/1970 1938/1938 1969/1969
f 1937/1937 1969/1969 1938/1938
f 1937/1937 1936/1936 1969/1969
f 1936/1936 1968/1968 1969/1969
f 2002/2002 2003/2003 1969/1969
f 1968/1968 2002/2002 1969/1969
f 2868/2868 2869/2869 2836/2836
f 2837/2837 2836/2836 2869/2869
f 2838/2838 2869/2869 2870/2870
f 2837/2837 2869/2869 2838/2838
f 2904/2904 2872/2872 2903/2903
f 2871/2871 2903/2903 2872/2872
f 2772/2772 2740/2740 2771/2771
f 2739/2739 2771/2771 2740/2740
f 2803/2803 2804/2804 2771/2771
f 2804/2804 2772/2772 2771/2771
f 2738/2738 2770/2770 2771/2771
f 2738/2738 2771/2771 2739/2739
f 2770/2770 2802/2802 2771/2771
f 2803/2803 2771/2771 2802/2802
f 2835/2835 2802/2802 2834/2834
f 2803/2803 2802/2802 2835/2835
f 2833/2833 2834/2834 2802/2802
f 2833/2833 2802/2802 2801/2801
f 2769/2769 2801/2801 2802/2802
f 2769/2769 2802/2802 2770/2770
f 2706/2706 2738/2738 2707/2707
f 2738/2738 2739/2739 2707/2707
f 2708/2708 2707/2707 2740/2740
f 2739/2739 2740/2740 2707/2707
f 2775/2775 2774/2774 2807/2807
f 2806/2806 2807/2807 2774/2774
f 2838/2838 2839/2839 2807/2807
f 2838/2838 2807/2807 2806/2806
f 2697/2697 2698/2698 2665/2665
f 2666/2666 2665/2665 2698/2698
f 2792/2792 2791/2791 2824/2824
f 2791/2791 2823/2823 2824/2824
f 3544/3544 3509/3509 3543/3543
f 3510/3510 3509/3509 3544/3544
f 3559/3559 3586/3586 3560/3560
f 3586/3586 3587/3587 3560/3560
f 3588/3588 3561/3561 3560/3560
f 3587/3587 3588/3588 3560/3560
f 3562/3562 3527/3527 3561/3561
f 3562/3562 3528/3528 3527/3527
f 3533/3533 3534/3534 3499/3499
f 3500/3500 3499/3499 3534/3534
f 3567/3567 3533/3533 3532/3532
f 3567/3567 3532/3532 3566/3566
f 3531/3531 3565/3565 3532/3532
f 3565/3565 3566/3566 3532/3532
f 3498/3498 3532/3532 3499/3499
f 3533/3533 3499/3499 3532/3532
f 3531/3531 3532/3532 3497/3497
f 3497/3497 3532/3532 3498/3498
f 3529/3529 3563/3563 3564/3564
f 3529/3529 3564/3564 3530/3530
f 3531/3531 3530/3530 3564/3564
f 3531/3531 3564/3564 3565/3565
f 3454/3454 3455/3455 3421/3421
f 3454/3454 3421/3421 3420/3420
f 3387/3387 3420/3420 3421/3421
f 3387/3387 3421/3421 3388/3388
f 3422/3422 3389/3389 3421/3421
f 3389/3389 3388/3388 3421/3421
f 3294/3294 3261/3261 3293/3293
f 3260/3260 3293/3293 3261/3261
f 3262/3262 3261/3261 3295/3295
f 3295/3295 3261/3261 3294/3294
f 3262/3262 3229/3229 3261/3261
f 3229/3229 3228/3228 3261/3261
f 3195/3195 3162/3162 3194/3194
f 3161/3161 3194/3194 3162/3162
f 3096/3096 3097/3097 3064/3064
f 3065/3065 3064/3064 3097/3097
f 3066/3066 3097/3097 3098/3098
f 3065/3065 3097/3097 3066/3066
f 3233/3233 3232/3232 3266/3266
f 3265/3265 3266/3266 3232/3232
f 3267/3267 3234/3234 3266/3266
f 3233/3233 3266/3266 3234/3234
f 3300/3300 3267/3267 3266/3266
f 3300/3300 3266/3266 3299/3299
f 3389/3389 3356/3356 3388/3388
f 3355/3355 3388/3388 3356/3356
f 3390/3390 3356/3356 3389/3389
f 3390/3390 3357/3357 3356/3356
f 3325/3325 3324/3324 3358/3358
f 3358/3358 3324/3324 3357/3357
f 3325/3325 3326/3326 3292/3292
f 3326/3326 3293/3293 3292/3292
f 3260/3260 3292/3292 3293/3293
f 3260/3260 3259/3259 3292/3292
f 3325/3325 3292/3292 3324/3324
f 3291/3291 3324/3324 3292/3292
f 3222/3222 3223/3223 3189/3189
f 3190/3190 3189/3189 3223/3223
f 3222/3222 3255/3255 3223/3223
f 3256/3256 3223/3223 3255/3255
f 3126/3126 3125/3125 3158/3158
f 3157/3157 3158/3158 3125/3125
f 3190/3190 3158/3158 3157/3157
f 3190/3190 3191/3191 3158/3158
f 3458/3458 3457/3457 3491/3491
f 3492/3492 3458/3458 3491/3491
f 3455/3455 3456/3456 3421/3421
f 3422/3422 3421/3421 3456/3456
f 3422/3422 3456/3456 3423/3423
f 3423/3423 3456/3456 3457/3457
f 3393/3393 3392/3392 3425/3425
f 3393/3393 3425/3425 3426/3426
f 3424/3424 3425/3425 3391/3391
f 3392/3392 3391/3391 3425/3425
f 3460/3460 3426/3426 3425/3425
f 3460/3460 3425/3425 3459/3459
f 3424/3424 3458/3458 3425/3425
f 3458/3458 3459/3459 3425/3425
f 3102/3102 3101/3101 3134/3134
f 3133/3133 3134/3134 3101/3101
f 3233/3233 3201/3201 3200/3200
f 3233/3233 3234/3234 3201/3201
f 3168/3168 3167/3167 3201/3201
f 3200/3200 3201/3201 3167/3167
f 3235/3235 3201/3201 3234/3234
f 3235/3235 3202/3202 3201/3201
f 3169/3169 3168/3168 3201/3201
f 3169/3169 3201/3201 3202/3202
f 3571/3571 3595/3595 3572/3572
f 3596/3596 3572/3572 3595/3595
f 3574/3574 3575/3575 3540/3540
f 3541/3541 3540/3540 3575/3575
f 3507/3507 3506/3506 3540/3540
f 3507/3507 3540/3540 3541/3541
f 3574/3574 3573/3573 3598/3598
f 3597/3597 3598/3598 3573/3573
f 3597/3597 3573/3573 3596/3596
f 3596/3596 3573/3573 3572/3572
f 3571/3571 3570/3570 3595/3595
f 3594/3594 3595/3595 3570/3570
f 3569/3569 3593/3593 3570/3570
f 3593/3593 3594/3594 3570/3570
f 3467/3467 3466/3466 3501/3501
f 3500/3500 3501/3501 3466/3466
f 3436/3436 3437/3437 3403/3403
f 3404/3404 3403/3403 3437/3437
f 3399/3399 3433/3433 3400/3400
f 3432/3432 3433/3433 3399/3399
f 3432/3432 3466/3466 3433/3433
f 3467/3467 3433/3433 3466/3466
f 3401/3401 3400/3400 3433/3433
f 3401/3401 3433/3433 3434/3434
f 3362/3362 3395/3395 3363/3363
f 3396/3396 3363/3363 3395/3395
f 3362/3362 3363/3363 3329/3329
f 3329/3329 3363/3363 3330/3330
f 3264/3264 3297/3297 3298/3298
f 3264/3264 3298/3298 3265/3265
f 3265/3265 3298/3298 3266/3266
f 3299/3299 3266/3266 3298/3298
f 2994/2994 3026/3026 3027/3027
f 2994/2994 3027/3027 2995/2995
f 3063/3063 3062/3062 3095/3095
f 3095/3095 3062/3062 3094/3094
f 3030/3030 3062/3062 3031/3031
f 3063/3063 3031/3031 3062/3062
f 3094/3094 3062/3062 3093/3093
f 3093/3093 3062/3062 3061/3061
f 3030/3030 3029/3029 3062/3062
f 3029/3029 3061/3061 3062/3062
f 3001/3001 3033/3033 3002/3002
f 3002/3002 3033/3033 3034/3034
f 3065/3065 3066/3066 3033/3033
f 3066/3066 3034/3034 3033/3033
f 3065/3065 3033/3033 3064/3064
f 3064/3064 3033/3033 3032/3032
f 3032/3032 3033/3033 3000/3000
f 3001/3001 3000/3000 3033/3033
f 2999/2999 3000/3000 2967/2967
f 2968/2968 2967/2967 3000/3000
f 3001/3001 2969/2969 3000/3000
f 2968/2968 3000/3000 2969/2969
f 2999/2999 3031/3031 3000/3000
f 3031/3031 3032/3032 3000/3000
f 3482/3482 3483/3483 3448/3448
f 3449/3449 3448/3448 3483/3483
f 3484/3484 3450/3450 3483/3483
f 3450/3450 3449/3449 3483/3483
f 3484/3484 3483/3483 3518/3518
f 3518/3518 3483/3483 3517/3517
f 3551/3551 3550/3550 3583/3583
f 3582/3582 3583/3583 3550/3550
f 3477/3477 3476/3476 3511/3511
f 3510/3510 3511/3511 3476/3476
f 3544/3544 3545/3545 3511/3511
f 3510/3510 3544/3544 3511/3511
f 3209/3209 3210/3210 3176/3176
f 3177/3177 3176/3176 3210/3210
f 3211/3211 3178/3178 3210/3210
f 3177/3177 3210/3210 3178/3178
f 3415/3415 3382/3382 3414/3414
f 3381/3381 3414/3414 3382/3382
f 3415/3415 3414/3414 3449/3449
f 3449/3449 3414/3414 3448/3448
f 3447/3447 3448/3448 3414/3414
f 3447/3447 3414/3414 3413/3413
f 3286/3286 3285/3285 3319/3319
f 3318/3318 3319/3319 3285/3285
f 3153/3153 3121/3121 3152/3152
f 3121/3121 3120/3120 3152/3152
f 3252/3252 3253/3253 3219/3219
f 3220/3220 3219/3219 3253/3253
f 3187/3187 3186/3186 3219/3219
f 3187/3187 3219/3219 3220/3220
f 3256/3256 3255/3255 3288/3288
f 3289/3289 3256/3256 3288/3288
f 3254/3254 3287/3287 3288/3288
f 3254/3254 3288/3288 3255/3255
f 3122/3122 3123/3123 3091/3091
f 3122/3122 3091/3091 3090/3090
f 3124/3124 3092/3092 3091/3091
f 3124/3124 3091/3091 3123/3123
f 2991/2991 3022/3022 3023/3023
f 2991/2991 2990/2990 3022/3022
f 2957/2957 2956/2956 2989/2989
f 2956/2956 2988/2988 2989/2989
f 2957/2957 2989/2989 2958/2958
f 2958/2958 2989/2989 2990/2990
f 2920/2920 2919/2919 2952/2952
f 2951/2951 2952/2952 2919/2919
f 2648/2648 2614/2614 2647/2647
f 2613/2613 2647/2647 2614/2614
f 2615/2615 2614/2614 2649/2649
f 2648/2648 2649/2649 2614/2614
f 2578/2578 2577/2577 2614/2614
f 2578/2578 2614/2614 2615/2615
f 2454/2454 2455/2455 2410/2410
f 2411/2411 2410/2410 2455/2455
f 2454/2454 2496/2496 2455/2455
f 2497/2497 2455/2455 2496/2496
f 2497/2497 2498/2498 2455/2455
f 2498/2498 2456/2456 2455/2455
f 2580/2580 2541/2541 2579/2579
f 2540/2540 2579/2579 2541/2541
f 2498/2498 2499/2499 2456/2456
f 2457/2457 2456/2456 2499/2499
f 2498/2498 2539/2539 2499/2499
f 2540/2540 2499/2499 2539/2539
f 2540/2540 2539/2539 2579/2579
f 2578/2578 2579/2579 2539/2539
f 2497/2497 2539/2539 2498/2498
f 2497/2497 2538/2538 2539/2539
f 2578/2578 2539/2539 2577/2577
f 2577/2577 2539/2539 2538/2538
f 2404/2404 2448/2448 2405/2405
f 2449/2449 2405/2405 2448/2448
f 2497/2497 2496/2496 2537/2537
f 2497/2497 2537/2537 2538/2538
f 2601/2601 2564/2564 2600/2600
f 2563/2563 2600/2600 2564/2564
f 2672/2672 2639/2639 2671/2671
f 2638/2638 2671/2671 2639/2639
f 2643/2643 2644/2644 2609/2609
f 2644/2644 2610/2610 2609/2609
f 2572/2572 2571/2571 2609/2609
f 2608/2608 2609/2609 2571/2571
f 2668/2668 2669/2669 2635/2635
f 2635/2635 2669/2669 2636/2636
f 2668/2668 2700/2700 2669/2669
f 2700/2700 2701/2701 2669/2669
f 2800/2800 2767/2767 2799/2799
f 2768/2768 2767/2767 2800/2800
f 2766/2766 2798/2798 2767/2767
f 2798/2798 2799/2799 2767/2767
f 2645/2645 2611/2611 2644/2644
f 2644/2644 2611/2611 2610/2610
f 2645/2645 2646/2646 2611/2611
f 2646/2646 2612/2612 2611/2611
f 2968/2968 2969/2969 2937/2937
f 2968/2968 2937/2937 2936/2936
f 2904/2904 2937/2937 2905/2905
f 2904/2904 2936/2936 2937/2937
f 2780/2780 2781/2781 2748/2748
f 2781/2781 2749/2749 2748/2748
f 2775/2775 2744/2744 2743/2743
f 2775/2775 2776/2776 2744/2744
f 2776/2776 2777/2777 2744/2744
f 2777/2777 2745/2745 2744/2744
f 2610/2610 2573/2573 2609/2609
f 2572/2572 2609/2609 2573/2573
f 2409/2409 2452/2452 2453/2453
f 2409/2409 2408/2408 2452/2452
f 2495/2495 2453/2453 2452/2452
f 2495/2495 2452/2452 2494/2494
f 2493/2493 2494/2494 2452/2452
f 2493/2493 2452/2452 2451/2451
f 2911/2911 2910/2910 2943/2943
f 2942/2942 2943/2943 2910/2910
f 2940/2940 2908/2908 2939/2939
f 2939/2939 2908/2908 2907/2907
f 2847/2847 2815/2815 2846/2846
f 2814/2814 2846/2846 2815/2815
f 2949/2949 2950/2950 2917/2917
f 2918/2918 2917/2917 2950/2950
f 2949/2949 2917/2917 2948/2948
f 2948/2948 2917/2917 2916/2916
f 2851/2851 2852/2852 2819/2819
f 2852/2852 2820/2820 2819/2819
f 3141/3141 3142/3142 3109/3109
f 3110/3110 3109/3109 3142/3142
f 3042/3042 3074/3074 3043/3043
f 3075/3075 3043/3043 3074/3074
f 3042/3042 3043/3043 3010/3010
f 3010/3010 3043/3043 3011/3011
f 3012/3012 3043/3043 3044/3044
f 3011/3011 3043/3043 3012/3012
f 3005/3005 2973/2973 3004/3004
f 2972/2972 3004/3004 2973/2973
f 2940/2940 2972/2972 2973/2973
f 2941/2941 2940/2940 2973/2973
f 3006/3006 2974/2974 2973/2973
f 3005/3005 3006/3006 2973/2973
f 2942/2942 2973/2973 2974/2974
f 2941/2941 2973/2973 2942/2942
f 3069/3069 3070/3070 3037/3037
f 3070/3070 3038/3038 3037/3037
f 3006/3006 3037/3037 3038/3038
f 3005/3005 3037/3037 3006/3006
f 3337/3337 3304/3304 3303/3303
f 3337/3337 3303/3303 3336/3336
f 3335/3335 3303/3303 3302/3302
f 3335/3335 3336/3336 3303/3303
f 3236/3236 3237/3237 3203/3203
f 3203/3203 3237/3237 3204/3204
f 3472/3472 3473/3473 3438/3438
f 3439/3439 3438/3438 3473/3473
f 3405/3405 3404/3404 3438/3438
f 3404/3404 3437/3437 3438/3438
f 3437/3437 3471/3471 3438/3438
f 3472/3472 3438/3438 3471/3471
f 3472/3472 3471/3471 3506/3506
f 3505/3505 3506/3506 3471/3471
f 3436/3436 3471/3471 3437/3437
f 3470/3470 3471/3471 3436/3436
f 3204/3204 3237/3237 3205/3205
f 3238/3238 3205/3205 3237/3237
f 3171/3171 3205/3205 3172/3172
f 3171/3171 3204/3204 3205/3205
f 3239/3239 3205/3205 3238/3238
f 3239/3239 3206/3206 3205/3205
f 3172/3172 3205/3205 3173/3173
f 3173/3173 3205/3205 3206/3206
f 2140/2140 2141/2141 2100/2100
f 2101/2101 2100/2100 2141/2141
f 2101/2101 2141/2141 2102/2102
f 2102/2102 2141/2141 2142/2142
f 2104/2104 2103/2103 2143/2143
f 2144/2144 2104/2104 2143/2143
f 2102/2102 2143/2143 2103/2103
f 2102/2102 2142/2142 2143/2143
f 2144/2144 2105/2105 2104/2104
f 2144/2144 2145/2145 2105/2105
f 2066/2066 2104/2104 2105/2105
f 2066/2066 2105/2105 2067/2067
f 1875/1875 1874/1874 1900/1900
f 1875/1875 1900/1900 1901/1901
f 1931/1931 1900/1900 1930/1930
f 1931/1931 1901/1901 1900/1900
f 1958/1958 1926/1926 1925/1925
f 1958/1958 1925/1925 1957/1957
f 1896/1896 1895/1895 1925/1925
f 1896/1896 1925/1925 1926/1926
f 1992/1992 1958/1958 1991/1991
f 1958/1958 1957/1957 1991/1991
f 1987/1987 1953/1953 1986/1986
f 1952/1952 1986/1986 1953/1953
f 1952/1952 1953/1953 1920/1920
f 1920/1920 1953/1953 1921/1921
f 2371/2371 2372/2372 2326/2326
f 2371/2371 2326/2326 2325/2325
f 2373/2373 2326/2326 2372/2372
f 2373/2373 2327/2327 2326/2326
f 2327/2327 2281/2281 2326/2326
f 2281/2281 2280/2280 2326/2326
f 2151/2151 2150/2150 2193/2193
f 2192/2192 2193/2193 2150/2150
f 2237/2237 2238/2238 2193/2193
f 2194/2194 2193/2193 2238/2238
f 2236/2236 2237/2237 2193/2193
f 2192/2192 2236/2236 2193/2193
f 2144/2144 2143/2143 2186/2186
f 2185/2185 2186/2186 2143/2143
f 2185/2185 2229/2229 2186/2186
f 2230/2230 2186/2186 2229/2229
f 2231/2231 2186/2186 2230/2230
f 2231/2231 2187/2187 2186/2186
f 2145/2145 2186/2186 2187/2187
f 2144/2144 2186/2186 2145/2145
f 2031/2031 2030/2030 2068/2068
f 2030/2030 2067/2067 2068/2068
f 2031/2031 2068/2068 2032/2032
f 2032/2032 2068/2068 2069/2069
f 1966/1966 1965/1965 2000/2000
f 2000/2000 1965/1965 1999/1999
f 1966/1966 1934/1934 1965/1965
f 1933/1933 1965/1965 1934/1934
f 1932/1932 1965/1965 1933/1933
f 1932/1932 1964/1964 1965/1965
f 1964/1964 1998/1998 1965/1965
f 1999/1999 1965/1965 1998/1998
f 1997/1997 2033/2033 1998/1998
f 2034/2034 1998/1998 2033/2033
f 2034/2034 2035/2035 1998/1998
f 2035/2035 1999/1999 1998/1998
f 1997/1997 1998/1998 1963/1963
f 1963/1963 1998/1998 1964/1964
f 2182/2182 2225/2225 2226/2226
f 2182/2182 2181/2181 2225/2225
f 2226/2226 2225/2225 2270/2270
f 2269/2269 2270/2270 2225/2225
f 2315/2315 2316/2316 2270/2270
f 2315/2315 2270/2270 2269/2269
f 2317/2317 2270/2270 2316/2316
f 2317/2317 2271/2271 2270/2270
f 2058/2058 2021/2021 2057/2057
f 2057/2057 2021/2021 2020/2020
f 1988/1988 2023/2023 2024/2024
f 1988/1988 1987/1987 2023/2023
f 2061/2061 2024/2024 2023/2023
f 2061/2061 2023/2023 2060/2060
f 1984/1984 1983/1983 2019/2019
f 1984/1984 2019/2019 2020/2020
f 2057/2057 2019/2019 2056/2056
f 2057/2057 2020/2020 2019/2019
f 2132/2132 2133/2133 2092/2092
f 2093/2093 2092/2092 2133/2133
f 2134/2134 2094/2094 2133/2133
f 2093/2093 2133/2133 2094/2094
f 2132/2132 2174/2174 2133/2133
f 2174/2174 2175/2175 2133/2133
f 2176/2176 2134/2134 2133/2133
f 2176/2176 2133/2133 2175/2175
f 2216/2216 2172/2172 2215/2215
f 2171/2171 2215/2215 2172/2172
f 2129/2129 2172/2172 2130/2130
f 2129/2129 2171/2171 2172/2172
f 2173/2173 2131/2131 2172/2172
f 2131/2131 2130/2130 2172/2172
f 2088/2088 2128/2128 2089/2089
f 2129/2129 2089/2089 2128/2128
f 2171/2171 2128/2128 2170/2170
f 2129/2129 2128/2128 2171/2171
f 2301/2301 2255/2255 2300/2300
f 2254/2254 2300/2300 2255/2255
f 2214/2214 2170/2170 2213/2213
f 2169/2169 2213/2213 2170/2170
f 2257/2257 2258/2258 2213/2213
f 2214/2214 2213/2213 2258/2258
f 2169/2169 2168/2168 2213/2213
f 2212/2212 2213/2213 2168/2168
f 2392/2392 2393/2393 2347/2347
f 2348/2348 2347/2347 2393/2393
f 2348/2348 2302/2302 2347/2347
f 2302/2302 2301/2301 2347/2347
f 2218/2218 2263/2263 2219/2219
f 2218/2218 2262/2262 2263/2263
f 2220/2220 2219/2219 2263/2263
f 2264/2264 2220/2220 2263/2263
f 2308/2308 2309/2309 2263/2263
f 2262/2262 2308/2308 2263/2263
f 2173/2173 2217/2217 2174/2174
f 2218/2218 2174/2174 2217/2217
f 2216/2216 2217/2217 2172/2172
f 2173/2173 2172/2172 2217/2217
f 2014/2014 2015/2015 1978/1978
f 1979/1979 1978/1978 2015/2015
f 1979/1979 1945/1945 1978/1978
f 1945/1945 1944/1944 1978/1978
f 2297/2297 2252/2252 2251/2251
f 2297/2297 2298/2298 2252/2252
f 2296/2296 2295/2295 2342/2342
f 2295/2295 2341/2341 2342/2342
f 2296/2296 2342/2342 2297/2297
f 2297/2297 2342/2342 2343/2343
f 2392/2392 2391/2391 2436/2436
f 2435/2435 2436/2436 2391/2391
f 2435/2435 2391/2391 2434/2434
f 2434/2434 2391/2391 2390/2390
f 2329/2329 2283/2283 2328/2328
f 2282/2282 2328/2328 2283/2283
f 2074/2074 2113/2113 2075/2075
f 2112/2112 2113/2113 2074/2074
f 2112/2112 2111/2111 2152/2152
f 2151/2151 2152/2152 2111/2111
f 2194/2194 2152/2152 2193/2193
f 2151/2151 2193/2193 2152/2152
f 2195/2195 2153/2153 2152/2152
f 2194/2194 2195/2195 2152/2152
f 2112/2112 2152/2152 2113/2113
f 2153/2153 2113/2113 2152/2152
f 2198/2198 2197/2197 2242/2242
f 2242/2242 2197/2197 2241/2241
f 2694/2694 2693/2693 2725/2725
f 2694/2694 2725/2725 2726/2726
f 2758/2758 2725/2725 2757/2757
f 2758/2758 2726/2726 2725/2725
f 2693/2693 2692/2692 2725/2725
f 2692/2692 2724/2724 2725/2725
f 2756/2756 2757/2757 2725/2725
f 2756/2756 2725/2725 2724/2724
f 2784/2784 2783/2783 2816/2816
f 2816/2816 2783/2783 2815/2815
f 2814/2814 2815/2815 2783/2783
f 2782/2782 2814/2814 2783/2783
f 2946/2946 2945/2945 2978/2978
f 2977/2977 2978/2978 2945/2945
f 3010/3010 2978/2978 3009/3009
f 2977/2977 3009/3009 2978/2978
f 2946/2946 2978/2978 2947/2947
f 2947/2947 2978/2978 2979/2979
f 3010/3010 3011/3011 2978/2978
f 3011/3011 2979/2979 2978/2978
f 2911/2911 2912/2912 2880/2880
f 2911/2911 2880/2880 2879/2879
f 2847/2847 2880/2880 2848/2848
f 2847/2847 2879/2879 2880/2880
f 2461/2461 2460/2460 2502/2502
f 2461/2461 2502/2502 2503/2503
f 2584/2584 2585/2585 2545/2545
f 2546/2546 2545/2545 2585/2585
f 2544/2544 2583/2583 2545/2545
f 2584/2584 2545/2545 2583/2583
f 2691/2691 2658/2658 2690/2690
f 2690/2690 2658/2658 2657/2657
f 2659/2659 2658/2658 2692/2692
f 2691/2691 2692/2692 2658/2658
f 2625/2625 2658/2658 2659/2659
f 2625/2625 2624/2624 2658/2658
f 2624/2624 2623/2623 2658/2658
f 2657/2657 2658/2658 2623/2623
f 2622/2622 2623/2623 2585/2585
f 2586/2586 2585/2585 2623/2623
f 2622/2622 2656/2656 2623/2623
f 2656/2656 2657/2657 2623/2623
f 2587/2587 2586/2586 2623/2623
f 2587/2587 2623/2623 2624/2624
f 2456/2456 2412/2412 2455/2455
f 2411/2411 2455/2455 2412/2412
f 2457/2457 2412/2412 2456/2456
f 2413/2413 2412/2412 2457/2457
f 2366/2366 2412/2412 2367/2367
f 2411/2411 2412/2412 2366/2366
f 2413/2413 2368/2368 2412/2412
f 2368/2368 2367/2367 2412/2412
f 2230/2230 2229/2229 2274/2274
f 2273/2273 2274/2274 2229/2229
f 2511/2511 2512/2512 2469/2469
f 2470/2470 2469/2469 2512/2512
f 2471/2471 2470/2470 2512/2512
f 2471/2471 2512/2512 2513/2513
f 2189/2189 2190/2190 2147/2147
f 2148/2148 2147/2147 2190/2190
f 2280/2280 2279/2279 2326/2326
f 2325/2325 2326/2326 2279/2279
f 2278/2278 2324/2324 2279/2279
f 2325/2325 2279/2279 2324/2324
f 2236/2236 2279/2279 2280/2280
f 2236/2236 2235/2235 2279/2279
f 2933/2933 2901/2901 2932/2932
f 2900/2900 2932/2932 2901/2901
f 2868/2868 2900/2900 2901/2901
f 2868/2868 2901/2901 2869/2869
f 2933/2933 2965/2965 2934/2934
f 2966/2966 2934/2934 2965/2965
f 2871/2871 2840/2840 2839/2839
f 2871/2871 2872/2872 2840/2840
f 2633/2633 2599/2599 2632/2632
f 2598/2598 2632/2632 2599/2599
f 2666/2666 2633/2633 2632/2632
f 2666/2666 2632/2632 2665/2665
f 2858/2858 2857/2857 2890/2890
f 2890/2890 2857/2857 2889/2889
f 3458/3458 3493/3493 3459/3459
f 3492/3492 3493/3493 3458/3458
f 3494/3494 3460/3460 3493/3493
f 3460/3460 3459/3459 3493/3493
f 3494/3494 3493/3493 3528/3528
f 3528/3528 3493/3493 3527/3527
f 3527/3527 3493/3493 3526/3526
f 3492/3492 3526/3526 3493/3493
f 3492/3492 3491/3491 3526/3526
f 3525/3525 3526/3526 3491/3491
f 3559/3559 3526/3526 3525/3525
f 3559/3559 3560/3560 3526/3526
f 3561/3561 3526/3526 3560/3560
f 3561/3561 3527/3527 3526/3526
f 3396/3396 3429/3429 3430/3430
f 3397/3397 3396/3396 3430/3430
f 3130/3130 3129/3129 3162/3162
f 3161/3161 3162/3162 3129/3129
f 3096/3096 3128/3128 3129/3129
f 3096/3096 3129/3129 3097/3097
f 3130/3130 3098/3098 3129/3129
f 3098/3098 3097/3097 3129/3129
f 3355/3355 3323/3323 3322/3322
f 3355/3355 3356/3356 3323/3323
f 3290/3290 3289/3289 3323/3323
f 3289/3289 3322/3322 3323/3323
f 3357/3357 3323/3323 3356/3356
f 3357/3357 3324/3324 3323/3323
f 3290/3290 3323/3323 3291/3291
f 3291/3291 3323/3323 3324/3324
f 3524/3524 3525/3525 3490/3490
f 3525/3525 3491/3491 3490/3490
f 3489/3489 3523/3523 3490/3490
f 3524/3524 3490/3490 3523/3523
f 3457/3457 3490/3490 3491/3491
f 3457/3457 3456/3456 3490/3490
f 3489/3489 3490/3490 3455/3455
f 3455/3455 3490/3490 3456/3456
f 3200/3200 3166/3166 3199/3199
f 3200/3200 3167/3167 3166/3166
f 3198/3198 3166/3166 3165/3165
f 3198/3198 3199/3199 3166/3166
f 3133/3133 3165/3165 3166/3166
f 3133/3133 3166/3166 3134/3134
f 3134/3134 3166/3166 3135/3135
f 3167/3167 3135/3135 3166/3166
f 3104/3104 3135/3135 3136/3136
f 3104/3104 3103/3103 3135/3135
f 3168/3168 3136/3136 3135/3135
f 3168/3168 3135/3135 3167/3167
f 3103/3103 3102/3102 3135/3135
f 3102/3102 3134/3134 3135/3135
f 3505/3505 3471/3471 3504/3504
f 3470/3470 3504/3504 3471/3471
f 3571/3571 3537/3537 3570/3570
f 3536/3536 3570/3570 3537/3537
f 3571/3571 3572/3572 3537/3537
f 3572/3572 3538/3538 3537/3537
f 3574/3574 3540/3540 3539/3539
f 3574/3574 3539/3539 3573/3573
f 3506/3506 3539/3539 3540/3540
f 3505/3505 3539/3539 3506/3506
f 3572/3572 3573/3573 3539/3539
f 3572/3572 3539/3539 3538/3538
f 3505/3505 3504/3504 3539/3539
f 3538/3538 3539/3539 3504/3504
f 3569/3569 3570/3570 3535/3535
f 3536/3536 3535/3535 3570/3570
f 3568/3568 3535/3535 3534/3534
f 3569/3569 3535/3535 3568/3568
f 3502/3502 3535/3535 3536/3536
f 3502/3502 3501/3501 3535/3535
f 3500/3500 3534/3534 3535/3535
f 3500/3500 3535/3535 3501/3501
f 3335/3335 3368/3368 3369/3369
f 3335/3335 3369/3369 3336/3336
f 3470/3470 3436/3436 3435/3435
f 3470/3470 3435/3435 3469/3469
f 3434/3434 3433/3433 3468/3468
f 3467/3467 3468/3468 3433/3433
f 3467/3467 3501/3501 3468/3468
f 3502/3502 3468/3468 3501/3501
f 3469/3469 3435/3435 3468/3468
f 3434/3434 3468/3468 3435/3435
f 3332/3332 3299/3299 3331/3331
f 3299/3299 3298/3298 3331/3331
f 3297/3297 3330/3330 3331/3331
f 3297/3297 3331/3331 3298/3298
f 2964/2964 2996/2996 2965/2965
f 2997/2997 2965/2965 2996/2996
f 2964/2964 2963/2963 2996/2996
f 2963/2963 2995/2995 2996/2996
f 3067/3067 3035/3035 3066/3066
f 3066/3066 3035/3035 3034/3034
f 3514/3514 3515/3515 3480/3480
f 3481/3481 3480/3480 3515/3515
f 3547/3547 3513/3513 3512/3512
f 3547/3547 3512/3512 3546/3546
f 3546/3546 3512/3512 3545/3545
f 3545/3545 3512/3512 3511/3511
f 3477/3477 3511/3511 3512/3512
f 3477/3477 3512/3512 3478/3478
f 3181/3181 3214/3214 3182/3182
f 3215/3215 3182/3182 3214/3214
f 3376/3376 3409/3409 3377/3377
f 3410/3410 3377/3377 3409/3409
f 3178/3178 3179/3179 3145/3145
f 3146/3146 3145/3145 3179/3179
f 3343/3343 3310/3310 3342/3342
f 3309/3309 3342/3342 3310/3310
f 3481/3481 3447/3447 3446/3446
f 3481/3481 3446/3446 3480/3480
f 3447/3447 3413/3413 3446/3446
f 3412/3412 3446/3446 3413/3413
f 3412/3412 3411/3411 3446/3446
f 3445/3445 3446/3446 3411/3411
f 3410/3410 3411/3411 3377/3377
f 3378/3378 3377/3377 3411/3411
f 3410/3410 3444/3444 3411/3411
f 3444/3444 3445/3445 3411/3411
f 3478/3478 3512/3512 3479/3479
f 3513/3513 3479/3479 3512/3512
f 3445/3445 3479/3479 3446/3446
f 3480/3480 3446/3446 3479/3479
f 3513/3513 3514/3514 3479/3479
f 3514/3514 3480/3480 3479/3479
f 3444/3444 3479/3479 3445/3445
f 3478/3478 3479/3479 3444/3444
f 3385/3385 3352/3352 3384/3384
f 3351/3351 3384/3384 3352/3352
f 3318/3318 3352/3352 3319/3319
f 3351/3351 3352/3352 3318/3318
f 3153/3153 3185/3185 3186/3186
f 3153/3153 3152/3152 3185/3185
f 3024/3024 3023/3023 3055/3055
f 3024/3024 3055/3055 3056/3056
f 3023/3023 3022/3022 3055/3055
f 3054/3054 3055/3055 3022/3022
f 3056/3056 3055/3055 3088/3088
f 3087/3087 3088/3088 3055/3055
f 3057/3057 3056/3056 3088/3088
f 3057/3057 3088/3088 3089/3089
f 3089/3089 3088/3088 3121/3121
f 3121/3121 3088/3088 3120/3120
f 3026/3026 3058/3058 3059/3059
f 3026/3026 3059/3059 3027/3027
f 3090/3090 3059/3059 3058/3058
f 3090/3090 3091/3091 3059/3059
f 3060/3060 3059/3059 3092/3092
f 3092/3092 3059/3059 3091/3091
f 3054/3054 3021/3021 3053/3053
f 3054/3054 3022/3022 3021/3021
f 3020/3020 3052/3052 3021/3021
f 3053/3053 3021/3021 3052/3052
f 2990/2990 3021/3021 3022/3022
f 2990/2990 2989/2989 3021/3021
f 2988/2988 3021/3021 2989/2989
f 3020/3020 3021/3021 2988/2988
f 2921/2921 2920/2920 2953/2953
f 2920/2920 2952/2952 2953/2953
f 2923/2923 2955/2955 2924/2924
f 2956/2956 2924/2924 2955/2955
f 3181/3181 3182/3182 3148/3148
f 3149/3149 3148/3148 3182/3182
f 3084/3084 3115/3115 3116/3116
f 3084/3084 3083/3083 3115/3115
f 3114/3114 3115/3115 3082/3082
f 3083/3083 3082/3082 3115/3115
f 3112/3112 3080/3080 3111/3111
f 3079/3079 3111/3111 3080/3080
f 2685/2685 2652/2652 2651/2651
f 2685/2685 2651/2651 2684/2684
f 2648/2648 2681/2681 2682/2682
f 2648/2648 2682/2682 2649/2649
f 2370/2370 2369/2369 2414/2414
f 2370/2370 2414/2414 2415/2415
f 2369/2369 2368/2368 2414/2414
f 2413/2413 2414/2414 2368/2368
f 2413/2413 2457/2457 2414/2414
f 2457/2457 2458/2458 2414/2414
f 2458/2458 2459/2459 2414/2414
f 2415/2415 2414/2414 2459/2459
f 2460/2460 2459/2459 2502/2502
f 2501/2501 2502/2502 2459/2459
f 2416/2416 2459/2459 2460/2460
f 2416/2416 2415/2415 2459/2459
f 2501/2501 2459/2459 2500/2500
f 2458/2458 2500/2500 2459/2459
f 2540/2540 2541/2541 2500/2500
f 2540/2540 2500/2500 2499/2499
f 2457/2457 2499/2499 2500/2500
f 2457/2457 2500/2500 2458/2458
f 2451/2451 2452/2452 2407/2407
f 2408/2408 2407/2407 2452/2452
f 2535/2535 2536/2536 2494/2494
f 2495/2495 2494/2494 2536/2536
f 2495/2495 2536/2536 2496/2496
f 2496/2496 2536/2536 2537/2537
f 2537/2537 2536/2536 2576/2576
f 2575/2575 2576/2576 2536/2536
f 2613/2613 2614/2614 2576/2576
f 2577/2577 2576/2576 2614/2614
f 2613/2613 2576/2576 2612/2612
f 2575/2575 2612/2612 2576/2576
f 2577/2577 2538/2538 2576/2576
f 2538/2538 2537/2537 2576/2576
f 2485/2485 2484/2484 2525/2525
f 2485/2485 2525/2525 2526/2526
f 2483/2483 2524/2524 2525/2525
f 2483/2483 2525/2525 2484/2484
f 2563/2563 2525/2525 2524/2524
f 2563/2563 2564/2564 2525/2525
f 2706/2706 2674/2674 2705/2705
f 2705/2705 2674/2674 2673/2673
f 2446/2446 2445/2445 2488/2488
f 2487/2487 2488/2488 2445/2445
f 2571/2571 2532/2532 2570/2570
f 2531/2531 2570/2570 2532/2532
f 2702/2702 2670/2670 2701/2701
f 2701/2701 2670/2670 2669/2669
f 2737/2737 2736/2736 2769/2769
f 2768/2768 2769/2769 2736/2736
f 2221/2221 2220/2220 2265/2265
f 2264/2264 2265/2265 2220/2220
f 2221/2221 2222/2222 2177/2177
f 2178/2178 2177/2177 2222/2222
f 2178/2178 2222/2222 2179/2179
f 2223/2223 2179/2179 2222/2222
f 2266/2266 2222/2222 2265/2265
f 2221/2221 2265/2265 2222/2222
f 2266/2266 2267/2267 2222/2222
f 2223/2223 2222/2222 2267/2267
f 2446/2446 2402/2402 2401/2401
f 2446/2446 2401/2401 2445/2445
f 2971/2971 2939/2939 2938/2938
f 2971/2971 2938/2938 2970/2970
f 2970/2970 2938/2938 2969/2969
f 2969/2969 2938/2938 2937/2937
f 2685/2685 2684/2684 2716/2716
f 2685/2685 2716/2716 2717/2717
f 2717/2717 2716/2716 2749/2749
f 2749/2749 2716/2716 2748/2748
f 2711/2711 2712/2712 2679/2679
f 2680/2680 2679/2679 2712/2712
f 2711/2711 2743/2743 2712/2712
f 2743/2743 2744/2744 2712/2712
f 2575/2575 2536/2536 2574/2574
f 2535/2535 2574/2574 2536/2536
f 2612/2612 2574/2574 2611/2611
f 2575/2575 2574/2574 2612/2612
f 2610/2610 2611/2611 2574/2574
f 2610/2610 2574/2574 2573/2573
f 2535/2535 2534/2534 2574/2574
f 2534/2534 2573/2573 2574/2574
f 2942/2942 2910/2910 2909/2909
f 2941/2941 2942/2942 2909/2909
f 2941/2941 2909/2909 2940/2940
f 2940/2940 2909/2909 2908/2908
f 2910/2910 2878/2878 2909/2909
f 2877/2877 2909/2909 2878/2878
f 2911/2911 2878/2878 2910/2910
f 2911/2911 2879/2879 2878/2878
f 2847/2847 2878/2878 2879/2879
f 2847/2847 2846/2846 2878/2878
f 2779/2779 2811/2811 2812/2812
f 2780/2780 2779/2779 2812/2812
f 2852/2852 2884/2884 2885/2885
f 2853/2853 2852/2852 2885/2885
f 2853/2853 2885/2885 2854/2854
f 2854/2854 2885/2885 2886/2886
f 2884/2884 2916/2916 2885/2885
f 2916/2916 2917/2917 2885/2885
f 2918/2918 2885/2885 2917/2917
f 2918/2918 2886/2886 2885/2885
f 2756/2756 2787/2787 2788/2788
f 2756/2756 2755/2755 2787/2787
f 2755/2755 2754/2754 2787/2787
f 2786/2786 2787/2787 2754/2754
f 2820/2820 2788/2788 2787/2787
f 2820/2820 2787/2787 2819/2819
f 2786/2786 2818/2818 2787/2787
f 2818/2818 2819/2819 2787/2787
f 3139/3139 3140/3140 3108/3108
f 3139/3139 3108/3108 3107/3107
f 3140/3140 3141/3141 3108/3108
f 3141/3141 3109/3109 3108/3108
f 3304/3304 3271/3271 3270/3270
f 3304/3304 3270/3270 3303/3303
f 3238/3238 3270/3270 3271/3271
f 3238/3238 3237/3237 3270/3270
f 1928/1928 1929/1929 1899/1899
f 1928/1928 1899/1899 1898/1898
f 1873/1873 1872/1872 1899/1899
f 1872/1872 1898/1898 1899/1899
f 1929/1929 1930/1930 1899/1899
f 1930/1930 1900/1900 1899/1899
f 1873/1873 1899/1899 1874/1874
f 1874/1874 1899/1899 1900/1900
f 1893/1893 1923/1923 1924/1924
f 1893/1893 1924/1924 1894/1894
f 1955/1955 1956/1956 1924/1924
f 1955/1955 1924/1924 1923/1923
f 1894/1894 1924/1924 1895/1895
f 1895/1895 1924/1924 1925/1925
f 1957/1957 1925/1925 1924/1924
f 1956/1956 1957/1957 1924/1924
f 2064/2064 2065/2065 2027/2027
f 2028/2028 2027/2027 2065/2065
f 1992/1992 2027/2027 2028/2028
f 1992/1992 1991/1991 2027/2027
f 1923/1923 1922/1922 1954/1954
f 1955/1955 1923/1923 1954/1954
f 1988/1988 1989/1989 1954/1954
f 1955/1955 1954/1954 1989/1989
f 1922/1922 1921/1921 1954/1954
f 1921/1921 1953/1953 1954/1954
f 1987/1987 1954/1954 1953/1953
f 1988/1988 1954/1954 1987/1987
f 2146/2146 2106/2106 2145/2145
f 2145/2145 2106/2106 2105/2105
f 2146/2146 2147/2147 2106/2106
f 2107/2107 2106/2106 2147/2147
f 2067/2067 2105/2105 2106/2106
f 2067/2067 2106/2106 2068/2068
f 2107/2107 2069/2069 2106/2106
f 2069/2069 2068/2068 2106/2106
f 2180/2180 2179/2179 2224/2224
f 2223/2223 2224/2224 2179/2179
f 2223/2223 2267/2267 2224/2224
f 2268/2268 2224/2224 2267/2267
f 2180/2180 2224/2224 2181/2181
f 2181/2181 2224/2224 2225/2225
f 2269/2269 2225/2225 2224/2224
f 2268/2268 2269/2269 2224/2224
f 2409/2409 2364/2364 2408/2408
f 2408/2408 2364/2364 2363/2363
f 2273/2273 2229/2229 2228/2228
f 2273/2273 2228/2228 2272/2272
f 1952/1952 1951/1951 1985/1985
f 1952/1952 1985/1985 1986/1986
f 1951/1951 1950/1950 1985/1985
f 1984/1984 1985/1985 1950/1950
f 2020/2020 2021/2021 1985/1985
f 1984/1984 2020/2020 1985/1985
f 1986/1986 1985/1985 2022/2022
f 2021/2021 2022/2022 1985/1985
f 1987/1987 1986/1986 2022/2022
f 1987/1987 2022/2022 2023/2023
f 2054/2054 2055/2055 2018/2018
f 2017/2017 2054/2054 2018/2018
f 1982/1982 1981/1981 2018/2018
f 2017/2017 2018/2018 1981/1981
f 2056/2056 2018/2018 2055/2055
f 2056/2056 2019/2019 2018/2018
f 1982/1982 2018/2018 1983/1983
f 1983/1983 2018/2018 2019/2019
f 2123/2123 2165/2165 2124/2124
f 2166/2166 2124/2124 2165/2165
f 2083/2083 2124/2124 2084/2084
f 2123/2123 2124/2124 2083/2083
f 2167/2167 2124/2124 2166/2166
f 2167/2167 2125/2125 2124/2124
f 2084/2084 2124/2124 2085/2085
f 2085/2085 2124/2124 2125/2125
f 2088/2088 2050/2050 2087/2087
f 2049/2049 2087/2087 2050/2050
f 2167/2167 2166/2166 2211/2211
f 2166/2166 2210/2210 2211/2211
f 2212/2212 2168/2168 2211/2211
f 2167/2167 2211/2211 2168/2168
f 2254/2254 2255/2255 2211/2211
f 2254/2254 2211/2211 2210/2210
f 2212/2212 2256/2256 2213/2213
f 2257/2257 2213/2213 2256/2256
f 2255/2255 2256/2256 2211/2211
f 2212/2212 2211/2211 2256/2256
f 2257/2257 2256/2256 2303/2303
f 2303/2303 2256/2256 2302/2302
f 2301/2301 2256/2256 2255/2255
f 2302/2302 2256/2256 2301/2301
f 2307/2307 2261/2261 2306/2306
f 2306/2306 2261/2261 2260/2260
f 2307/2307 2308/2308 2261/2261
f 2262/2262 2261/2261 2308/2308
f 2216/2216 2260/2260 2261/2261
f 2216/2216 2261/2261 2217/2217
f 2218/2218 2261/2261 2262/2262
f 2218/2218 2217/2217 2261/2261
f 1942/1942 1976/1976 1977/1977
f 1942/1942 1977/1977 1943/1943
f 1976/1976 2012/2012 1977/1977
f 2013/2013 1977/1977 2012/2012
f 1943/1943 1977/1977 1944/1944
f 1944/1944 1977/1977 1978/1978
f 2013/2013 2014/2014 1977/1977
f 2014/2014 1978/1978 1977/1977
f 2207/2207 2208/2208 2163/2163
f 2164/2164 2163/2163 2208/2208
f 2207/2207 2251/2251 2208/2208
f 2251/2251 2252/2252 2208/2208
f 2254/2254 2253/2253 2300/2300
f 2299/2299 2300/2300 2253/2253
f 2299/2299 2253/2253 2298/2298
f 2298/2298 2253/2253 2252/2252
f 2432/2432 2388/2388 2387/2387
f 2431/2431 2432/2432 2387/2387
f 2388/2388 2343/2343 2387/2387
f 2343/2343 2342/2342 2387/2387
f 2341/2341 2387/2387 2342/2342
f 2341/2341 2386/2386 2387/2387
f 2301/2301 2300/2300 2346/2346
f 2301/2301 2346/2346 2347/2347
f 2299/2299 2345/2345 2346/2346
f 2299/2299 2346/2346 2300/2300
f 2392/2392 2347/2347 2346/2346
f 2392/2392 2346/2346 2391/2391
f 2345/2345 2390/2390 2346/2346
f 2390/2390 2391/2391 2346/2346
f 2285/2285 2284/2284 2331/2331
f 2330/2330 2331/2331 2284/2284
f 2329/2329 2330/2330 2284/2284
f 2329/2329 2284/2284 2283/2283
f 2077/2077 2114/2114 2115/2115
f 2077/2077 2076/2076 2114/2114
f 2076/2076 2075/2075 2114/2114
f 2075/2075 2113/2113 2114/2114
f 2685/2685 2717/2717 2718/2718
f 2685/2685 2718/2718 2686/2686
f 2912/2912 2913/2913 2881/2881
f 2912/2912 2881/2881 2880/2880
f 2619/2619 2620/2620 2582/2582
f 2620/2620 2583/2583 2582/2582
f 2461/2461 2504/2504 2462/2462
f 2461/2461 2503/2503 2504/2504
f 2463/2463 2462/2462 2504/2504
f 2463/2463 2504/2504 2505/2505
f 2544/2544 2545/2545 2504/2504
f 2544/2544 2504/2504 2503/2503
f 2546/2546 2505/2505 2504/2504
f 2546/2546 2504/2504 2545/2545
f 2322/2322 2321/2321 2368/2368
f 2368/2368 2321/2321 2367/2367
f 2593/2593 2554/2554 2553/2553
f 2592/2592 2593/2593 2553/2553
f 2592/2592 2553/2553 2591/2591
f 2552/2552 2591/2591 2553/2553
f 2513/2513 2553/2553 2554/2554
f 2513/2513 2512/2512 2553/2553
f 2511/2511 2552/2552 2553/2553
f 2511/2511 2553/2553 2512/2512
f 2235/2235 2234/2234 2279/2279
f 2278/2278 2279/2279 2234/2234
f 2233/2233 2277/2277 2234/2234
f 2278/2278 2234/2234 2277/2277
f 2233/2233 2234/2234 2189/2189
f 2189/2189 2234/2234 2190/2190
f 2190/2190 2234/2234 2191/2191
f 2235/2235 2191/2191 2234/2234
f 2149/2149 2191/2191 2150/2150
f 2192/2192 2150/2150 2191/2191
f 2192/2192 2191/2191 2236/2236
f 2236/2236 2191/2191 2235/2235
f 2149/2149 2148/2148 2191/2191
f 2148/2148 2190/2190 2191/2191
f 2904/2904 2903/2903 2935/2935
f 2904/2904 2935/2935 2936/2936
f 2968/2968 2935/2935 2967/2967
f 2968/2968 2936/2936 2935/2935
f 2966/2966 2967/2967 2935/2935
f 2966/2966 2935/2935 2934/2934
f 2934/2934 2935/2935 2902/2902
f 2903/2903 2902/2902 2935/2935
f 2871/2871 2870/2870 2902/2902
f 2871/2871 2902/2902 2903/2903
f 2870/2870 2869/2869 2902/2902
f 2869/2869 2901/2901 2902/2902
f 2933/2933 2902/2902 2901/2901
f 2933/2933 2934/2934 2902/2902
f 2810/2810 2778/2778 2809/2809
f 2778/2778 2777/2777 2809/2809
f 2596/2596 2631/2631 2597/2597
f 2630/2630 2631/2631 2596/2596
f 2598/2598 2597/2597 2631/2631
f 2598/2598 2631/2631 2632/2632
f 2792/2792 2825/2825 2793/2793
f 2792/2792 2824/2824 2825/2825
f 2794/2794 2793/2793 2825/2825
f 2794/2794 2825/2825 2826/2826
f 2858/2858 2826/2826 2825/2825
f 2858/2858 2825/2825 2857/2857
f 2857/2857 2825/2825 2856/2856
f 2824/2824 2856/2856 2825/2825
f 2887/2887 2888/2888 2856/2856
f 2855/2855 2887/2887 2856/2856
f 2823/2823 2856/2856 2824/2824
f 2855/2855 2856/2856 2823/2823
f 2888/2888 2889/2889 2856/2856
f 2889/2889 2857/2857 2856/2856
f 3543/3543 3509/3509 3508/3508
f 3543/3543 3508/3508 3542/3542
f 3510/3510 3475/3475 3509/3509
f 3510/3510 3476/3476 3475/3475
f 3509/3509 3475/3475 3508/3508
f 3474/3474 3508/3508 3475/3475
f 3440/3440 3475/3475 3441/3441
f 3440/3440 3474/3474 3475/3475
f 3500/3500 3465/3465 3499/3499
f 3500/3500 3466/3466 3465/3465
f 3195/3195 3227/3227 3228/3228
f 3195/3195 3194/3194 3227/3227
f 3228/3228 3227/3227 3261/3261
f 3260/3260 3261/3261 3227/3227
f 3260/3260 3227/3227 3259/3259
f 3259/3259 3227/3227 3226/3226
f 3190/3190 3224/3224 3191/3191
f 3190/3190 3223/3223 3224/3224
f 3128/3128 3160/3160 3129/3129
f 3161/3161 3129/3129 3160/3160
f 3469/3469 3468/3468 3503/3503
f 3502/3502 3503/3503 3468/3468
f 3470/3470 3503/3503 3504/3504
f 3470/3470 3469/3469 3503/3503
f 3538/3538 3503/3503 3537/3537
f 3538/3538 3504/3504 3503/3503
f 3536/3536 3537/3537 3503/3503
f 3502/3502 3536/3536 3503/3503
f 3371/3371 3370/3370 3404/3404
f 3404/3404 3370/3370 3403/3403
f 3338/3338 3370/3370 3371/3371
f 3337/3337 3370/3370 3338/3338
f 3337/3337 3336/3336 3370/3370
f 3336/3336 3369/3369 3370/3370
f 3369/3369 3402/3402 3370/3370
f 3403/3403 3370/3370 3402/3402
f 3401/3401 3402/3402 3368/3368
f 3368/3368 3402/3402 3369/3369
f 3436/3436 3403/3403 3402/3402
f 3436/3436 3402/3402 3435/3435
f 3401/3401 3434/3434 3402/3402
f 3434/3434 3435/3435 3402/3402
f 3396/3396 3364/3364 3363/3363
f 3397/3397 3364/3364 3396/3396
f 3398/3398 3365/3365 3364/3364
f 3397/3397 3398/3398 3364/3364
f 3330/3330 3363/3363 3364/3364
f 3330/3330 3364/3364 3331/3331
f 3332/3332 3364/3364 3365/3365
f 3332/3332 3331/3331 3364/3364
f 3060/3060 3028/3028 3059/3059
f 3027/3027 3059/3059 3028/3028
f 3060/3060 3061/3061 3028/3028
f 3029/3029 3028/3028 3061/3061
f 2995/2995 3027/3027 3028/3028
f 2995/2995 3028/3028 2996/2996
f 2997/2997 3028/3028 3029/3029
f 2997/2997 2996/2996 3028/3028
f 3005/3005 3004/3004 3036/3036
f 3005/3005 3036/3036 3037/3037
f 3069/3069 3036/3036 3068/3068
f 3069/3069 3037/3037 3036/3036
f 3067/3067 3068/3068 3036/3036
f 3067/3067 3036/3036 3035/3035
f 3035/3035 3036/3036 3003/3003
f 3004/3004 3003/3003 3036/3036
f 2970/2970 3002/3002 3003/3003
f 2971/2971 2970/2970 3003/3003
f 2971/2971 3003/3003 2972/2972
f 2972/2972 3003/3003 3004/3004
f 3002/3002 3034/3034 3003/3003
f 3034/3034 3035/3035 3003/3003
f 3551/3551 3517/3517 3516/3516
f 3551/3551 3516/3516 3550/3550
f 3517/3517 3483/3483 3516/3516
f 3482/3482 3516/3516 3483/3483
f 3481/3481 3516/3516 3482/3482
f 3481/3481 3515/3515 3516/3516
f 3515/3515 3549/3549 3516/3516
f 3550/3550 3516/3516 3549/3549
f 3580/3580 3549/3549 3548/3548
f 3581/3581 3549/3549 3580/3580
f 3582/3582 3550/3550 3549/3549
f 3581/3581 3582/3582 3549/3549
f 3548/3548 3549/3549 3514/3514
f 3514/3514 3549/3549 3515/3515
f 3476/3476 3442/3442 3475/3475
f 3441/3441 3475/3475 3442/3442
f 3342/3342 3308/3308 3341/3341
f 3309/3309 3308/3308 3342/3342
f 3341/3341 3308/3308 3340/3340
f 3307/3307 3340/3340 3308/3308
f 3274/3274 3308/3308 3275/3275
f 3274/3274 3307/3307 3308/3308
f 3247/3247 3248/3248 3214/3214
f 3215/3215 3214/3214 3248/3248
f 3249/3249 3216/3216 3248/3248
f 3215/3215 3248/3248 3216/3216
f 3280/3280 3279/3279 3313/3313
f 3312/3312 3313/3313 3279/3279
f 3312/3312 3345/3345 3313/3313
f 3346/3346 3313/3313 3345/3345
f 3413/3413 3414/3414 3380/3380
f 3381/3381 3380/3380 3414/3414
f 3146/3146 3113/3113 3145/3145
f 3146/3146 3114/3114 3113/3113
f 3112/3112 3111/3111 3144/3144
f 3143/3143 3144/3144 3111/3111
f 3177/3177 3144/3144 3176/3176
f 3176/3176 3144/3144 3143/3143
f 3145/3145 3113/3113 3144/3144
f 3112/3112 3144/3144 3113/3113
f 3177/3177 3178/3178 3144/3144
f 3178/3178 3145/3145 3144/3144
f 3275/3275 3308/3308 3276/3276
f 3309/3309 3276/3276 3308/3308
f 3385/3385 3386/3386 3353/3353
f 3385/3385 3353/3353 3352/3352
f 3120/3120 3088/3088 3119/3119
f 3087/3087 3119/3119 3088/3088
f 2985/2985 2954/2954 2953/2953
f 2985/2985 2986/2986 2954/2954
f 2921/2921 2954/2954 2922/2922
f 2921/2921 2953/2953 2954/2954
f 2923/2923 2922/2922 2954/2954
f 2923/2923 2954/2954 2955/2955
f 3114/3114 3147/3147 3115/3115
f 3146/3146 3147/3147 3114/3114
f 3116/3116 3115/3115 3147/3147
f 3116/3116 3147/3147 3148/3148
f 2652/2652 2618/2618 2617/2617
f 2652/2652 2617/2617 2651/2651
f 2649/2649 2682/2682 2650/2650
f 2683/2683 2650/2650 2682/2682
f 2684/2684 2651/2651 2650/2650
f 2683/2683 2684/2684 2650/2650
f 2564/2564 2565/2565 2525/2525
f 2526/2526 2525/2525 2565/2565
f 2638/2638 2639/2639 2604/2604
f 2605/2605 2604/2604 2639/2639
f 2608/2608 2642/2642 2609/2609
f 2643/2643 2609/2609 2642/2642
f 2569/2569 2570/2570 2530/2530
f 2531/2531 2530/2530 2570/2570
f 2529/2529 2568/2568 2530/2530
f 2569/2569 2530/2530 2568/2568
f 2449/2449 2448/2448 2491/2491
f 2490/2490 2491/2491 2448/2448
f 2531/2531 2532/2532 2491/2491
f 2490/2490 2531/2531 2491/2491
f 2603/2603 2637/2637 2604/2604
f 2638/2638 2604/2604 2637/2637
f 2636/2636 2669/2669 2637/2637
f 2669/2669 2670/2670 2637/2637
f 2638/2638 2637/2637 2671/2671
f 2671/2671 2637/2637 2670/2670
f 2705/2705 2673/2673 2704/2704
f 2672/2672 2704/2704 2673/2673
f 2737/2737 2705/2705 2704/2704
f 2737/2737 2704/2704 2736/2736
f 2315/2315 2269/2269 2314/2314
f 2268/2268 2314/2314 2269/2269
f 2315/2315 2314/2314 2361/2361
f 2360/2360 2361/2361 2314/2314
f 2355/2355 2310/2310 2309/2309
f 2356/2356 2310/2310 2355/2355
f 2264/2264 2263/2263 2310/2310
f 2309/2309 2310/2310 2263/2263
f 2354/2354 2400/2400 2355/2355
f 2354/2354 2399/2399 2400/2400
f 2356/2356 2355/2355 2400/2400
f 2356/2356 2400/2400 2401/2401
f 2907/2907 2875/2875 2906/2906
f 2874/2874 2906/2906 2875/2875
f 2873/2873 2905/2905 2906/2906
f 2874/2874 2873/2873 2906/2906
f 2905/2905 2937/2937 2906/2906
f 2937/2937 2938/2938 2906/2906
f 2939/2939 2907/2907 2906/2906
f 2939/2939 2906/2906 2938/2938
f 2778/2778 2779/2779 2747/2747
f 2778/2778 2747/2747 2746/2746
f 2780/2780 2748/2748 2747/2747
f 2780/2780 2747/2747 2779/2779
f 2681/2681 2713/2713 2682/2682
f 2714/2714 2682/2682 2713/2713
f 2746/2746 2713/2713 2745/2745
f 2714/2714 2713/2713 2746/2746
f 2680/2680 2713/2713 2681/2681
f 2680/2680 2712/2712 2713/2713
f 2745/2745 2713/2713 2744/2744
f 2744/2744 2713/2713 2712/2712
f 2810/2810 2843/2843 2811/2811
f 2810/2810 2842/2842 2843/2843
f 2874/2874 2875/2875 2843/2843
f 2874/2874 2843/2843 2842/2842
f 2908/2908 2909/2909 2876/2876
f 2877/2877 2876/2876 2909/2909
f 2907/2907 2908/2908 2876/2876
f 2907/2907 2876/2876 2875/2875
f 2846/2846 2845/2845 2878/2878
f 2877/2877 2878/2878 2845/2845
f 3075/3075 3076/3076 3043/3043
f 3044/3044 3043/3043 3076/3076
f 3075/3075 3107/3107 3076/3076
f 3107/3107 3108/3108 3076/3076
f 3268/3268 3301/3301 3269/3269
f 3301/3301 3302/3302 3269/3269
f 3268/3268 3269/3269 3235/3235
f 3236/3236 3235/3235 3269/3269
f 3302/3302 3303/3303 3269/3269
f 3303/3303 3270/3270 3269/3269
f 3236/3236 3269/3269 3237/3237
f 3237/3237 3269/3269 3270/3270
f 1955/1955 1990/1990 1956/1956
f 1955/1955 1989/1989 1990/1990
f 1957/1957 1990/1990 1991/1991
f 1956/1956 1990/1990 1957/1957
f 2411/2411 2366/2366 2365/2365
f 2411/2411 2365/2365 2410/2410
f 2409/2409 2410/2410 2365/2365
f 2409/2409 2365/2365 2364/2364
f 2182/2182 2183/2183 2140/2140
f 2140/2140 2183/2183 2141/2141
f 2097/2097 2098/2098 2059/2059
f 2098/2098 2060/2060 2059/2059
f 2058/2058 2096/2096 2059/2059
f 2097/2097 2059/2059 2096/2096
f 2060/2060 2023/2023 2059/2059
f 2023/2023 2022/2022 2059/2059
f 2058/2058 2059/2059 2021/2021
f 2021/2021 2059/2059 2022/2022
f 2167/2167 2126/2126 2125/2125
f 2167/2167 2168/2168 2126/2126
f 2164/2164 2209/2209 2165/2165
f 2164/2164 2208/2208 2209/2209
f 2166/2166 2165/2165 2209/2209
f 2166/2166 2209/2209 2210/2210
f 2252/2252 2209/2209 2208/2208
f 2252/2252 2253/2253 2209/2209
f 2254/2254 2210/2210 2209/2209
f 2254/2254 2209/2209 2253/2253
f 2285/2285 2241/2241 2240/2240
f 2285/2285 2240/2240 2284/2284
f 2116/2116 2115/2115 2155/2155
f 2116/2116 2155/2155 2156/2156
f 2198/2198 2156/2156 2155/2155
f 2198/2198 2155/2155 2197/2197
f 2687/2687 2719/2719 2688/2688
f 2688/2688 2719/2719 2720/2720
f 2687/2687 2686/2686 2719/2719
f 2686/2686 2718/2718 2719/2719
f 2818/2818 2850/2850 2819/2819
f 2851/2851 2819/2819 2850/2850
f 2618/2618 2581/2581 2617/2617
f 2580/2580 2617/2617 2581/2581
f 2619/2619 2581/2581 2618/2618
f 2619/2619 2582/2582 2581/2581
f 2366/2366 2367/2367 2320/2320
f 2367/2367 2321/2321 2320/2320
f 2231/2231 2230/2230 2275/2275
f 2230/2230 2274/2274 2275/2275
f 2276/2276 2232/2232 2275/2275
f 2231/2231 2275/2275 2232/2232
f 2321/2321 2275/2275 2320/2320
f 2274/2274 2320/2320 2275/2275
f 2322/2322 2276/2276 2275/2275
f 2322/2322 2275/2275 2321/2321
f 2872/2872 2873/2873 2841/2841
f 2872/2872 2841/2841 2840/2840
f 2874/2874 2842/2842 2841/2841
f 2874/2874 2841/2841 2873/2873
f 2810/2810 2809/2809 2841/2841
f 2810/2810 2841/2841 2842/2842
f 2809/2809 2808/2808 2841/2841
f 2840/2840 2841/2841 2808/2808
f 2775/2775 2807/2807 2808/2808
f 2775/2775 2808/2808 2776/2776
f 2839/2839 2808/2808 2807/2807
f 2839/2839 2840/2840 2808/2808
f 2776/2776 2808/2808 2777/2777
f 2777/2777 2808/2808 2809/2809
f 2697/2697 2664/2664 2696/2696
f 2697/2697 2665/2665 2664/2664
f 2696/2696 2664/2664 2695/2695
f 2695/2695 2664/2664 2663/2663
f 2665/2665 2632/2632 2664/2664
f 2632/2632 2631/2631 2664/2664
f 2630/2630 2664/2664 2631/2631
f 2630/2630 2663/2663 2664/2664
f 3397/3397 3430/3430 3431/3431
f 3397/3397 3431/3431 3398/3398
f 3432/3432 3399/3399 3431/3431
f 3399/3399 3398/3398 3431/3431
f 3432/3432 3431/3431 3466/3466
f 3466/3466 3431/3431 3465/3465
f 3465/3465 3431/3431 3464/3464
f 3430/3430 3464/3464 3431/3431
f 3463/3463 3497/3497 3464/3464
f 3497/3497 3498/3498 3464/3464
f 3463/3463 3464/3464 3429/3429
f 3429/3429 3464/3464 3430/3430
f 3498/3498 3499/3499 3464/3464
f 3499/3499 3465/3465 3464/3464
f 3290/3290 3257/3257 3289/3289
f 3289/3289 3257/3257 3256/3256
f 3256/3256 3257/3257 3223/3223
f 3223/3223 3257/3257 3224/3224
f 3127/3127 3126/3126 3159/3159
f 3126/3126 3158/3158 3159/3159
f 3127/3127 3159/3159 3128/3128
f 3128/3128 3159/3159 3160/3160
f 3226/3226 3227/3227 3193/3193
f 3194/3194 3193/3193 3227/3227
f 3161/3161 3193/3193 3194/3194
f 3161/3161 3160/3160 3193/3193
f 3440/3440 3441/3441 3407/3407
f 3440/3440 3407/3407 3406/3406
f 3477/3477 3478/3478 3443/3443
f 3478/3478 3444/3444 3443/3443
f 3410/3410 3409/3409 3443/3443
f 3410/3410 3443/3443 3444/3444
f 3477/3477 3443/3443 3476/3476
f 3476/3476 3443/3443 3442/3442
f 3149/3149 3183/3183 3150/3150
f 3149/3149 3182/3182 3183/3183
f 3215/3215 3183/3183 3182/3182
f 3215/3215 3216/3216 3183/3183
f 3351/3351 3318/3318 3317/3317
f 3351/3351 3317/3317 3350/3350
f 3376/3376 3377/3377 3344/3344
f 3343/3343 3376/3376 3344/3344
f 3378/3378 3344/3344 3377/3377
f 3378/3378 3345/3345 3344/3344
f 3412/3412 3379/3379 3411/3411
f 3378/3378 3411/3411 3379/3379
f 3346/3346 3345/3345 3379/3379
f 3378/3378 3379/3379 3345/3345
f 3412/3412 3413/3413 3379/3379
f 3413/3413 3380/3380 3379/3379
f 3114/3114 3082/3082 3081/3081
f 3114/3114 3081/3081 3113/3113
f 3112/3112 3081/3081 3080/3080
f 3112/3112 3113/3113 3081/3081
f 3211/3211 3212/3212 3178/3178
f 3178/3178 3212/3212 3179/3179
f 3280/3280 3246/3246 3279/3279
f 3247/3247 3246/3246 3280/3280
f 3247/3247 3214/3214 3246/3246
f 3214/3214 3213/3213 3246/3246
f 3242/3242 3243/3243 3209/3209
f 3209/3209 3243/3243 3210/3210
f 3242/3242 3275/3275 3243/3243
f 3275/3275 3276/3276 3243/3243
f 3355/3355 3354/3354 3388/3388
f 3387/3387 3388/3388 3354/3354
f 3387/3387 3354/3354 3386/3386
f 3386/3386 3354/3354 3353/3353
f 3053/3053 3052/3052 3085/3085
f 3084/3084 3085/3085 3052/3052
f 3150/3150 3183/3183 3151/3151
f 3184/3184 3151/3151 3183/3183
f 3152/3152 3151/3151 3185/3185
f 3184/3184 3185/3185 3151/3151
f 3120/3120 3151/3151 3152/3152
f 3120/3120 3119/3119 3151/3151
f 2985/2985 3017/3017 2986/2986
f 2986/2986 3017/3017 3018/3018
f 3080/3080 3081/3081 3048/3048
f 3049/3049 3048/3048 3081/3081
f 3049/3049 3017/3017 3048/3048
f 3016/3016 3048/3048 3017/3017
f 3084/3084 3051/3051 3083/3083
f 3084/3084 3052/3052 3051/3051
f 3020/3020 3051/3051 3052/3052
f 3020/3020 3019/3019 3051/3051
f 2955/2955 2954/2954 2987/2987
f 2986/2986 2987/2987 2954/2954
f 2956/2956 2987/2987 2988/2988
f 2956/2956 2955/2955 2987/2987
f 2986/2986 3018/3018 2987/2987
f 3018/3018 3019/3019 2987/2987
f 3020/3020 2988/2988 2987/2987
f 3020/3020 2987/2987 3019/3019
f 3179/3179 3212/3212 3180/3180
f 3213/3213 3180/3180 3212/3212
f 3181/3181 3180/3180 3214/3214
f 3214/3214 3180/3180 3213/3213
f 3146/3146 3179/3179 3180/3180
f 3146/3146 3180/3180 3147/3147
f 3181/3181 3148/3148 3180/3180
f 3148/3148 3147/3147 3180/3180
f 2580/2580 2579/2579 2616/2616
f 2580/2580 2616/2616 2617/2617
f 2578/2578 2616/2616 2579/2579
f 2578/2578 2615/2615 2616/2616
f 2651/2651 2617/2617 2616/2616
f 2651/2651 2616/2616 2650/2650
f 2615/2615 2649/2649 2616/2616
f 2649/2649 2650/2650 2616/2616
f 2408/2408 2362/2362 2407/2407
f 2408/2408 2363/2363 2362/2362
f 2317/2317 2316/2316 2362/2362
f 2317/2317 2362/2362 2363/2363
f 2315/2315 2362/2362 2316/2316
f 2315/2315 2361/2361 2362/2362
f 2361/2361 2406/2406 2362/2362
f 2407/2407 2362/2362 2406/2406
f 2449/2449 2406/2406 2405/2405
f 2450/2450 2406/2406 2449/2449
f 2451/2451 2407/2407 2406/2406
f 2450/2450 2451/2451 2406/2406
f 2360/2360 2406/2406 2361/2361
f 2360/2360 2405/2405 2406/2406
f 2636/2636 2637/2637 2602/2602
f 2603/2603 2602/2602 2637/2637
f 2601/2601 2635/2635 2602/2602
f 2635/2635 2636/2636 2602/2602
f 2601/2601 2602/2602 2564/2564
f 2564/2564 2602/2602 2565/2565
f 2487/2487 2528/2528 2488/2488
f 2529/2529 2488/2488 2528/2528
f 2706/2706 2707/2707 2675/2675
f 2706/2706 2675/2675 2674/2674
f 2708/2708 2676/2676 2675/2675
f 2708/2708 2675/2675 2707/2707
f 2643/2643 2675/2675 2676/2676
f 2643/2643 2642/2642 2675/2675
f 2608/2608 2571/2571 2607/2607
f 2571/2571 2570/2570 2607/2607
f 2446/2446 2489/2489 2447/2447
f 2446/2446 2488/2488 2489/2489
f 2447/2447 2489/2489 2448/2448
f 2490/2490 2448/2448 2489/2489
f 2529/2529 2489/2489 2488/2488
f 2529/2529 2530/2530 2489/2489
f 2490/2490 2489/2489 2531/2531
f 2531/2531 2489/2489 2530/2530
f 2572/2572 2573/2573 2533/2533
f 2534/2534 2533/2533 2573/2573
f 2572/2572 2533/2533 2571/2571
f 2571/2571 2533/2533 2532/2532
f 2702/2702 2703/2703 2670/2670
f 2671/2671 2670/2670 2703/2703
f 2672/2672 2671/2671 2703/2703
f 2672/2672 2703/2703 2704/2704
f 2487/2487 2445/2445 2444/2444
f 2487/2487 2444/2444 2486/2486
f 2485/2485 2444/2444 2443/2443
f 2485/2485 2486/2486 2444/2444
f 2445/2445 2401/2401 2444/2444
f 2401/2401 2400/2400 2444/2444
f 2399/2399 2443/2443 2444/2444
f 2399/2399 2444/2444 2400/2400
f 2684/2684 2715/2715 2716/2716
f 2683/2683 2715/2715 2684/2684
f 2683/2683 2682/2682 2715/2715
f 2714/2714 2715/2715 2682/2682
f 2748/2748 2716/2716 2715/2715
f 2748/2748 2715/2715 2747/2747
f 2714/2714 2746/2746 2715/2715
f 2746/2746 2747/2747 2715/2715
f 2875/2875 2844/2844 2843/2843
f 2875/2875 2876/2876 2844/2844
f 2811/2811 2844/2844 2812/2812
f 2811/2811 2843/2843 2844/2844
f 2877/2877 2844/2844 2876/2876
f 2877/2877 2845/2845 2844/2844
f 2845/2845 2813/2813 2844/2844
f 2812/2812 2844/2844 2813/2813
f 2782/2782 2813/2813 2814/2814
f 2781/2781 2813/2813 2782/2782
f 2780/2780 2813/2813 2781/2781
f 2780/2780 2812/2812 2813/2813
f 2814/2814 2813/2813 2846/2846
f 2846/2846 2813/2813 2845/2845
f 3110/3110 3077/3077 3109/3109
f 3078/3078 3077/3077 3110/3110
f 3046/3046 3045/3045 3077/3077
f 3078/3078 3046/3046 3077/3077
f 3109/3109 3077/3077 3108/3108
f 3108/3108 3077/3077 3076/3076
f 3045/3045 3044/3044 3077/3077
f 3044/3044 3076/3076 3077/3077
f 2064/2064 2026/2026 2063/2063
f 2064/2064 2027/2027 2026/2026
f 2063/2063 2026/2026 2062/2062
f 2025/2025 2062/2062 2026/2026
f 1991/1991 2026/2026 2027/2027
f 1991/1991 1990/1990 2026/2026
f 2025/2025 2026/2026 1989/1989
f 1989/1989 2026/2026 1990/1990
f 2317/2317 2318/2318 2271/2271
f 2271/2271 2318/2318 2272/2272
f 2363/2363 2364/2364 2318/2318
f 2317/2317 2363/2363 2318/2318
f 2272/2272 2228/2228 2227/2227
f 2271/2271 2272/2272 2227/2227
f 2271/2271 2227/2227 2270/2270
f 2226/2226 2270/2270 2227/2227
f 2182/2182 2226/2226 2227/2227
f 2182/2182 2227/2227 2183/2183
f 2183/2183 2227/2227 2184/2184
f 2228/2228 2184/2184 2227/2227
f 2185/2185 2143/2143 2184/2184
f 2142/2142 2184/2184 2143/2143
f 2185/2185 2184/2184 2229/2229
f 2229/2229 2184/2184 2228/2228
f 2142/2142 2141/2141 2184/2184
f 2141/2141 2183/2183 2184/2184
f 2049/2049 2048/2048 2086/2086
f 2049/2049 2086/2086 2087/2087
f 2047/2047 2086/2086 2048/2048
f 2047/2047 2085/2085 2086/2086
f 2085/2085 2125/2125 2086/2086
f 2125/2125 2126/2126 2086/2086
f 2126/2126 2127/2127 2086/2086
f 2087/2087 2086/2086 2127/2127
f 2169/2169 2170/2170 2127/2127
f 2170/2170 2128/2128 2127/2127
f 2088/2088 2127/2127 2128/2128
f 2088/2088 2087/2087 2127/2127
f 2169/2169 2127/2127 2168/2168
f 2168/2168 2127/2127 2126/2126
f 2282/2282 2239/2239 2238/2238
f 2282/2282 2283/2283 2239/2239
f 2194/2194 2238/2238 2239/2239
f 2194/2194 2239/2239 2195/2195
f 2283/2283 2284/2284 2239/2239
f 2284/2284 2240/2240 2239/2239
f 2153/2153 2154/2154 2113/2113
f 2113/2113 2154/2154 2114/2114
f 2115/2115 2114/2114 2154/2154
f 2115/2115 2154/2154 2155/2155
f 2781/2781 2750/2750 2749/2749
f 2781/2781 2782/2782 2750/2750
f 2717/2717 2749/2749 2750/2750
f 2717/2717 2750/2750 2718/2718
f 2913/2913 2914/2914 2882/2882
f 2913/2913 2882/2882 2881/2881
f 2915/2915 2883/2883 2882/2882
f 2915/2915 2882/2882 2914/2914
f 2851/2851 2882/2882 2883/2883
f 2851/2851 2850/2850 2882/2882
f 2850/2850 2849/2849 2882/2882
f 2881/2881 2882/2882 2849/2849
f 2817/2817 2816/2816 2849/2849
f 2816/2816 2848/2848 2849/2849
f 2848/2848 2880/2880 2849/2849
f 2880/2880 2881/2881 2849/2849
f 2818/2818 2817/2817 2849/2849
f 2818/2818 2849/2849 2850/2850
f 2541/2541 2542/2542 2500/2500
f 2501/2501 2500/2500 2542/2542
f 2580/2580 2542/2542 2541/2541
f 2580/2580 2581/2581 2542/2542
f 3341/3341 3340/3340 3374/3374
f 3373/3373 3374/3374 3340/3340
f 3406/3406 3407/3407 3374/3374
f 3373/3373 3406/3406 3374/3374
f 3216/3216 3217/3217 3183/3183
f 3184/3184 3183/3183 3217/3217
f 3318/3318 3285/3285 3284/3284
f 3318/3318 3284/3284 3317/3317
f 3252/3252 3284/3284 3285/3285
f 3252/3252 3251/3251 3284/3284
f 3312/3312 3279/3279 3311/3311
f 3278/3278 3311/3311 3279/3279
f 3343/3343 3311/3311 3310/3310
f 3343/3343 3344/3344 3311/3311
f 3312/3312 3311/3311 3345/3345
f 3345/3345 3311/3311 3344/3344
f 3346/3346 3379/3379 3347/3347
f 3380/3380 3347/3347 3379/3379
f 3317/3317 3284/3284 3316/3316
f 3283/3283 3316/3316 3284/3284
f 3349/3349 3350/3350 3316/3316
f 3350/3350 3317/3317 3316/3316
f 3315/3315 3316/3316 3282/3282
f 3283/3283 3282/3282 3316/3316
f 3279/3279 3246/3246 3245/3245
f 3278/3278 3279/3279 3245/3245
f 3213/3213 3245/3245 3246/3246
f 3213/3213 3212/3212 3245/3245
f 3289/3289 3288/3288 3321/3321
f 3289/3289 3321/3321 3322/3322
f 3355/3355 3322/3322 3321/3321
f 3355/3355 3321/3321 3354/3354
f 3116/3116 3148/3148 3117/3117
f 3149/3149 3117/3117 3148/3148
f 3084/3084 3116/3116 3117/3117
f 3084/3084 3117/3117 3085/3085
f 3079/3079 3080/3080 3047/3047
f 3080/3080 3048/3048 3047/3047
f 3016/3016 3047/3047 3048/3048
f 3015/3015 3047/3047 3016/3016
f 2985/2985 2984/2984 3017/3017
f 3016/3016 3017/3017 2984/2984
f 2952/2952 2984/2984 2953/2953
f 2985/2985 2953/2953 2984/2984
f 3015/3015 3016/3016 2984/2984
f 3015/3015 2984/2984 2983/2983
f 2951/2951 2984/2984 2952/2952
f 2951/2951 2983/2983 2984/2984
f 3082/3082 3050/3050 3081/3081
f 3049/3049 3081/3081 3050/3050
f 3018/3018 3017/3017 3050/3050
f 3049/3049 3050/3050 3017/3017
f 3083/3083 3050/3050 3082/3082
f 3083/3083 3051/3051 3050/3050
f 3019/3019 3050/3050 3051/3051
f 3018/3018 3050/3050 3019/3019
f 2485/2485 2526/2526 2527/2527
f 2485/2485 2527/2527 2486/2486
f 2487/2487 2527/2527 2528/2528
f 2487/2487 2486/2486 2527/2527
f 2672/2672 2640/2640 2639/2639
f 2672/2672 2673/2673 2640/2640
f 2449/2449 2491/2491 2492/2492
f 2450/2450 2449/2449 2492/2492
f 2493/2493 2451/2451 2492/2492
f 2450/2450 2492/2492 2451/2451
f 2532/2532 2492/2492 2491/2491
f 2532/2532 2533/2533 2492/2492
f 2493/2493 2492/2492 2534/2534
f 2534/2534 2492/2492 2533/2533
f 2768/2768 2735/2735 2767/2767
f 2768/2768 2736/2736 2735/2735
f 2766/2766 2735/2735 2734/2734
f 2766/2766 2767/2767 2735/2735
f 2736/2736 2704/2704 2735/2735
f 2704/2704 2703/2703 2735/2735
f 2702/2702 2734/2734 2735/2735
f 2702/2702 2735/2735 2703/2703
f 2268/2268 2267/2267 2313/2313
f 2268/2268 2313/2313 2314/2314
f 2266/2266 2313/2313 2267/2267
f 2266/2266 2312/2312 2313/2313
f 2366/2366 2319/2319 2365/2365
f 2366/2366 2320/2320 2319/2319
f 2273/2273 2319/2319 2274/2274
f 2274/2274 2319/2319 2320/2320
f 2364/2364 2365/2365 2319/2319
f 2364/2364 2319/2319 2318/2318
f 2273/2273 2272/2272 2319/2319
f 2272/2272 2318/2318 2319/2319
f 2241/2241 2197/2197 2196/2196
f 2241/2241 2196/2196 2240/2240
f 2195/2195 2239/2239 2196/2196
f 2240/2240 2196/2196 2239/2239
f 2197/2197 2155/2155 2196/2196
f 2155/2155 2154/2154 2196/2196
f 2195/2195 2196/2196 2153/2153
f 2153/2153 2196/2196 2154/2154
f 2720/2720 2751/2751 2752/2752
f 2720/2720 2719/2719 2751/2751
f 2784/2784 2752/2752 2751/2751
f 2784/2784 2751/2751 2783/2783
f 2718/2718 2751/2751 2719/2719
f 2718/2718 2750/2750 2751/2751
f 2782/2782 2783/2783 2751/2751
f 2782/2782 2751/2751 2750/2750
f 2544/2544 2543/2543 2583/2583
f 2583/2583 2543/2543 2582/2582
f 2503/2503 2502/2502 2543/2543
f 2544/2544 2503/2503 2543/2543
f 2582/2582 2543/2543 2581/2581
f 2581/2581 2543/2543 2542/2542
f 2501/2501 2543/2543 2502/2502
f 2501/2501 2542/2542 2543/2543
f 3290/3290 3291/3291 3258/3258
f 3290/3290 3258/3258 3257/3257
f 3291/3291 3292/3292 3258/3258
f 3259/3259 3258/3258 3292/3292
f 3224/3224 3257/3257 3258/3258
f 3224/3224 3258/3258 3225/3225
f 3259/3259 3226/3226 3258/3258
f 3226/3226 3225/3225 3258/3258
f 3160/3160 3159/3159 3192/3192
f 3160/3160 3192/3192 3193/3193
f 3191/3191 3192/3192 3158/3158
f 3158/3158 3192/3192 3159/3159
f 3226/3226 3193/3193 3192/3192
f 3226/3226 3192/3192 3225/3225
f 3191/3191 3224/3224 3192/3192
f 3224/3224 3225/3225 3192/3192
f 3343/3343 3342/3342 3375/3375
f 3343/3343 3375/3375 3376/3376
f 3342/3342 3341/3341 3375/3375
f 3341/3341 3374/3374 3375/3375
f 3252/3252 3219/3219 3218/3218
f 3252/3252 3218/3218 3251/3251
f 3186/3186 3218/3218 3219/3219
f 3186/3186 3185/3185 3218/3218
f 3184/3184 3218/3218 3185/3185
f 3184/3184 3217/3217 3218/3218
f 3283/3283 3284/3284 3250/3250
f 3251/3251 3250/3250 3284/3284
f 3217/3217 3250/3250 3218/3218
f 3251/3251 3218/3218 3250/3250
f 3283/3283 3250/3250 3282/3282
f 3249/3249 3282/3282 3250/3250
f 3249/3249 3250/3250 3216/3216
f 3216/3216 3250/3250 3217/3217
f 3346/3346 3314/3314 3313/3313
f 3346/3346 3347/3347 3314/3314
f 3315/3315 3348/3348 3316/3316
f 3349/3349 3316/3316 3348/3348
f 3349/3349 3348/3348 3382/3382
f 3381/3381 3382/3382 3348/3348
f 3347/3347 3348/3348 3314/3314
f 3315/3315 3314/3314 3348/3348
f 3381/3381 3348/3348 3380/3380
f 3380/3380 3348/3348 3347/3347
f 3211/3211 3210/3210 3244/3244
f 3210/3210 3243/3243 3244/3244
f 3211/3211 3244/3244 3212/3212
f 3212/3212 3244/3244 3245/3245
f 3319/3319 3352/3352 3320/3320
f 3352/3352 3353/3353 3320/3320
f 3286/3286 3320/3320 3287/3287
f 3286/3286 3319/3319 3320/3320
f 3353/3353 3354/3354 3320/3320
f 3354/3354 3321/3321 3320/3320
f 3287/3287 3320/3320 3288/3288
f 3288/3288 3320/3320 3321/3321
f 3150/3150 3151/3151 3118/3118
f 3119/3119 3118/3118 3151/3151
f 3149/3149 3150/3150 3118/3118
f 3149/3149 3118/3118 3117/3117
f 2565/2565 2602/2602 2566/2566
f 2603/2603 2566/2566 2602/2602
f 2526/2526 2565/2565 2566/2566
f 2526/2526 2566/2566 2527/2527
f 2569/2569 2606/2606 2570/2570
f 2570/2570 2606/2606 2607/2607
f 2569/2569 2568/2568 2606/2606
f 2605/2605 2606/2606 2568/2568
f 2605/2605 2639/2639 2606/2606
f 2639/2639 2640/2640 2606/2606
f 2640/2640 2641/2641 2606/2606
f 2607/2607 2606/2606 2641/2641
f 2642/2642 2641/2641 2675/2675
f 2674/2674 2675/2675 2641/2641
f 2608/2608 2641/2641 2642/2642
f 2608/2608 2607/2607 2641/2641
f 2673/2673 2674/2674 2641/2641
f 2673/2673 2641/2641 2640/2640
f 2356/2356 2401/2401 2357/2357
f 2402/2402 2357/2357 2401/2401
f 2402/2402 2403/2403 2357/2357
f 2403/2403 2358/2358 2357/2357
f 2360/2360 2314/2314 2359/2359
f 2314/2314 2313/2313 2359/2359
f 2404/2404 2405/2405 2359/2359
f 2360/2360 2359/2359 2405/2405
f 2312/2312 2359/2359 2313/2313
f 2312/2312 2358/2358 2359/2359
f 2404/2404 2359/2359 2403/2403
f 2403/2403 2359/2359 2358/2358
f 3441/3441 3442/3442 3408/3408
f 3441/3441 3408/3408 3407/3407
f 3409/3409 3408/3408 3443/3443
f 3442/3442 3443/3443 3408/3408
f 3407/3407 3408/3408 3374/3374
f 3374/3374 3408/3408 3375/3375
f 3376/3376 3408/3408 3409/3409
f 3376/3376 3375/3375 3408/3408
f 3249/3249 3248/3248 3281/3281
f 3249/3249 3281/3281 3282/3282
f 3247/3247 3281/3281 3248/3248
f 3247/3247 3280/3280 3281/3281
f 3315/3315 3282/3282 3281/3281
f 3315/3315 3281/3281 3314/3314
f 3280/3280 3313/3313 3281/3281
f 3313/3313 3314/3314 3281/3281
f 3309/3309 3310/3310 3277/3277
f 3309/3309 3277/3277 3276/3276
f 3278/3278 3277/3277 3311/3311
f 3310/3310 3311/3311 3277/3277
f 3276/3276 3277/3277 3243/3243
f 3243/3243 3277/3277 3244/3244
f 3278/3278 3245/3245 3277/3277
f 3245/3245 3244/3244 3277/3277
f 3054/3054 3053/3053 3086/3086
f 3053/3053 3085/3085 3086/3086
f 3087/3087 3055/3055 3086/3086
f 3054/3054 3086/3086 3055/3055
f 3085/3085 3117/3117 3086/3086
f 3117/3117 3118/3118 3086/3086
f 3087/3087 3086/3086 3119/3119
f 3119/3119 3086/3086 3118/3118
f 2529/2529 2567/2567 2568/2568
f 2529/2529 2528/2528 2567/2567
f 2605/2605 2567/2567 2604/2604
f 2605/2605 2568/2568 2567/2567
f 2528/2528 2527/2527 2567/2567
f 2527/2527 2566/2566 2567/2567
f 2603/2603 2604/2604 2567/2567
f 2603/2603 2567/2567 2566/2566
f 2266/2266 2265/2265 2311/2311
f 2266/2266 2311/2311 2312/2312
f 2264/2264 2311/2311 2265/2265
f 2264/2264 2310/2310 2311/2311
f 2312/2312 2311/2311 2358/2358
f 2358/2358 2311/2311 2357/2357
f 2356/2356 2311/2311 2310/2310
f 2356/2356 2357/2357 2311/2311
f 1/1 2/2 1803/1803
f 1/1 1803/1803 1802/1802
f 2/2 3/3 1804/1804
f 2/2 1804/1804 1803/1803
f 3/3 4/4 1805/1805
f 3/3 1805/1805 1804/1804
f 4/4 5/5 1806/1806
f 4/4 1806/1806 1805/1805
f 5/5 6/6 1807/1807
f 5/5 1807/1807 1806/1806
f 6/6 7/7 1808/1808
f 6/6 1808/1808 1807/1807
f 7/7 8/8 1809/1809
f 7/7 1809/1809 1808/1808
f 8/8 9/9 1810/1810
f 8/8 1810/1810 1809/1809
f 9/9 10/10 1811/1811
f 9/9 1811/1811 1810/1810
f 10/10 11/11 1812/1812
f 10/10 1812/1812 1811/1811
f 11/11 12/12 1813/1813
f 11/11 1813/1813 1812/1812
f 12/12 13/13 1814/1814
f 12/12 1814/1814 1813/1813
f 13/13 14/14 1815/1815
f 13/13 1815/1815 1814/1814
f 14/14 15/15 1816/1816
f 14/14 1816/1816 1815/1815
f 15/15 16/16 1817/1817
f 15/15 1817/1817 1816/1816
f 16/16 17/17 1818/1818
f 16/16 1818/1818 1817/1817
f 17/17 18/18 1819/1819
f 17/17 1819/1819 1818/1818
f 18/18 19/19 1820/1820
f 18/18 1820/1820 1819/1819
f 19/19 1/1 1802/1802
f 19/19 1802/1802 1820/1820

